ID,Τύπος,"Κωδικός προϊόντος","GTIN, UPC, EAN, ή ISBN",Όνομα,Δημοσιευμένο,"Είναι προτεινόμενο;","Ορατότητα στον κατάλογο","Σύντομη περιγραφή",Περιγραφή,"Ημερομηνία έναρξης εκπτωτικής τιμής","Ημερομηνία λήξης εκπτωτικής τιμής","Κατάσταση φόρου","Κατηγορία φόρου","Σε απόθεμα;",Απόθεμα,"Χαμηλή ποσότητα αποθέματος","Να επιτρέπονται λίστες αναμονής;","Μεμονωμένη πώληση;","Βάρος (κ.)","Μήκος (cm)","Πλάτος (cm)","Ύψος (cm)","Να επιτρέπονται αξιολογήσεις πελάτη;","Σημείωση αγοράς","Τιμή προσφοράς","Κανονική τιμή",Κατηγορίες,Ετικέτες,"Κλάση αποστολής",Εικόνες,"Όριο μεταφόρτωσης","Ημέρες λήξης μεταφόρτωσης",Γονέας,"Ομαδοποιημένα προϊόντα","Αύξηση πωλήσεων","Προϊόντα παράλληλης πώλησης","Εξωτερικό URL","Κείμενο κουμπιού",Θέση,Μάρκες,"Όνομα ιδιότητας 1","Τιμή(ές) ιδιότητας 1","Ιδιότητα 1 ορατή","Ιδιότητα 1 καθολική","Όνομα ιδιότητας 2","Τιμή(ές) ιδιότητας 2","Ιδιότητα 2 ορατή","Ιδιότητα 2 καθολική","Όνομα ιδιότητας 3","Τιμή(ές) ιδιότητας 3","Ιδιότητα 3 ορατή","Ιδιότητα 3 καθολική","Meta: _supplier","Meta: _supplier_product_id","Meta: _barcode","Meta: _last_synced","Meta: _manufacturer","Meta: _tech_specs"
284405,simple,9995237,,"Κρεβάτι παιδικό Houser",1,0,visible,,"<p>Μετατρέψτε τον ύπνο του παιδιού σας σε μαγική περιπέτεια με το παιδικό κρεβάτι Houser! Ένα μοναδικό έπιπλο που συνδυάζει την ποιότητα κατασκευής με τη δημιουργική διακόσμηση. Το πρωτότυπο design τύπου Montessori προσφέρει μια ξεχωριστή αισθητική στο υπνοδωμάτιο, μετατρέποντάς το σε χώρο φαντασίας.</p> <p>Κατασκευασμένο από ανθεκτικό ξύλο πεύκου σε φυσικό χρώμα και με προσεκτικά επιλεγμένα υλικά, το Houser θα αποτελέσει τον πιο ασφαλή και άνετο φίλο για τα όνειρα του παιδιού σας. Η μοναδική του σχεδίαση με στοιχεία κατοικίας και περιμετρικά κάγκελα δημιουργεί έναν ονειρικό χώρο ύπνου που εμπνέει τη φαντασία χωρίς να κάνει συμβιβασμούς στην ποιότητα και την ασφάλεια.</p>",,,taxable,,1,52,,0,0,37.5,96,196,145.5,1,,,"249,89",Υπνοδωμάτιο,κρεβάτι,,https://eboy.gr/app/uploads/sites/2/2026/05/krebati-paidiko-me-stroma-fb921315-xylo-.webp,,,,,,,,,0,B2BMarkt,ύψος,"145.5 εκ.",1,1,πλάτος,"196 εκ.",1,1,μήκος,"96 εκ.",1,1,B2BMarkt,75717,,"2026-05-09 23:01:00",B2BMarkt,"<ul>
<li>Κατασκευή από ξύλο πεύκου σε φυσικό χρώμα με αντοχή στη φθορά</li>
<li>Σκελετός κρεβατιού με σχήμα σπιτιού που περιλαμβάνει καμινάδα και περιμετρικά κάγκελα ασφαλείας ύψους 40 εκ.</li>
<li>Τοποθέτηση στρώματος σε τάβλες από κόντρα πλακέ για βέλτιστη αερισμό</li>
<li>Συμπεριλαμβανόμενο στρώμα τεχνολογίας συνεχόμενων ελατηρίων μονής όψης (δεν αναποδογυρίζεται)</li>
<li>Επιφάνεια που καθαρίζεται εύκολα με υγρό πανί, διατηρώντας την εμφάνιση της νέας επίπλωσης</li>
</ul>"
284407,simple,9995238,,"Παιδικό κρεβάτι Houser",1,0,visible,,"<!DOCTYPE html> <html lang=""el""> <head> <meta charset=""UTF-8""> <title>Παιδικό Κρεβάτι HOUSER</title> <style> .container { max-width: 700px; margin: 20px auto; line-height: 1.4; } </style> </head> <body> <div class=""container""> <p>Μετατρέψτε το υπνοδωμάτιο σε ένα μαγικό κόσμο με το παιδικό κρεβάτι HOUSER, ένα μοναδικό έπιπλο που εμπνέει τη φαντασία από την πρώτη κιόλας νύχτα! Το ιδιαίτερο σχήμα του σπιτιού με την καμινάδα δημιουργεί έναν παραμυθένιο χώρο μάθησης και παιχνιδιού, ενώ παράλληλα προσφέρει μέγιστη ασφάλεια χάρη στα ανθεκτικά περιμετρικά κάγκελα.</p> <p>Κατασκευασμένο από υψηλής ποιότητας ξύλο πεύκου σε λευκό χρώμα, το κρεβάτι είναι σχεδιασμένο να φιλοξενήσει στρώμα διαστάσεων 90x190εκ. Το ενσωματωμένο σύστημα τάβλων από κόντρα-πλακέ εξασφαλίζει την ιδανική στήριξη του στρώματος τεχνολογίας συνεχόμενων ελατηρίων, προσφέροντας απαράμιλλη άνεση και υγιεινή χρήση (μονής όψης). Ένα έπιπλο που συνδυάζει με αρμονία τη λειτουργικότητα με το στυλ, δημιουργώντας ένα ονειρεμένο χώρο για τα πιο όμορφα παιδικά χρόνια.</p> </div> </body> </html>",,,taxable,,1,75,,0,0,37.5,96,196,145.5,1,,,"249,89",Υπνοδωμάτιο,κρεβάτι,,https://eboy.gr/app/uploads/sites/2/2026/05/krebati-paidiko-me-stroma-fb92131501-xyl.webp,,,,,,,,,0,B2BMarkt,ύψος,"145.5 εκ.",1,1,πλάτος,"196 εκ.",1,1,μήκος,"96 εκ.",1,1,B2BMarkt,75718,,"2026-05-09 23:01:34",B2BMarkt,"<ul>
<li>Κατασκευή από ξύλο πεύκου με λευκή βαφή</li>
<li>Σχεδιασμός σχήματος σπιτιού με ενσωματωμένη καμινάδα και προστατευτικά κάγκελα ύψους 40 εκ.</li>
<li>Υποδοχή στρώματος σε τάβλες από κόντρα πλακέ για βέλτιστη στήριξη</li>
<li>Στρώμα τεχνολογίας συνεχόμενων ελατηρίων μονής όψης, διαστάσεων 90x190 εκ. με ύψος 18 εκ.</li>
<li>Επιφάνεια εύκολη στον καθαρισμό με απλό υγρό πανί</li>
</ul>"
284409,simple,0613148,5208067211918,"Σαλόνι Memfis",1,0,visible,,"<p>Απολαύστε την απόλυτη εμπειρία χαλάρωσης στον εξωτερικό σας χώρο με το εντυπωσιακό σαλόνι MEMFIS. Σχεδιασμένο για να μεταμορφώσει τον κήπο ή τη βεράντα σας σε ένα κομψό καταφύγιο, αυτό το σετ σαλονιού συνδυάζει αισθητική αρτιότητα και πρακτικότητα. Η μοντέρνα γκρι απόχρωση προσδίδει μια εκλεπτυσμένη πινελιά στον περιβάλλοντα χώρο, ενώ η υψηλή ποιότητα κατασκευής αλουμινίου εγγυάται αντοχή στις καιρικές συνθήκες.</p> <p>Φανταστείτε να χαλαρώνετε στους άνετους καναπέδες του MEMFIS με την οικογένεια και τους φίλους σας, περιτριγυρισμένοι από στυλ και άνεση. Το σετ προσφέρει έναν αρμονικό συνδυασμό καθισμάτων και τραπεζιών, δημιουργώντας το ιδανικό σημείο συνάντησης για κάθε περίσταση. Επενδύστε σε μια διαχρονική προσθήκη που θα αναβαθμίσει τον εξωτερικό σας χώρο και θα χαρίσει στιγμές χαλάρωσης για χρόνια.</p>",,,taxable,,1,38,,0,0,69.9,72,208,70,1,,,899,"Κήπος & Εξωτερικός Χώρος",τραπέζι,,https://eboy.gr/app/uploads/sites/2/2026/05/set-saloni-exchoroy-5tmch-fb9647001-aloy.webp,,,,,,,,,0,B2BMarkt,ύψος,"70 εκ.",1,1,πλάτος,"208 εκ.",1,1,μήκος,"72 εκ.",1,1,B2BMarkt,75720,5208067211918,"2026-05-09 23:02:07",B2BMarkt,"<ul>
<li>Σκελετός κατασκευασμένος από αλουμίνιο υψηλής αντοχής, με προστασία ενάντια στη διάβρωση μέσω ηλεκτροστατικής βαφής.</li>
<li>Επένδυση πλάτης με ανθεκτικό σχοινί διαμέτρου 5mm σε γκρι χρώμα για άνεση και μοντέρνο σχεδιασμό.</li>
<li>Κεραμικές επιφάνειες στα τραπεζάκια με αντοχή στους εξωτερικούς παράγοντες και εύκολο καθαρισμό.</li>
<li>Σχεδιασμός που επιτρέπει την αφαίρεση των μαξιλαριών για πλύσιμο.</li>
<li>Ελαφρύ σύνολο λόγω της χρήσης αλουμινίου, διευκολύνοντας τη μεταφορά και τοποθέτηση.</li>
</ul>"
284411,simple,0613150,5208067211994,"Σαλόνι Memfis",1,0,visible,,"<p>Ανακαλύψτε την τέλεια ισορροπία μεταξύ στυλ και άνεσης με το Σαλόνι MEMFIS. Σχεδιασμένο ειδικά για να μεταμορφώσει κάθε εξωτερικό χώρο σε προσωπικό παράδεισο χαλάρωσης, αυτό το σετ σαλονιού συνδυάζει άψογα τη μοντέρνα αισθητική με την κορυφαία ποιότητα κατασκευής.<br /> Η λευκή απόχρωση προσθέτει μια νότα καθαρής κομψότητας, ενώ η ανθεκτική κατασκευή αλουμινίου εξασφαλίζει μακροχρόνια απόλαυση ακόμη και στις πιο απαιτητικές καιρικές συνθήκες. Φανταστείτε να απολαμβάνετε στιγμές χαλάρωσης με την οικογένεια και φίλους σε έναν χώρο που συνδυάζει αρμονικά το στυλ με την πρακτικότητα.</p>",,,taxable,,1,36,,0,0,69.9,75,214,77,1,,,899,"Κήπος & Εξωτερικός Χώρος",τραπέζι,,https://eboy.gr/app/uploads/sites/2/2026/05/set-saloni-exchoroy-5tmch-fb9647003-aloy.webp,,,,,,,,,0,B2BMarkt,ύψος,"77 εκ.",1,1,πλάτος,"214 εκ.",1,1,μήκος,"75 εκ.",1,1,B2BMarkt,75721,5208067211994,"2026-05-09 23:02:37",B2BMarkt,"<ul>
<li>Κατασκευή από σκελετό αλουμινίου με ηλεκτροστατική βαφή (powder coating) για προστασία από τη σκουριά και αντοχή στις καιρικές συνθήκες.</li>
<li>Επένδυση πλάτης με σχοινί διαμέτρου Φ5mm σε μπεζ της άμμου, προσφέροντας μοντέρνο σχεδιασμό και άνεση.</li>
<li>Κεραμικές επιφάνειες στα τραπεζάκια με ανθεκτικότητα στους λεκέδες και τις μεταβολές θερμοκρασίας.</li>
<li>Σετ περιλαμβάνει 3θέσιο καναπέ, 2 πολυθρόνες και 2 στρογγυλά τραπεζάκια για πλήρη διάταξη εξωτερικού χώρου.</li>
<li>Ελαφρύ συνολικό βάρος λόγω χρήσης αλουμινίου, διευκολύνοντας τη μεταφορά και τοποθέτηση.</li>
</ul>"
284413,simple,0613096,5208067205283,"Σετ σαλονιού Stream",1,0,visible,,"<!DOCTYPE html> <html lang=""el""> <head> <meta charset=""UTF-8""> <title>Σετ Σαλονιού STREAM</title> </head> <body> <p>Ανανεώστε τον εξωτερικό σας χώρο με το σετ σαλονιού Stream, μια κομψή επιλογή για στιγμές χαλάρωσης. Το σετ συνδυάζει την αστική κομψότητα με την ανθεκτικότητα των εξωτερικών συνθηκών.</p> <p>Δημιουργήστε το ιδανικό περιβάλλον στον κήπο ή τη βεράντα σας, απολαμβάνοντας μοντέρνο design σε πράσινες και ανθρακί αποχρώσεις. Το Stream προσφέρει έναν μοναδικό συνδυασμό άνεσης και στυλ, μετατρέποντας κάθε εξωτερικό χώρο σε προσωπικό παράδεισο. Η αρμονική σύνθεση καναπέδων, πολυθρονών και τραπεζιών δημιουργεί ένα ελκυστικό σύνολο που εντυπωσιάζει και χαρίζει μοναδικές στιγμές.</p> </body> </html>",,,taxable,,1,9,,0,0,87.1,81,224,85,1,,,1575,"Κήπος & Εξωτερικός Χώρος",τραπέζι,,https://eboy.gr/app/uploads/sites/2/2026/05/set-saloni-5tmch-fb9642607-prasino-aloym.webp,,,,,,,,,0,B2BMarkt,ύψος,"85 εκ.",1,1,πλάτος,"224 εκ.",1,1,μήκος,"81 εκ.",1,1,B2BMarkt,75722,5208067205283,"2026-05-09 23:03:07",B2BMarkt,"<ul>
<li>Σκελετός από αλουμίνιο με ηλεκτροστατική βαφή υψηλής αντοχής στην εξωτερική χρήση</li>
<li>Πλέξη κατασκευασμένη από ανθεκτικό σχοινί strap σε ανθρακί χρώμα</li>
<li>Μαξιλάρια με αφαιρούμενα καλύμματα από Olefin ύφασμα, αδιάβροχα και ανθεκτικά στις καιρικές συνθήκες</li>
<li>Επιφάνειες τραπεζιών από 3D printed γυαλί (Glass Top) με ανθρακί φινίρισμα</li>
<li>Μπράτσα κατασκευασμένα από φυσικό ξύλο Teak, επεξεργασμένο για εξωτερική χρήση</li>
</ul>"
284415,simple,0613152,5208067205832,"Πολυθρόνα Alu Xantion",1,0,visible,,"<p>Ανακαλύψτε την τέλεια πολυθρόνα για τον εξωτερικό σας χώρο! Το ΧΑΝΤΙΟΝ είναι μια κομψή επιλογή που συνδυάζει αρμονικά τη μοντέρνα αισθητική με την απόλυτη άνεση. Κατασκευασμένη από ανθεκτικό αλουμίνιο και εξοπλισμένη με αναπαυτικά μαξιλάρια σε γκρι απόχρωση, προσφέρει ένα χαλαρωτικό καταφύγιο στη βεράντα ή τον κήπο σας.</p> <p>Με εργονομικό σχεδιασμό και διαστάσεις 71.5 x 77 εκ., αποτελεί ιδανική επιλογή για στιγμές χαλάρωσης χωρίς συμβιβασμούς στην ποιότητα. Η ξεχωριστή της εμφάνιση θα αναδείξει κάθε εξωτερικό χώρο, ενώ η ανθεκτικότητά της εξασφαλίζει μακροχρόνια απόλαυση.</p>",,,taxable,,1,10,,0,0,,77,71.5,70.5,1,,,"299,9","Κήπος & Εξωτερικός Χώρος",πολυθρόνα,,https://eboy.gr/app/uploads/sites/2/2026/05/polythrona-aloyminioy-fb9647101-me-schoi.webp,,,,,,,,,0,B2BMarkt,ύψος,"70.5 εκ.",1,1,πλάτος,"71.5 εκ.",1,1,μήκος,"77 εκ.",1,1,B2BMarkt,75723,5208067205832,"2026-05-09 23:03:37",B2BMarkt,"<ul>
<li>Σκελετός κατασκευασμένος από αλουμίνιο με ηλεκτροστατική βαφή για αυξημένη αντοχή στις καιρικές συνθήκες</li>
<li>Πλήρως ανακυκλώσιμο υλικό με φυσική αντίσταση στη διάβρωση και μηδενικό κίνδυνο σκουριάς</li>
<li>Αναπαυτικό κάθισμα με ευρύχωρο σχεδιασμό</li>
<li>Εύκολη μετακίνηση λόγω της ελαφριάς κατασκευής από αλουμίνιο</li>
<li>Διαθέτει ανθεκτικό σχοινί για επιπλέον στήριξη και άνεση</li>
<li>Προσφέρει προστασία UV μέσω της ειδικής βαφής του σκελετού</li>
</ul>"
284417,simple,0613151,5208067205818,"Πολυθρόνα Alu Xantion",1,0,visible,,"<!DOCTYPE html> <html lang=""el""> <head> <meta charset=""UTF-8""> <title>Πολυθρόνα Alu Xantion</title> </head> <body> <p>Μεταφέρετε τη πολυτελή ατμόσφαιρα ενός lounge στο σπίτι σας με την Πολυθρόνα Alu Xantion. Σχεδιασμένη για να προσφέρει μοναδική άνεση και στυλ στον εξωτερικό σας χώρο, συνδυάζει αριστοτεχνικά το αλουμίνιο με το σχοινί σε μια αρμονική σύνθεση λευκού.</p> <p>Απολαύστε στιγμές χαλάρωσης στη βεράντα ή τον κήπο σας, χάρη στο αναπαυτικό κάθισμα και την εργονομική σχεδίαση που αγκαλιάζει το σώμα. Η μοντέρνα αισθητική της ταιριάζει απόλυτα τόσο σε οικιακούς όσο και σε επαγγελματικούς χώρους φιλοξενίας, δημιουργώντας μια premium ατμόσφαιρα.</p> </body> </html>",,,taxable,,1,18,,0,0,,77,71.5,70.5,1,,,"299,9","Κήπος & Εξωτερικός Χώρος",πολυθρόνα,,https://eboy.gr/app/uploads/sites/2/2026/05/polythrona-aloyminioy-fb9647102-me-schoi.webp,,,,,,,,,0,B2BMarkt,ύψος,"70.5 εκ.",1,1,πλάτος,"71.5 εκ.",1,1,μήκος,"77 εκ.",1,1,B2BMarkt,75725,5208067205818,"2026-05-09 23:04:09",B2BMarkt,"<ul>
<li>Σκελετός κατασκευασμένος από αλουμίνιο με ηλεκτροστατική βαφή για αυξημένη αντοχή στις καιρικές συνθήκες και μακροχρόνια προστασία.</li>
<li>Πλήρως ανακυκλώσιμο υλικό ο σκελετού, μη-σκουριαστό και ανθεκτικό στη διάβρωση λόγω του φυσικού προστατευτικού στρώματος οξειδίου.</li>
<li>Εργονομικό κάθισμα με χαμηλό προφίλ για μέγιστη άνεση κατά τη χρήση.</li>
<li>Διαθέτει ρυθμιζόμενα μαξιλάρια που επιτρέπουν την προσαρμογή της άνεσης.</li>
<li>Η επιφάνεια στήριξης από σχοινί προσφέρει μοναδική αισθητική και αντοχή στην ηλιακή ακτινοβολία.</li>
</ul>"
284419,simple,0613157,5208067205924,"Ημέρα ξαπλώστρας Xantion",1,0,visible,,"<p>Ανακαλύψτε την απόλυτη εμπειρία χαλάρωσης με το daybed XANTION - τον τέλειο συνδυασμό στυλ και άνεσης για τον εξωτερικό σας χώρο. Σχεδιασμένο για να γίνει το επίκεντρο της ημέρας σας, αυτό το διπλό daybed συνδυάζει αρμονικά την κομψότητα με την ανθεκτικότητα.</p> <p>Απολαύστε στιγμές ηρεμίας δύο ατόμων σε ένα μοντέρνο περιβάλλον που συνδυάζει σκούρες αποχρώσεις και φυσικές υφές. Ο στιβαρός σκελετός από αλουμίνιο εξασφαλίζει μακροχρόνια αντοχή, ενώ η μαλακή επένδυση από σχοινί προσφέρει μοναδική αίσθηση ευεξίας. Δημιουργήστε τον προσωπικό σας παράδεισο χαλάρωσης, όπου κάθε στιγμή μπορεί να γίνει μια αξέχαστη εμπειρία.</p>",,,taxable,,1,1,,0,0,48,147,157,88,1,,,1099,"Κήπος & Εξωτερικός Χώρος",ξαπλώστρα,,https://eboy.gr/app/uploads/sites/2/2026/05/daybed-fb9647401-skoyro-gkri-aloyminio-s.webp,,,,,,,,,0,B2BMarkt,ύψος,"88 εκ.",1,1,πλάτος,"157 εκ.",1,1,μήκος,"147 εκ.",1,1,B2BMarkt,75726,5208067205924,"2026-05-09 23:04:40",B2BMarkt,"<ul>
<li>Σκελετός από ανθεκτικό αλουμίνιο σκούρου γκρι χρώματος</li>
<li>Επένδυση με σχοινί πάχους 6mm σε σκούρο γκρι χρώμα για στυλ και σταθερότητα</li>
<li>Μαξιλάρια επενδυμένα με ύφασμα OLEFIN 360g/m² υψηλής αντοχής στις καιρικές συνθήκες</li>
<li>Μοντέρνος σχεδιασμός με καθαρές γραμμές και έμφαση στην άνεση δύο ατόμων</li>
<li>Ύψος καθίσματος: 42 εκ., ύψος μπράτσων: 64 εκ.</li>
</ul>"
284421,simple,0613158,5208067205917,"Ημέρα ξαπλώστρας Xantion",1,0,visible,,"<p>Ανακαλύψτε το διπλό daybed XANTION - την απόλυτη επιλογή για όσους αναζητούν την τέλεια ισορροπία μεταξύ στυλ και άνεσης στον εξωτερικό τους χώρο. Με μοντέρνο σχεδιασμό σε ΛΕΥΚΟ χρώμα, αυτό το έπιπλο συνδυάζει αρμονικά την κομψότητα με τη λειτουργικότητα.</p> <p>Φανταστείτε ένα σημείο χαλάρωσης όπου δύο άτομα μπορούν να απολαύσουν στιγμές ηρεμίας και γαλήνης, περιτριγυρισμένοι από τον φυσικό κόσμο. Ο ανθεκτικός σκελετός αλουμινίου εγγυάται μακροχρόνια αντοχή, ενώ η επένδυση από σχοινί προσδίδει μια μοναδική αισθητική και απτική απόλαυση. Απολαύστε τις ζεστές μέρες του χρόνου σε ένα μέρος που συνδυάζει την ποιότητα με το απαράμιλλο στυλ.</p>",,,taxable,,1,8,,0,0,48,147,157,88,1,,,1099,"Κήπος & Εξωτερικός Χώρος",ξαπλώστρα,,https://eboy.gr/app/uploads/sites/2/2026/05/daybed-fb9647402-leyko-aloyminio-schoini.webp,,,,,,,,,0,B2BMarkt,ύψος,"88 εκ.",1,1,πλάτος,"157 εκ.",1,1,μήκος,"147 εκ.",1,1,B2BMarkt,75727,5208067205917,"2026-05-09 23:05:12",B2BMarkt,"<ul>
<li>Σκελετός από αλουμίνιο υψηλής αντοχής σε λευκό χρώμα</li>
<li>Επένδυση με σχοινί πάχους 6mm και ανοιχτής γκρι αποχρώσεως για στυλ και σταθερότητα</li>
<li>Μαξιλάρια επενδυμένα με ύφασμα Olefin 360g/m² ανθεκτικά στις καιρικές συνθήκες</li>
<li>Επιφάνεια επαφής από ανθεκτικό σχοινί που επιτρέπει καλό αερισμό</li>
<li>Μοντέρνος σχεδιασμός με καθαρές γραμμές και φωτεινές αποχρώσεις</li>
</ul>"
284423,simple,0613289,5208067209908,"Ξαπλώστρα αλουμινίου Marimar",1,0,visible,,"<p>Αποδράστε στην άνεση με την ξαπλώστρα MARIMAR - τον απόλυτο σύμμαχο για τις καλοκαιρινές σας στιγμές χαλάρωσης. Ο κομψός σχεδιασμός της συνδυάζει τη μοντέρνα αισθητική με την απόλυτη πρακτικότητα, δημιουργώντας ένα διαχρονικό κομμάτι για τον εξωτερικό σας χώρο.</p> <p>Με σκελετό από ανθεκτικό αλουμίνιο σε γήινη απόχρωση taupe και επένδυση από υψηλής ποιότητας ύφασμα textilene, η ξαπλώστρα προσφέρει μοναδική αίσθηση πολυτέλειας. Η εργονομική πλάτη με ρυθμιζόμενα επίπεδα παρέχει την τέλεια στήριξη, ενώ το μπεζ χρώμα της εναρμονίζεται αρμονικά με τη φύση, δημιουργώντας μια χαλαρωτική ατμόσφαιρα.</p>",,,taxable,,1,76,,0,0,10.52,67.5,220,31.5,1,,,"199,9","Κήπος & Εξωτερικός Χώρος",ξαπλώστρα,,https://eboy.gr/app/uploads/sites/2/2026/05/xaplostra-aloyminioy-fb9656203-skeletos-.webp,,,,,,,,,0,B2BMarkt,ύψος,"31.5 εκ.",1,1,πλάτος,"220 εκ.",1,1,μήκος,"67.5 εκ.",1,1,B2BMarkt,75728,5208067209908,"2026-05-09 23:05:43",B2BMarkt,"<ul>
<li>Σκελετός από αλουμίνιο υψηλής αντοχής και ποιότητας, χρώματος Taupe.</li>
<li>Επιφάνεια καθίσματος κατασκευασμένη από ανθεκτικό ύφασμα textilene σε μπεζ απόχρωση.</li>
<li>Ρυθμιζόμενη πλάτη με 4 θέσεις κλίσης και επίπεδη θέση για εξατομικευμένη χρήση.</li>
<li>Ανθεκτικότητα στην εξωτερική χρήση λόγω της ποιότητας των υλικών.</li>
<li>Ελαφρύ βάρος που διευκολύνει τη μεταφορά και αποθήκευση.</li>
</ul>"
284425,simple,0535930,5208067210980,"Τραπέζι σαλονιού Concrete",1,0,visible,,"<p>Ανακαλύψτε το μοναδικό τραπέζι σαλονιού με επιφάνεια σε απόχρωση CONCRETE, που θα μεταμορφώσει τον εξωτερικό σας χώρο. Σχεδιασμένο για να αντέχει στον χρόνο και τις καιρικές συνθήκες, συνδυάζει την ανθεκτικότητα με την κομψότητα. Η τετράγωνη επιφάνειά του, πάχους 12mm, είναι ιδανική για καθημερινή χρήση και επαφή με τρόφιμα, ενώ το φιλικό προς το περιβάλλον υλικό του προσφέρει ηρεμία.</p> <p>Ιδανικό για κάθε χώρο εστίασης - από καφετέριες μέχρι τουριστικά καταλύματα - αυτό το τραπέζι προσαρμόζεται εύκολα στις ανάγκες σας χάρη στην ευέλικτη βάση του. Η μοντέρνα αισθητική του CONCRETE σε συνδυασμό με την πρακτικότητα, το καθιστούν απαραίτητη επιλογή για όσους αναζητούν ποιότητα και στυλ στον εξωτερικό τους χώρο.</p>",,,taxable,,1,51,,0,0,6.7,60,60,,1,,,"36,53","Κήπος & Εξωτερικός Χώρος",τραπέζι,,https://eboy.gr/app/uploads/sites/2/2026/05/epifaneia-trapezioy-hpl-tetragoni-fb9583-6.webp,,,,,,,,,0,B2BMarkt,πλάτος,"60 εκ.",1,1,μήκος,"60 εκ.",1,1,,,,,B2BMarkt,75729,5208067210980,"2026-05-09 23:06:14",B2BMarkt,"<ul>
<li>Κατασκευή από HPL υψηλής πίεσης με συνθετική ρητίνη</li>
<li>Ματ και γυαλιστερό φινίρισμα επιφάνειας</li>
<li>Ανθεκτική σε χτυπήματα, τριβή και λεκέδες</li>
<li>Μηδενική ανάπτυξη βακτηρίων στην επιφάνεια</li>
<li>Πάχος τραπεζιού: 12mm</li>
<li>Μεταβλητή βάση διαστάσεων 25x25εκ έως 55x55εκ</li>
<li>Κατάλληλο για επαφή με τρόφιμα (FDA compliant)</li>
<li>Ανθεκτικό στις καιρικές συνθήκες για εξωτερική χρήση</li>
</ul>"
284427,simple,0535913,5208067211390,"Τραπέζι σαλονιού Hpl Square Oak",1,0,visible,,"<!DOCTYPE html> <html lang=""el""> <head> <meta charset=""UTF-8""> <title>Τραπέζι Σαλονιού Hpl Square Oak</title> </head> <body> <p>Αναβαθμίστε το χώρο σας με το κομψό Τραπέζι Σαλονιού Hpl Square Oak, μια επιλογή που συνδυάζει τέλεια λειτουργικότητα και στυλ. Η τετράγωνη επιφάνεια σε απόχρωση δρυός (sonama oak) προσθέτει ζεστασιά σε κάθε περιβάλλον, είτε πρόκειται για εσωτερικούς χώρους όπως σαλόνια ή επαγγελματικούς χώρους, είτε για εξωτερικούς όπου ταιριάζει απόλυτα.</p> <p>Απαρατήρητα ανθεκτικό και εύκολο στη συντήρηση, το τραπέζι αυτό προσφέρει απόλυτη ασφάλεια για επαφή με τρόφιμα. Η υψηλής ποιότητας κατασκευή του εξασφαλίζει μακροχρόνια χρήση, ενώ η ευελιξία στο μέγεθος της βάσης (25-55εκ) το καθιστά ιδανική λύση για κάθε ανάγκη διακόσμησης εξωτερικού χώρου. Αποκτήστε ένα έπιπλο που συνδυάζει την αισθητική αξία με τη χρηστικότητα.</p> </body> </html>",,,taxable,,1,84,,0,0,6.7,60,60,,1,,,"36,53","Κήπος & Εξωτερικός Χώρος",τραπέζι,,https://eboy.gr/app/uploads/sites/2/2026/05/epifaneia-trapezioy-hpl-tetragoni-fb9583-7.webp,,,,,,,,,0,B2BMarkt,πλάτος,"60 εκ.",1,1,μήκος,"60 εκ.",1,1,,,,,B2BMarkt,75730,5208067211390,"2026-05-09 23:06:47",B2BMarkt,"<ul>
<li>Κατασκευή από High Pressure Laminate (HPL) με βάση συνθετική ρητίνη</li>
<li>Ανθεκτική επιφάνεια πάχους 12mm με επιλογές ματ και γυαλιστερού φινιρίσματος</li>
<li>Αδιάβροχο υλικό κατάλληλο για επαφή με τρόφιμα</li>
<li>Υψηλή αντοχή σε χτυπήματα, τριβή και λεκέδες</li>
<li>Εύκολη προσαρμογή διαγώνιας βάσης (25x25εκ - 55x55εκ)</li>
<li>Ανθεκτικό στη δημιουργία βακτηρίων</li>
</ul>"
284429,simple,0535912,5208067211000,"Τραπέζι Travertine Square",1,0,visible,,"<p>Ανακαλύψτε την αυθεντική αισθητική της πέτρας στον εξωτερικό σας χώρο με το εντυπωσιακό Τραπέζι Travertine Square. Η τετράγωνη επιφάνεια από travertino προσδίδει μια διαχρονική κομψότητα, συνδυάζοντας αρμονικά λειτουργικότητα και στυλ. Ιδανικό για επαγγελματικούς χώρους εστίασης και ιδιωτικές βεράντες, προσφέρει ένα μοναδικό σημείο συνάντησης που συνδυάζει την αντοχή στη φύση με την αισθητική του εσωτερικού χώρου.</p> <p>Χαρίστε στους καλεσμένους σας μια ξεχωριστή εμπειρία, απολαμβάνοντας γεύματα σε ένα τραπέζι που αναδεικνύει τη φυσική ομορφιά της πέτρας. Η ανθεκτική κατασκευή του με πάχος 12mm και η ευέλικτη βάση του (25x25εκ έως 55x55εκ) εξασφαλίζουν μακροχρόνια χρήση και άνεση.</p>",,,taxable,,1,87,,0,0,6.55,60,60,,1,,,"36,53","Κήπος & Εξωτερικός Χώρος",τραπέζι,,https://eboy.gr/app/uploads/sites/2/2026/05/epifaneia-trapezioy-hpl-tetragoni-fb9583-8.webp,,,,,,,,,0,B2BMarkt,πλάτος,"60 εκ.",1,1,μήκος,"60 εκ.",1,1,,,,,B2BMarkt,75731,5208067211000,"2026-05-09 23:07:18",B2BMarkt,"<ul>
<li>Επιφάνεια κατασκευασμένη από HPL με βάση συνθετική ρητίνη</li>
<li>Ανθεκτικό σε χτυπήματα και τριβή λόγω της σκληρότητας του υλικού</li>
<li>Αντίσταση στους λεκέδες και εύκολη συντήρηση</li>
<li>Ματ ή γυαλιστερό φινίρισμα επιφάνειας</li>
<li>Κατάλληλο για επαφή με τρόφιμα (food-safe)</li>
<li>Φιλικό προς το περιβάλλον υλικό κατασκευής</li>
<li>Προσαρμόσιμη βάση διαστάσεων 25x25εκ έως 55x55εκ</li>
</ul>"
284431,simple,0613149,5208067211956,"Σαλόνι εξωτ.χώρου 5τμχ Memfis",1,0,visible,,"<p>Ανακαλύψτε το απόλυτο σημείο χαλάρωσης για τον εξωτερικό σας χώρο! Το σετ σαλονιού MEMFIS σε απαλή απόχρωση apricot συνδυάζει την κομψότητα με τη λειτουργικότητα, δημιουργώντας έναν μοναδικό χώρο αναψυχής. Σχεδιασμένο να αντέχει στις καιρικές συνθήκες, προσφέρει μακροχρόνια απόλαυση χωρίς συμβιβασμούς στην αισθητική.</p> <p>Δημιουργήστε τις ιδανικές στιγμές για εσάς και τους αγαπημένους σας στον κήπο ή τη βεράντα, απολαμβάνοντας άνεση και στυλ. Το σετ περιλαμβάνει όλα τα απαραίτητα έπιπλα, δημιουργώντας μια αρμονική σύνθεση που θα αναδείξει τον εξωτερικό σας χώρο σε ένα πραγματικό καταφύγιο χαλάρωσης.</p>",,,taxable,,1,24,,0,0,69.9,72,208,70,1,,,899,"Κήπος & Εξωτερικός Χώρος",τραπέζι,,https://eboy.gr/app/uploads/sites/2/2026/05/set-saloni-exchoroy-5tmch-fb9647002-aloy.webp,,,,,,,,,0,B2BMarkt,ύψος,"70 εκ.",1,1,πλάτος,"208 εκ.",1,1,μήκος,"72 εκ.",1,1,B2BMarkt,75736,5208067211956,"2026-05-09 23:07:51",B2BMarkt,"<ul>
<li>Σκελετός από αλουμίνιο με ηλεκτροστατική βαφή για αντοχή στη σκουριά και μακροχρόνια προστασία</li>
<li>Επένδυση πλάτης με σχοινί διαμέτρου Φ5mm σε απόχρωση apricot για μοντέρνο σχεδιασμό</li>
<li>Κεραμικές επιφάνειες στα τραπεζάκια με υψηλή ανθεκτικότητα στις καιρικές συνθήκες</li>
<li>Ελαφρύ σύνολο που επιτρέπει εύκολη μετακίνηση και τοποθέτηση στον εξωτερικό χώρο</li>
<li>Μοντέρνα αισθητική με ενιαίο σχεδιασμό καναπέ, πολυθρόνων και τραπεζιών</li>
<li>Ανθεκτικά μεταλλικά στοιχεία με προστασία από την υγρασία του εξωτερικού περιβάλλοντος</li>
</ul>"
284433,simple,0535931,5208067211185,"Τραπέζι σαλονιού Concrete",1,0,visible,,"<div> <p>Ανακαλύψτε το νέο στοιχείο διακόσμησης που μεταμορφώνει τον εξωτερικό σας χώρο! Το τετράγωνο τραπέζι σε απόχρωση CONCRETE συνδυάζει την ανθεκτικότητα με την κομψότητα, δημιουργώντας μια μοναδική αισθητική. Ιδανικό για επαγγελματικούς χώρους όπως καφετέριες και εστιατόρια, αλλά και για το σπίτι σας.</p> <p>Με πάχος 12mm και διαστάσεις 70x70εκ., προσαρμόζεται εύκολα στις ανάγκες σας, ενώ η επιφάνεια HPL εγγυάται αντοχή στην καθημερινή χρήση και την επαφή με τρόφιμα. Επιλέξτε το τραπέζι που συνδυάζει την περιβαλλοντική συνείδηση με την υψηλή αισθητική - μια επένδυση που θα εντυπωσιάσει!</p> </div>",,,taxable,,1,122,,0,0,8.95,70,70,,1,,,"55,38","Κήπος & Εξωτερικός Χώρος",τραπέζι,,https://eboy.gr/app/uploads/sites/2/2026/05/epifaneia-trapezioy-hpl-tetragoni-fb9583-9.webp,,,,,,,,,0,B2BMarkt,πλάτος,"70 εκ.",1,1,μήκος,"70 εκ.",1,1,,,,,B2BMarkt,75737,5208067211185,"2026-05-09 23:08:21",B2BMarkt,"<ul>
<li>Επιφάνεια κατασκευασμένη από High Pressure Laminate (HPL) με βάση συνθετική ρητίνη</li>
<li>Πάχος επιφάνειας 12mm, προσαρμόσιμο σε διάφορες βάσεις</li>
<li>Ανθεκτικό σε χτυπήματα και τριβή</li>
<li>Αδιάβροχο φινίρισμα κατάλληλο για επαφή με τρόφιμα</li>
<li>Ματ ή γυαλιστερό τελείωμα επιλογής</li>
<li>Αντοχή στους λεκέδες και πρόληψη ανάπτυξης βακτηρίων</li>
<li>Σταθερότητα χρώματος έναντι φθοράς από την ηλιακή ακτινοβολία</li>
</ul>"
284435,simple,0535914,5208067211208,"Τραπέζι σαλονιού Travertine",1,0,visible,,"<!DOCTYPE html> <html lang=""el""> <head> <meta charset=""UTF-8""> </head> <body> <p>Το Τραπέζι σαλονιού Travertine αποτελεί την ιδανική επιλογή για όσους αναζητούν μια φυσική και κομψή προσθήκη στον εξωτερικό χώρο τους. Η τετράγωνη επιφάνεια από υψηλής ποιότητας HPL μιμείται με ακρίβεια τη ζεστασιά του φυσικού πέτρας travertine, προσφέροντας ταυτόχρονα εξαιρετική αντοχή στις εξωτερικές συνθήκες.</p> <p>Ιδανικό για καθημερινή χρήση καθώς είναι κατάλληλο για επαφή με τρόφιμα, συνδυάζει άριστα την αισθητική με τη λειτουργικότητα. Προσθέτει μια νότα κομψότητας σε καφετέριες, εστιατόρια και τουριστικά καταλύματα, δημιουργώντας ένα φιλόξενο περιβάλλον που εντυπωσιάζει τους επισκέπτες. Η μοντέρνα του σχεδίαση και η ανθεκτικότητά του το καθιστούν διαχρονική επιλογή για κάθε εξωτερικό χώρο.</p> </body> </html>",,,taxable,,1,36,,0,0,8.95,70,70,,1,,,"55,38","Κήπος & Εξωτερικός Χώρος",τραπέζι,,https://eboy.gr/app/uploads/sites/2/2026/05/epifaneia-trapezioy-hpl-tetragoni-fb9583-10.webp,,,,,,,,,0,B2BMarkt,πλάτος,"70 εκ.",1,1,μήκος,"70 εκ.",1,1,,,,,B2BMarkt,75738,5208067211208,"2026-05-09 23:08:53",B2BMarkt,"<ul>
<li>Κατασκευή από High Pressure Laminate (HPL) με βάση συνθετική ρητίνη</li>
<li>Πάχος επιφάνειας: 12mm</li>
<li>Ανθεκτική σε χτυπήματα και τριβή</li>
<li>Ανθεκτική σε λεκέδες και διατήρηση χρώματος</li>
<li>Μηδενική ανάπτυξη βακτηρίων στην επιφάνεια</li>
<li>Διαθέσιμη με ματ ή γυαλιστερό φινίρισμα</li>
<li>Κατάλληλη για άμεση επαφή με τρόφιμα</li>
</ul>"
284437,simple,0535932,5208067211321,"Τραπέζι σαλονιού Concrete",1,0,visible,,"<!DOCTYPE html> <html lang=""el""> <head> <meta charset=""UTF-8""> <title>Τραπέζι Concrete - Μοντέρνα Έπιπλα Εξωτερικού Χώρου</title> </head> <body> <p>Αποκτήστε το μοντέρνο τραπεζάκι σαλονιού σε industrial στυλ με την αυθεντική όψη τσιμέντου CONCRETE! Το τραπέζι μας αποτελεί την ιδανική επιλογή για όσους αναζητούν μια κομψή και ανθεκτική προσθήκη στον εξωτερικό τους χώρο. Η τετράγωνη επιφάνεια, διαστάσεων 80x80 εκατοστών με πάχος 12mm, συνδυάζει την πρακτικότητα με τον σύγχρονο σχεδιασμό.</p> <p>Το υλικό HPL κατασκευής του εξασφαλίζει αντοχή στις καιρικές συνθήκες και στην καθημερινή χρήση, ενώ η φιλική προς το περιβάλλον σύνθεση του καθιστά ιδανικό για επαφή με τρόφιμα. Είτε σε café, είτε σε βεράντα σπιτιού, το τραπεζάκι αυτό θα αποτελέσει το επίκεντρο της ατμόσφαιρας σας, συνδυάζοντας αισθητική κομψότητα με ποιοτική κατασκευή.</p> </body> </html>",,,taxable,,1,34,,0,0,11.65,80,80,,1,,,"84,61","Κήπος & Εξωτερικός Χώρος",τραπέζι,,https://eboy.gr/app/uploads/sites/2/2026/05/epifaneia-trapezioy-hpl-tetragoni-fb9583-11.webp,,,,,,,,,0,B2BMarkt,πλάτος,"80 εκ.",1,1,μήκος,"80 εκ.",1,1,,,,,B2BMarkt,75740,5208067211321,"2026-05-09 23:09:25",B2BMarkt,"<ul>
<li>Κατασκευή από High Pressure Laminate (HPL) με βάση συνθετική ρητίνη</li>
<li>Πάχος επιφάνειας: 12mm, κατάλληλο για καθημερινή χρήση</li>
<li>Ανθεκτικό σε χτυπήματα, τριβή και λεκέδες</li>
<li>Φυσική ματ ή γυαλιστερή επιφάνεια</li>
<li>Απορρόφηση βακτηρίων χαμηλή - φιλικό προς το περιβάλλον</li>
<li>Σταθερότητα χρώματος στο φως μακροχρόνια</li>
</ul>"
284439,simple,0535917,5208067211369,"Τραπέζι σαλονιού Hpl Square",1,0,visible,,"<p>Απογειώστε τον εξωτερικό σας χώρο με το μοντέρνο τετράγωνο τραπέζι σε φυσική απόχρωση δρυός. Το ιδιαίτερο design του συνδυάζεται αρμονικά με κάθε διακόσμηση, δημιουργώντας μια ζεστή ατμόσφαιρα για στιγμές χαλάρωσης.</p> <p>Ιδανικό για καθημερινή χρήση, διαθέτει ανθεκτική επιφάνεια HPL που εγγυάται μακροζωία χωρίς φθορές. Η φιλική προς το περιβάλλον κατασκευή του το καθιστά την ιδανική επιλογή τόσο για επαγγελματικούς χώρους εστίασης όσο και για τον προσωπικό σας εξωτερικό χώρο. Διαθέσιμο σε διάσταση 80x80εκ., προσφέρει άπλετο χώρο για χαλάρωση με φίλους ή οικογένεια.</p>",,,taxable,,1,8,,0,0,11.8,80,80,,1,,,"84,61","Κήπος & Εξωτερικός Χώρος",τραπέζι,,https://eboy.gr/app/uploads/sites/2/2026/05/epifaneia-trapezioy-hpl-tetragoni-fb9583-12.webp,,,,,,,,,0,B2BMarkt,πλάτος,"80 εκ.",1,1,μήκος,"80 εκ.",1,1,,,,,B2BMarkt,75741,5208067211369,"2026-05-09 23:09:56",B2BMarkt,"<ul>
<li>Κατασκευή από High Pressure Laminate (HPL) με βάση συνθετική ρητίνη</li>
<li>Ανθεκτικό και σκληρό υλικό με ματ ή γυαλιστερό φινίρισμα</li>
<li>Αδιάβροχη επιφάνεια κατάλληλη για επαφή με τρόφιμα</li>
<li>Υψηλή αντοχή σε μηχανικές καταπονήσεις, τριβή και λεκέδες</li>
<li>Φυσικό χρώμα ξύλου ΔΡΥΟΣ με σταθερή απόχρωση στο χρόνο</li>
<li>Αντιβακτηριακή προστασία επιφάνειας</li>
<li>Εύκολη συντήρηση λόγω της ανθεκτικότητας στους λεκέδες</li>
</ul>"
284441,simple,0535918,5208067210928,"Τραπέζι σαλονιού Hpl",1,0,visible,,"<!DOCTYPE html> <html lang=""el""> <head> <meta charset=""UTF-8""> <title>Τραπέζι Σαλονιού HPL</title> </head> <body> <p>Ανακαλύψτε το μοναδικό τραπέζι σαλονιού με επιφάνεια από υψηλής ποιότητας HPL (High Pressure Laminate), εμπνευσμένη από τη φυσική ομορφιά του μαρμάρου. Η εκλεπτυσμένη λεία επιφάνειά του σε λευκό χρώμα, προσφέρει όχι μόνο μια κομψή αισθητική στο χώρο σας αλλά και μέγιστη αντοχή στη φθορά.</p> <p>Ιδανικό για καθημερινή χρήση, το τραπέζι αυτό συνδυάζει τέλεια την πρακτικότητα με την κομψότητα. Προσφέρει ασφάλεια στην επαφή με τρόφιμα και προσαρμόζεται άριστα τόσο σε εσωτερικούς όσο και εξωτερικούς χώρους, καθιστώντας το απαραίτητη επιλογή για επαγγελματικούς χώρους εστίασης και φιλοξενίας. Η ανθεκτική του κατασκευή εγγυάται μακροχρόνια απόλαυση της αισθητικής του.</p> </body> </html>",,,taxable,,1,104,,0,0,17,80,120,,1,,,"99,99","Κήπος & Εξωτερικός Χώρος",τραπέζι,,https://eboy.gr/app/uploads/sites/2/2026/05/epifaneia-trapezioy-hpl-orthogonia-fb958-4.webp,,,,,,,,,0,B2BMarkt,πλάτος,"120 εκ.",1,1,μήκος,"80 εκ.",1,1,,,,,B2BMarkt,75742,5208067210928,"2026-05-09 23:10:28",B2BMarkt,"<ul>
<li>Κατασκευή από υψηλής πίεσης laminate (HPL) με πάχος 12mm</li>
<li>Αντοχή σε μηχανικές καταπονήσεις και τριβή</li>
<li>Υψηλή αντοχή σε λεκέδες και εύκολο καθάρισμα</li>
<li>Αντιβακτηριακή προστασία της επιφάνειας</li>
<li>Σταθερότητα χρώματος υπό έκθεση σε φως και τεχνητό φωτισμό</li>
<li>Ανθεκτικότητα σε υψηλές θερμοκρασίες και φωτιά</li>
<li>Αδιάβροχη επιφάνεια με εξαιρετική αντοχή στο νερό</li>
<li>Προστασία από γρατζουνιές</li>
</ul>"
284443,simple,0535919,5208067210942,"Τραπέζι σαλονιού Travertine",1,0,visible,,"<!DOCTYPE html> <html lang=""el""> <head> <meta charset=""UTF-8""> <title>Τραπέζι Σαλονιού Travertine</title> <style> p { font-size: 1.1em; line-height: 1.4; } </style> </head> <body> <p>Ανακαλύψτε την κομψότητα του τραπεζιού σαλονιού με επιφάνεια travertine, ιδανική για τον εξωτερικό σας χώρο. Η επαγγελματική ποιότητα συναντά τη φυσική ομορφιά σε ένα διαχρονικό σχέδιο. Το τραπέζι αυτό αποτελεί μια εκλεπτυσμένη επιλογή για καφετέριες, εστιατόρια και ξενοδοχεία, συνδυάζοντας λειτουργικότητα και αισθητική.</p> <p>Με διαστάσεις 120x80εκ. και πάχος 12mm, προσφέρει άφθονο χώρο για χαλάρωση ή φιλοξενία καλεσμένων. Κατασκευασμένο από ανθεκτικό HPL υψηλής πίεσης, εξασφαλίζει μακροχρόνια αντοχή στις εξωτερικές συνθήκες. Η μοναδική επιφάνεια travertine προσδίδει μια κομψή πέτρινη όψη, δημιουργώντας ένα κεντρικό σημείο αναφοράς στον εξωτερικό σας χώρο.</p> </body> </html>",,,taxable,,1,4,,0,0,17,80,120,,1,,,"99,99","Κήπος & Εξωτερικός Χώρος",τραπέζι,,https://eboy.gr/app/uploads/sites/2/2026/05/epifaneia-trapezioy-hpl-orthogonia-fb958-5.webp,,,,,,,,,0,B2BMarkt,πλάτος,"120 εκ.",1,1,μήκος,"80 εκ.",1,1,,,,,B2BMarkt,75743,5208067210942,"2026-05-09 23:11:00",B2BMarkt,"<ul>
<li>Κατασκευή από High Pressure Laminate (HPL) με πάχος 12mm</li>
<li>Αντοχή σε χτυπήματα, τριβή και λεκέδες</li>
<li>Αντιαλλεργική και αντιβακτηριδιακή επιφάνεια</li>
<li>Σταθερότητα χρώματος υπό έκθεση σε φως και τεχνητό φωτισμό</li>
<li>Ανθεκτικότητα σε υψηλές θερμοκρασίες (πυραντοχή)</li>
<li>Ελαχιστοποιημένη ευαισθησία σε γρατζουνιές</li>
<li>Φινίρισμα που μιμείται την εμφάνιση φυσικού μαρμάρου travertine</li>
</ul>"
284445,simple,0535920,5208067210966,"Τραπέζι σαλονιού Hpl",1,0,visible,,"<!DOCTYPE html> <html lang=""el""> <head> <meta charset=""UTF-8""> <title>Τραπέζι Σαλονιού Hpl</title> <meta name=""description"" content=""Τραπεζάκι σαλονιού υψηλής ποιότητας για εξωτερικούς χώρους""> </head> <body> <p>Εμπνευστείτε από την φυσική ομορφιά του ξύλου ΔΡΥΟΣ με το επαγγελματικό μας τραπέζι εξωτερικού χώρου. Ιδανικό για χρήση σε καφετέριες, εστιατόρια και καταλύματα, συνδυάζει την κομψότητα με τη λειτουργικότητα.</p> <p>Η επιφάνεια HPL (High Pressure Laminate) προσφέρει εξαιρετική αντοχή στις καιρικές συνθήκες και τα καθημερινά χτυπήματα, διατηρώντας πάντα την αυθεντική της όψη. Το λεπτό του προφίλ (12mm) και οι διαστάσεις 120x80εκ το καθιστούν ιδανικό για κάθε χώρο, ενώ η περιβαλλοντική του φιλικότητα εξασφαλίζει ένα υγιεινό περιβάλλον χρήσης.</p> </body> </html>",,,taxable,,1,17,,0,0,17,80,120,,1,,,"99,99","Κήπος & Εξωτερικός Χώρος",τραπέζι,,https://eboy.gr/app/uploads/sites/2/2026/05/epifaneia-trapezioy-hpl-orthogonia-fb958-6.webp,,,,,,,,,0,B2BMarkt,πλάτος,"120 εκ.",1,1,μήκος,"80 εκ.",1,1,,,,,B2BMarkt,75744,5208067210966,"2026-05-09 23:11:34",B2BMarkt,"<ul>
<li>Κατασκευή από High Pressure Laminate (HPL) με πάχος 12mm</li>
<li>Αντοχή σε χτυπήματα και τριβή</li>
<li>Υψηλή αντοχή στους λεκέδες και αντίσταση στη δημιουργία βακτηρίων</li>
<li>Σταθερότητα χρώματος υπό έκθεση σε φως και τεχνητό φωτισμό</li>
<li>Ανθεκτικότητα στις υψηλές θερμοκρασίες (πυράντοχο)</li>
<li>Εξαιρετική προστασία από γρατζουνιές</li>
<li>Υψηλή αντοχή στην υγρασία και το νερό</li>
<li>Επιφάνεια με φυσική εμφάνιση ξύλου ΔΡΥΣ</li>
</ul>"
284447,simple,0535940,5208067210904,"Τραπέζι σαλονιού Concrete",1,0,visible,,"<p>Ανακαλύψτε το μοντέρνο Τραπέζι Σαλονιού Concrete και μεταμορφώστε τον εξωτερικό σας χώρο! Το τραπέζι αυτό συνδυάζει την αυθεντική αισθητική του σκυροδέματος με τη λειτουργικότητα μιας επαγγελματικής επιφάνειας. Ιδανικό για όλους τους χώρους εστίασης, προσφέρει μια μοναδική εμπειρία χάρη στην οικολογική του σύνθεση που είναι ασφαλής για τρόφιμα.</p> <p>Με επιβλητικό σχεδιασμό και διαστάσεις 120x80 εκατοστά, το τραπέζι αποτελεί κεντρικό σημείο αναφοράς στον εξωτερικό σας χώρο. Το πάχος των 12mm εγγυάται σταθερότητα και αντοχή στη χρήση. Η επιφάνεια HPL (High Pressure Laminate) συνδυάζει την αισθητική του σκυροδέματος με την πρακτικότητα και τη διαχρονικότητα ενός ποιοτικού υλικού.</p>",,,taxable,,1,5,,0,0,17,80,120,,1,,,"99,99","Κήπος & Εξωτερικός Χώρος",τραπέζι,,https://eboy.gr/app/uploads/sites/2/2026/05/epifaneia-trapezioy-hpl-orthogonia-fb958-7.webp,,,,,,,,,0,B2BMarkt,πλάτος,"120 εκ.",1,1,μήκος,"80 εκ.",1,1,,,,,B2BMarkt,75745,5208067210904,"2026-05-09 23:12:07",B2BMarkt,"<ul>
<li>Κατασκευή από High Pressure Laminate (HPL) με πάχος 12mm</li>
<li>Αντοχή σε μηχανικές καταπονήσεις και χτυπήματα</li>
<li>Εξαιρετική αντοχή στην τριβή και τους λεκέδες</li>
<li>Φυσικό φινίρισμα απομίμησης σκυροδέματος σε χρώμα concrete</li>
<li>Υψηλή ανθεκτικότητα στη δημιουργία βακτηρίων</li>
<li>Σταθερότητα χρώματος στο φως και τεχνητό φωτισμό</li>
<li>Αντοχή σε υψηλές θερμοκρασίες και φωτιά</li>
<li>Ισχυρή αντίσταση στις γρατσουνιές</li>
<li>Αδιάβροχο φινίρισμα με εξαιρετική αντοχή στο νερό</li>
<li>Κατάλληλο για επαφή με τρόφιμα (FDA compliant)</li>
</ul>"
284449,simple,0535926,5208067211062,"Τραπέζι σαλονιού Concrete Hpl",1,0,visible,,"<!DOCTYPE html> <html lang=""el""> <head> <meta charset=""UTF-8""> </head> <body> <p>Αναβαθμίστε τον εξωτερικό σας χώρο με το μοναδικό Τραπέζι σαλονιού Concrete Hpl! Η κομψή στρογγυλή του επιφάνεια σε απόχρωση CONCRETE συνδυάζει την κομψότητα με τη λειτουργικότητα, δημιουργώντας ένα εντυπωσιακό κέντρο για τις κοινωνικές σας συγκεντρώσεις.</p> <p>Κατασκευασμένο από οικολογικά υλικά, το τραπέζι προσφέρει μια καθαρή αισθητική που ταιριάζει αρμονικά σε κάθε εξωτερικό χώρο. Ιδανικό για καφετέριες, εστιατόρια και τουριστικά καταλύματα, διακρίνεται για την ανθεκτικότητά του στις καιρικές συνθήκες. Η προσεγμένη κατασκευή του με τους ειδικούς οδηγούς τοποθέτησης εξασφαλίζει σταθερότητα και μακροχρόνια χρήση.</p> </body> </html>",,,taxable,,1,8,,0,0,6.55,60,60,,1,,,"36,53","Κήπος & Εξωτερικός Χώρος",τραπέζι,,https://eboy.gr/app/uploads/sites/2/2026/05/epifaneia-trapezioy-hpl-stroggyli-fb9584-6.webp,,,,,,,,,0,B2BMarkt,πλάτος,"60 εκ.",1,1,μήκος,"60 εκ.",1,1,,,,,B2BMarkt,75746,5208067211062,"2026-05-09 23:12:40",B2BMarkt,"<ul>
<li>Επιφάνεια κατασκευασμένη από HPL (High Pressure Laminate) με όψη σκυροδέματος σε χρώμα concrete.</li>
<li>Ανθεκτική στην υγρασία και κατάλληλη για εξωτερική χρήση.</li>
<li>Φιλική προς το περιβάλλον, πιστοποιημένη για επαφή με τρόφιμα.</li>
<li>Εξοπλισμένη με German Slots στο πίσω μέρος για εύκολη τοποθέτηση σε διάφορες βάσεις.</li>
<li>Διαθέτει βίδες με τετράγωνο κεφάλι και ροδέλες στερέωσης στη συσκευασία.</li>
<li>Επιφάνεια φαλτσοκομμένη με λεία υφή.</li>
</ul>"
284451,simple,0535923,5208067211109,"Τραπέζι σαλονιού Travertine",1,0,visible,,"<!DOCTYPE html> <html lang=""el""> <head> <meta charset=""UTF-8""> <title>Τραπέζι Σαλονιού Travertine</title> </head> <body> <p>Εμπλουτίστε τον εξωτερικό σας χώρο με το κομψό Τραπέζι Travertine, την τέλεια σύνθεση μεταξύ κλασικής ομορφιάς και μοντέρνας αισθητικής. Η φυσική υφή της πέτρας travertino προσδίδει μοναδική γοητεία σε κάθε περιβάλλον, δημιουργώντας ένα σημείο εστίασης που εντυπωσιάζει.</p> <p>Από καφέ μέχρι δείπνο, αυτό το τραπέζι προσφέρει έναν ζεστό χώρο για κάθε περίσταση. Η ανθεκτικότητά του, η εύκολη συντήρηση και η φιλική προς το περιβάλλον σύνθεση το καθιστούν ιδανική επιλογή για καφετέριες, εστιατόρια και ξενοδοχεία. Συνδυάστε την κομψή του εμφάνιση με την πρακτικότητα της χρήσης, δημιουργώντας αναμνήσεις που διαρκούν.</p> </body> </html>",,,taxable,,1,43,,0,0,6.55,60,60,,1,,,"36,53","Κήπος & Εξωτερικός Χώρος",τραπέζι,,https://eboy.gr/app/uploads/sites/2/2026/05/epifaneia-trapezioy-hpl-stroggyli-fb9584-7.webp,,,,,,,,,0,B2BMarkt,πλάτος,"60 εκ.",1,1,μήκος,"60 εκ.",1,1,,,,,B2BMarkt,75747,5208067211109,"2026-05-09 23:13:17",B2BMarkt,"<ul>
<li>Επιφάνεια κατασκευασμένη από συνθετικό υλικό μιμούμενο την εμφάνιση φυσικού travertine</li>
<li>Ανθεκτική κατασκευή κατάλληλη για επαφή με τρόφιμα (HACCP compliant)</li>
<li>Αντιδιαβρωτική προστασία για εξωτερική χρήση</li>
<li>Προηγμένο σύστημα German Slots για εύκολη και ρυθμιζόμενη τοποθέτηση</li>
<li>Περιλαμβάνει βίδες με τετράγωνο κεφάλι και ροδέλες στερέωσης</li>
<li>Επεξεργασία επιφάνειας φιλική προς το περιβάλλον</li>
<li>Ανθεκτικό φινίρισμα κατάλληλο για συχνή χρήση σε επαγγελματικούς χώρους</li>
</ul>"
284453,simple,0535924,5208067211123,"Τραπέζι σαλονιού Hpl",1,0,visible,,"<!DOCTYPE html> <html lang=""el""> <head> <meta charset=""UTF-8""> <title>Τραπέζι Σαλονιού HPL</title> </head> <body> <p>Ανακαλύψτε το νέο στρογγυλό τραπέζι σαλονιού με την αυθεντική όψη δρυός, ιδανική επιλογή για χώρους εστίασης και διαμονής. Η επιφάνεια του τραπεζιού, φιλική προς το περιβάλλον, συνδυάζει την κομψότητα με τη λειτουργικότητα, αποτελώντας κορυφαία επιλογή για καφετέριες, εστιατόρια και ξενοδοχεία.</p> <p>Η μοναδική σχεδίαση και η ποιοτική κατασκευή προσφέρουν ένα διαχρονικό κομμάτι που προσαρμόζεται άψογα σε εσωτερικούς ή εξωτερικούς χώρους. Το μοντέρνο design και η ανθεκτική κατασκευή εγγυώνται αντοχή στο χρόνο, ενώ η εύκολη τοποθέτηση χάρη στους ειδικούς οδηγούς εξασφαλίζει γρήγορη και επαγγελματική εγκατάσταση. Επιλέξτε την αισθητική του φυσικού ξύλου για έναν χώρο που ξεχωρίζει με την ποιότητα και το στυλ του.</p> </body> </html>",,,taxable,,1,5,,0,0,6.55,60,60,,1,,,"36,53","Κήπος & Εξωτερικός Χώρος",τραπέζι,,https://eboy.gr/app/uploads/sites/2/2026/05/epifaneia-trapezioy-hpl-stroggyli-fb9584-8.webp,,,,,,,,,0,B2BMarkt,πλάτος,"60 εκ.",1,1,μήκος,"60 εκ.",1,1,,,,,B2BMarkt,75748,5208067211123,"2026-05-09 23:13:51",B2BMarkt,"<ul>
<li>Επιφάνεια από HPL (High Pressure Laminate) με όψη φυσικού ξύλου δρυός.</li>
<li>Κατάλληλο για επαφή με τρόφιμα και φιλικό προς το περιβάλλον υλικό.</li>
<li>Εξοπλισμένο με German Slots στο πίσω μέρος για ρυθμιζόμενη τοποθέτηση σε διάφορες βάσεις.</li>
<li>Περιλαμβάνει ειδικές βίδες με τετράγωνο κεφάλι για ασφαλή στερέωση.</li>
<li>Διαθέτει ροδέλες σύσφιξης που περιλαμβάνονται στη συσκευασία.</li>
<li>Ανθεκτικό φινίρισμα κατάλληλο για εξωτερική χρήση.</li>
</ul>"
284455,simple,0535921,5208067211024,"Τραπέζι σαλονιού Hpl",1,0,visible,,"<!DOCTYPE html> <html lang=""el""> <head> <meta charset=""UTF-8""> </head> <body> <p>Απολαύστε την κομψότητα του μοντέρνου design με το τραπεζάκι σαλονιού σε σχέδιο μαύρου μαρμάρου. Η μοναδική στρογγυλή φαλτσοκομμένη επιφάνειά του, όχι μόνο εντυπωσιάζει με την αισθητική της αλλά προσφέρει και εξαιρετική αντοχή στην καθημερινή χρήση. Ιδανικό για κάθε χώρο, είτε εσωτερικό είτε εξωτερικό, συμπληρώνει τέλεια τη διακόσμηση σύγχρονων καφετεριών, εστιατορίων και τουριστικών καταλυμάτων.</p> <p>Με έμφαση στην ποιότητα και την πρακτικότητα, το προϊόν αυτό ξεχωρίζει χάρη στους καινοτόμους οδηγούς εφαρμογής στο πίσω μέρος της επιφάνειας, εξασφαλίζοντας μια στιβαρή και ανθεκτική κατασκευή. Η επιλογή αυτή δεν είναι απλά μια διακοσμητική προσθήκη - είναι μια επένδυση που συνδυάζει στυλ, λειτουργικότητα και περιβαλλοντική συνείδηση.</p> </body> </html>",,,taxable,,1,15,,0,0,5.3,60,60,,1,,,"36,53","Κήπος & Εξωτερικός Χώρος",τραπέζι,,https://eboy.gr/app/uploads/sites/2/2026/05/epifaneia-trapezioy-hpl-stroggyli-fb9584-9.webp,,,,,,,,,0,B2BMarkt,πλάτος,"60 εκ.",1,1,μήκος,"60 εκ.",1,1,,,,,B2BMarkt,75749,5208067211024,"2026-05-09 23:14:26",B2BMarkt,"<ul>
<li>Επιφάνεια από HPL (High Pressure Laminate) με απομίμηση μαρμάρου σε μαύρο χρώμα.</li>
<li>Ανθεκτικό στην καθημερινή χρήση και κατάλληλο για επαφή με τρόφιμα.</li>
<li>Περιβαλλοντικά φιλικό υλικό, απαλλαγμένο από επιβλαβείς ουσίες.</li>
<li>Εξοπλισμένο με German Slots στο πίσω μέρος για εύκολη προσαρμογή σε διάφορες βάσεις.</li>
<li>Παρέχονται ειδικές βίδες με τετράγωνες κεφαλές για ασφαλή στερέωση.</li>
<li>Επιτρέπει ρύθμιση της θέσης στην επιφάνεια στήριξης.</li>
</ul>"
284457,simple,0535922,5208067211086,"Τραπέζι σαλονιού Indian Shesham",1,0,visible,,"<!DOCTYPE html> <html lang=""el""> <head> <meta charset=""UTF-8""> <title>Τραπέζι Σαλονιού Indian Shesham</title> </head> <body> <p>Ανακαλύψτε το μοναδικό Τραπέζι Σαλονιού Indian Shesham, μια κομψή προσθήκη στον εξωτερικό σας χώρο. Η στρογγυλή φαλτσοκομμένη επιφάνεια με την εντυπωσιακή απόχρωση του ξύλου Indian Shesham δημιουργεί ένα διαχρονικό σημείο αναφοράς για κάθε χώρο.<br /><br />Με πιστοποίηση καταλληλότητας για επαφή με τρόφιμα, το τραπέζι συνδυάζει άψογα την αισθητική με τη λειτουργικότητα και την ποιότητα. Ιδανικό για καφετέριες, εστιατόρια και τουριστικά καταλύματα, προσφέρει μια αυθεντική εμπειρία χαλάρωσης στους πελάτες σας.</p> <p>Η καινοτόμος σχεδίαση με τους ειδικούς οδηγούς εγκατάστασης εξασφαλίζει σταθερή και ασφαλή τοποθέτηση, ενώ η οικολογική φύση του υλικού το καθιστά κορυφαία επιλογή για όσους αναζητούν συνδυασμό ποιότητας και περιβαλλοντικής συνείδησης. </p> </body> </html>",,,taxable,,1,165,,0,0,5.3,60,60,,1,,,"36,53","Κήπος & Εξωτερικός Χώρος",τραπέζι,,https://eboy.gr/app/uploads/sites/2/2026/05/epifaneia-trapezioy-hpl-stroggyli-fb9584-10.webp,,,,,,,,,0,B2BMarkt,πλάτος,"60 εκ.",1,1,μήκος,"60 εκ.",1,1,,,,,B2BMarkt,75752,5208067211086,"2026-05-09 23:15:00",B2BMarkt,"<ul>
<li>Επιφάνεια από φυσικό ξύλο Shesham με εμφάνιση Indian Wood finish</li>
<li>Κατάλληλο για επαφή με τρόφιμα (HACCP compliant)</li>
<li>Περιβαλλοντικά φιλικό υλικό, ανακυκλώσιμο και ανανεώσιμο</li>
<li>Εργονομικό σύστημα German Slots για εύκολη προσαρμογή σε διάφορες βάσεις</li>
<li>Προδιαγραφές ασφαλείας: αντοχή στην υγρασία και τις καιρικές συνθήκες</li>
<li>Ολοκληρωμένο σετ στήριξης με ροδέλες και βίδες υψηλής αντοχής</li>
<li>Αντιστατικό φινίρισμα επιφάνειας για εύκολο καθαρισμό</li>
</ul>"
284459,simple,0535927,5208067211246,"Τραπέζι σαλονιού Concrete Hpl",1,0,visible,,"<!DOCTYPE html> <html lang=""el""> <head> <meta charset=""UTF-8""> <title>Concrete Hpl Τραπέζι Σαλονιού</title> <style> h1 {color: #2c3e50;} p {margin: 10px 0;} </style> </head> <body> <p>Εμπνευσμένο από τη σύγχρονη αισθητική, το στρογγυλό Τραπέζι σαλονιού Concrete Hpl αποτελεί την ιδανική επιλογή για όσους αναζητούν μοναδικό στυλ και αντοχή. Η φυσική όψη του τσιμέντου συνδυάζεται αρμονικά με την πρακτικότητα, καθιστώντας το κατάλληλο τόσο για επαγγελματικούς χώρους όσο και για οικιακή χρήση.</p> <p>Αφήστε το βλέμμα σας να ταξιδέψει στην ομαλή επιφάνεια που συνδυάζει τη λειτουργικότητα με την οικολογική συνείδηση. Σχεδιασμένο για καθημερινή χρήση, προσφέρει μια πολυτελή αίσθηση σε κάθε χώρο. Η ανθεκτικότητά του εγγυάται μακρά διάρκεια ζωής, ενώ η εύκολη συντήρηση το καθιστά ιδανική επιλογή για απαιτητικά περιβάλλοντα.</p> </body> </html>",,,taxable,,1,52,,0,0,8.95,70,70,,1,,,"55,38","Κήπος & Εξωτερικός Χώρος",τραπέζι,,https://eboy.gr/app/uploads/sites/2/2026/05/epifaneia-trapezioy-hpl-stroggyli-fb9584-11.webp,,,,,,,,,0,B2BMarkt,πλάτος,"70 εκ.",1,1,μήκος,"70 εκ.",1,1,,,,,B2BMarkt,75762,5208067211246,"2026-05-09 23:15:33",B2BMarkt,"<ul>
<li>Επιφάνεια από HPL (High Pressure Laminate) με εμφάνιση σκυροδέματος σε χρώμα CONCRETE</li>
<li>Ανθεκτική στην υγρασία και κατάλληλη για εξωτερική χρήση</li>
<li>Πιστοποιημένη καταλληλότητα για επαφή με τρόφιμα</li>
<li>Εξοπλισμένο με German Slots στο πίσω μέρος για εύκολη προσαρμογή σε διάφορες βάσεις</li>
<li>Περιλαμβάνει βίδες με τετράγωνο κεφάλι και ροδέλες για ασφαλή στερέωση</li>
<li>Φινίρισμα ανθεκτικό στην φθορά και τις καιρικές συνθήκες</li>
</ul>"
284461,simple,0535928,5208067211260,"Τραπέζι σαλονιού Hpl Round F70",1,0,visible,,"<!DOCTYPE html> <html lang=""el""> <head> <meta charset=""UTF-8""> </head> <body> <p>Ανακαλύψτε την απόλυτη ισορροπία μεταξύ αισθητικής και λειτουργικότητας με το στρογγυλό τραπέζι εξωτερικού χώρου. Η μοναδική φαλτσοκομμένη επιφάνεια σε αποχρώσεις τραβερτίνης προσφέρει μια κομψή, φυσική εμφάνιση που θα αναδείξει κάθε χώρο σας. Ιδανικό για καφετέριες, εστιατόρια και καταλύματα, διακοσμεί τόσο εσωτερικούς όσο και εξωτερικούς χώρους με την ίδια κομψότητα.</p> <p>Με έμφαση στην ποιότητα και την ανθεκτικότητα, το τραπέζι αυτό αποτελεί μια ασφαλή επιλογή λόγω της καταλληλότητάς του για επαφή με τρόφιμα. Η φιλική προς το περιβάλλον κατασκευή του εξασφαλίζει μακροχρόνια απόλαυση χωρίς περιβαλλοντικό αποτύπωμα. Εμπιστευτείτε την άνεση και την ομορφιά που προσφέρει στον χώρο σας!</p> </body> </html>",,,taxable,,1,10,,0,0,7,70,70,,1,,,"55,38","Κήπος & Εξωτερικός Χώρος",τραπέζι,,https://eboy.gr/app/uploads/sites/2/2026/05/epifaneia-trapezioy-hpl-stroggyli-fb9584-12.webp,,,,,,,,,0,B2BMarkt,πλάτος,"70 εκ.",1,1,μήκος,"70 εκ.",1,1,,,,,B2BMarkt,75763,5208067211260,"2026-05-09 23:16:07",B2BMarkt,"<ul>
<li>Επιφάνεια κατασκευασμένη από HPL υψηλής ποιότητας με απομίμηση τραβερτίνης.</li>
<li>Κατάλληλη για επαφή με τρόφιμα και φιλική προς το περιβάλλον.</li>
<li>Εσωτερική/εξωτερική χρήση σε επαγγελματικούς χώρους εστίασης.</li>
<li>Προηγμένο σύστημα τοποθέτησης με German Slots στο πίσω μέρος της επιφάνειας.</li>
<li>Ρυθμιζόμενο ύψος μέσω ειδικής βιδωτής σύνδεσης με ροδέλες στεγανοποίησης.</li>
</ul>"
284463,simple,0535929,5208067211284,"Τραπέζι σαλονιού Hpl",1,0,visible,,"<p>Αναβαθμίστε τον εξωτερικό χώρο του σπιτιού σας με το εντυπωσιακό Τραπέζι Σαλονιού από Hpl σε φυσικό χρώμα ξύλου ΔΡΥΟΣ. Η κομψή, στρογγυλή επιφάνεια με την φαλτσοκομμένη σχεδίασή της, συνδυάζει αρμονικά τη φυσική ομορφιά με τη σύγχρονη αισθητική. Ιδανικό για χώρους αναψυχής και εστίασης, προσφέρει μια οικολογική επιλογή που είναι ασφαλής για επαφή με τρόφιμα.</p> <p>Εντυπωσιάστε στους εξωτερικούς σας χώρους - από τον κήπο μέχρι την βεράντα - χάρη στην ανθεκτική κατασκευή του και την εύκολη τοποθέτησή του, χωρίς να θυσιάζετε το στυλ. Η υψηλής ποιότητας επιφάνεια, φιλική προς το περιβάλλον, αποτελεί μια διαχρονική επένδυση που συνδυάζει λειτουργικότητα και κομψότητα.</p>",,,taxable,,1,41,,0,0,8.95,70,70,,1,,,"55,38","Κήπος & Εξωτερικός Χώρος",τραπέζι,,https://eboy.gr/app/uploads/sites/2/2026/05/epifaneia-trapezioy-hpl-stroggyli-fb9584-13.webp,,,,,,,,,0,B2BMarkt,πλάτος,"70 εκ.",1,1,μήκος,"70 εκ.",1,1,,,,,B2BMarkt,75764,5208067211284,"2026-05-09 23:16:42",B2BMarkt,"<ul>
<li>Κατασκευασμένη από HPL (High Pressure Laminate) με όψη φυσικού ξύλου δρυός</li>
<li>Ανθεκτική επιφάνεια κατάλληλη για επαφή με τρόφιμα</li>
<li>Περιλαμβάνει σύστημα German Slots στο πίσω μέρος για εύκολη προσαρμογή σε διάφορες βάσεις</li>
<li>Εξοπλισμένη με βίδες και ροδέλες στερέωσης από ανοξείδωτο ατσάλι</li>
<li>Φινίρισμα ανθεκτικό στις καιρικές συνθήκες για εξωτερική χρήση</li>
<li>Βιώσιμο, φιλικό προς το περιβάλλον υλικό κατασκευής</li>
</ul>"
284465,simple,0535938,5208067211147,"Τραπέζι σαλονιού Hpl",1,0,visible,,"<p>Εμπνευσμένο από την φυσική ομορφιά της πέτρας τραβερτίνη, αυτό το ορθογώνιο τραπέζι σαλονιού αποτελεί μια κομψή επιλογή για κάθε χώρο. Η ανθεκτική του επιφάνεια, φιλική προς τα τρόφιμα, συνδυάζει την υψηλή αισθητική με τη πρακτικότητα στην καθημερινή χρήση.</p> <p>Με δυνατότητα χρήσης τόσο σε εσωτερικούς όσο και εξωτερικούς χώρους, από καφετέριες μέχρι βεράντες κατοικιών, το τραπέζι αυτό αναβαθμίζει κάθε περιβάλλον. Η προηγμένη τεχνολογία κατασκευής του εξασφαλίζει μακροχρόνια αντοχή στη φθορά και τις καιρικές συνθήκες, προσφέροντας μια αξιόπιστη επιλογή για τους λάτρεις της σύγχρονης διακόσμησης που αναζητούν ποιότητα και στυλ.</p>",,,taxable,,1,46,,0,0,8.8,80,60,,1,,,"50,76","Κήπος & Εξωτερικός Χώρος",τραπέζι,,https://eboy.gr/app/uploads/sites/2/2026/05/epifaneia-trapezioy-hpl-orthogonia-fb963-6.webp,,,,,,,,,0,B2BMarkt,πλάτος,"60 εκ.",1,1,μήκος,"80 εκ.",1,1,,,,,B2BMarkt,75765,5208067211147,"2026-05-09 23:17:17",B2BMarkt,"<ul>
<li>Επιφάνεια κατασκευασμένη από HPL με απομίμηση πέτρας ΤΡΑΒΕΡΤΙΝΑΣ</li>
<li>Κατάλληλη για επαφή με τρόφιμα και φιλικό προς το περιβάλλον υλικό</li>
<li>Εξοπλισμένη με German Slots στο πίσω μέρος για εύκολη προσαρμογή σε διάφορες βάσεις</li>
<li>Περιλαμβάνει ειδικές βίδες με τετράγωνο κεφάλι για ασφαλή στερέωση</li>
<li>Προσφέρει δυνατότητα ρύθμισης της απόστασης στους οδηγούς τοποθέτησης</li>
<li>Διαθέτει προστατευτικό φινίρισμα κατάλληλο για εξωτερική χρήση</li>
</ul>"
284467,simple,0535939,5208067211161,"Τραπέζι σαλονιού Hpl",1,0,visible,,"<!DOCTYPE html> <html lang=""el""> <head> <meta charset=""UTF-8""> <title>Τραπέζι Σαλονιού Hpl</title> <style> p { font-size: 1em; line-height: 1.4; } strong { color: #2c3e50; } </style> </head> <body> <p>Αποκτήστε το μοναδικό Τραπέζι Σαλονιού Hpl και μεταμορφώστε τον εξωτερικό σας χώρο! Με την φυσική ομορφιά του ξύλου δρυός, συνδυάζει την παραδοσιακή αισθητική με τη σύγχρονη λειτουργικότητα. Η επιφάνεια από υψηλής ποιότητας Hpl είναι ανθεκτική στις καιρικές συνθήκες, ιδανική για καθημερινή χρήση.</p> <p>Το τραπέζι ξεχωρίζει χάρη στην εργονομική του σχεδίαση και την εύκολη συναρμολόγηση με το σύστημα German Slots. Είναι η τέλεια επιλογή για καφετέριες, εστιατόρια και ξενοδοχεία - ένα έπιπλο που συνδυάζει ποιότητα, στυλ και αντοχή στον χρόνο. Επενδύστε σε κάτι αυθεντικό και μοντέρνο ταυτόχρονα!</p> </body> </html>",,,taxable,,1,34,,0,0,8.8,80,60,,1,,,"50,76","Κήπος & Εξωτερικός Χώρος",τραπέζι,,https://eboy.gr/app/uploads/sites/2/2026/05/epifaneia-trapezioy-hpl-orthogonia-fb963-7.webp,,,,,,,,,0,B2BMarkt,πλάτος,"60 εκ.",1,1,μήκος,"80 εκ.",1,1,,,,,B2BMarkt,75766,5208067211161,"2026-05-09 23:17:48",B2BMarkt,"<ul>
<li>Επιφάνεια κατασκευασμένη από HPL υψηλής πυκνότητας με όψη φυσικού ξύλου δρυός</li>
<li>Κατάλληλη για επαφή με τρόφιμα και πιστοποιημένη για χρήση σε χώρους εστίασης</li>
<li>Περιλαμβάνει σύστημα German Slots στο πίσω μέρος για εύκολη προσαρμογή σε διάφορες βάσεις</li>
<li>Ελαφρύ προφίλ με τετράγωνες υποδοχές για βίδες που διευκολύνουν την εγκατάσταση</li>
<li>Αντίσταση στην υγρασία και τις καιρικές συνθήκες (κατάλληλο για εξωτερικούς χώρους)</li>
<li>Ολοκληρωμένο σετ εξαρτημάτων εγκατάστασης περιλαμβάνεται στη συσκευασία</li>
</ul>"
284469,simple,0535934,5208067210829,"Τραπέζι σαλονιού Concrete Hpl",1,0,visible,,"<!DOCTYPE html> <html lang=""el""> <head> <meta charset=""UTF-8""> <title>Concrete Hpl Τραπέζι Σαλονιού</title> </head> <body> <p>Ανακαλύψτε το απόλυτο κομμάτι για τον εξωτερικό σας χώρο! Το στρογγυλό τραπέζι Concrete Hpl συνδυάζει την κομψότητα με τη λειτουργικότητα, δημιουργώντας ένα μοναδικό κέντρο εστίασης.</p> <p>Με επιφάνεια σε απόχρωση CONCRETE και πάχος 12mm, το τραπεζάκι αυτό αποτελεί μια οικολογική επιλογή υψηλής αισθητικής. Η ανθεκτική του κατασκευή από υλικό HPL (High Pressure Laminate) εξασφαλίζει αντοχή στις καιρικές συνθήκες και ευκολία στη συντήρηση. Ιδανικό για καφετέριες, εστιατόρια και τουριστικά καταλύματα, εντυπωσιάζει με την πολυτέλεια και τη διαχρονική του κομψότητα.</p> </body> </html>",,,taxable,,1,24,,0,0,19.6,120,120,,1,,,"180,76","Κήπος & Εξωτερικός Χώρος",τραπέζι,,https://eboy.gr/app/uploads/sites/2/2026/05/epifaneia-trapezioy-hpl-stroggyli-fb9635-4.webp,,,,,,,,,0,B2BMarkt,πλάτος,"120 εκ.",1,1,μήκος,"120 εκ.",1,1,,,,,B2BMarkt,75767,5208067210829,"2026-05-09 23:18:20",B2BMarkt,"<ul>
<li>Κατασκευή από High Pressure Laminate (HPL) με αντοχή σε καταπονήσεις</li>
<li>Επιφάνεια με ματ φινίρισμα και προστασία κατάλληλη για επαφή με τρόφιμα</li>
<li>Ανθεκτικότητα στην τριβή, τα χτυπήματα και τους λεκέδες</li>
<li>Φυσικό look σε απόχρωση concrete με σταθερότητα χρώματος στο φως</li>
<li>Αντιβακτηριδιακή προστασία της επιφάνειας</li>
<li>Πάχος 12mm για αυξημένη μηχανική αντοχή</li>
</ul>"
284471,simple,0535936,5208067210867,"Τραπέζι σαλονιού Hpl",1,0,visible,,"<p>Ανακαλύψτε το απόλυτο τραπέζι εξωτερικού χώρου που συνδυάζει την κομψότητα με τη λειτουργικότητα! Το στρογγυλό τραπεζάκι σαλονιού σε απόχρωση τραβερτίνης είναι η ιδανική επιλογή για κάθε χώρο. Η μοναδική του φαλτσοκομμένη επιφάνεια όχι μόνο εντυπωσιάζει αισθητικά αλλά προσφέρει και μια υγιεινή λύση, καθώς είναι κατάλληλη για επαφή με τρόφιμα.</p> <p>Σχεδιασμένο για να αντέξει στις απαιτητικές συνθήκες εξωτερικού χώρου, το τραπεζάκι αυτό αποτελεί εξαιρετική επένδυση τόσο για επαγγελματικούς χώρους (καφετέριες, εστιατόρια) όσο και για ιδιωτικούς. Η αντοχή του υλικού HPL σε καιρικές συνθήκες και η ανθεκτικότητά του στην καθημερινή χρήση το καθιστούν μια διαχρονική επιλογή που συνδυάζει την περιβαλλοντική συνείδηση με την υψηλή αισθητική.</p>",,,taxable,,1,13,,0,0,19.6,120,120,,1,,,"180,76","Κήπος & Εξωτερικός Χώρος",τραπέζι,,https://eboy.gr/app/uploads/sites/2/2026/05/epifaneia-trapezioy-hpl-stroggyli-fb9635-5.webp,,,,,,,,,0,B2BMarkt,πλάτος,"120 εκ.",1,1,μήκος,"120 εκ.",1,1,,,,,B2BMarkt,75768,5208067210867,"2026-05-09 23:18:51",B2BMarkt,"<ul>
<li>Κατασκευή από High Pressure Laminate (HPL) με πάχος 12mm</li>
<li>Επιφάνεια με απομίμηση πέτρας ΤΡΑΒΕΡΤΙΝΑΣ σε ματ φινίρισμα</li>
<li>Αντοχή σε μηχανικές καταπονήσεις και τριβή</li>
<li>Αντιαλλεργική και αντιβακτηριακή προστασία επιφάνειας</li>
<li>Σταθερότητα χρώματος έναντι UV ακτινοβολίας</li>
<li>Εύκολη συντήρηση - ανθεκτικότητα σε λεκέδες</li>
</ul>"
284473,simple,0535935,5208067210843,"Τραπέζι σαλονιού Hpl",1,0,visible,,"<!DOCTYPE html> <html lang=""el""> <head> <meta charset=""UTF-8""> </head> <body> <p>Ανακαλύψτε το μοναδικό τραπέζι σαλονιού HPL με την εκλεπτυσμένη μαύρη μαρμάρινη αισθητική του. Η καμπυλωτή σχεδίαση και η υψηλή ποιότητα κατασκευής συνδυάζονται αρμονικά δημιουργώντας ένα έπιπλο που ξεχωρίζει στον χώρο σας.</p> <p>Ιδανικό για κάθε σύγχρονο περιβάλλον, από καφέ μέχρι παραθαλάσσια ξενοδοχεία, προσφέρει αντοχή και ευκολία στη συντήρηση χάρη στην υψηλής πίεσης λεία επιφάνεια (HPL). Το μαύρο χρώμα Black Marble προσδίδει πολυτέλεια και στυλ, ενώ η ανθεκτικότητα του υλικού το καθιστά την ιδανική επιλογή τόσο για εσωτερικούς όσο και για εξωτερικούς χώρους. Ετοιμαστείτε να εντυπωσιάσετε με μια κομψή και λειτουργική προσθήκη στον χώρο σας.</p> </body> </html>",,,taxable,,1,24,,0,0,19.6,120,120,,1,,,"180,76","Κήπος & Εξωτερικός Χώρος",τραπέζι,,https://eboy.gr/app/uploads/sites/2/2026/05/epifaneia-trapezioy-hpl-stroggyli-fb9635-6.webp,,,,,,,,,0,B2BMarkt,πλάτος,"120 εκ.",1,1,μήκος,"120 εκ.",1,1,,,,,B2BMarkt,75769,5208067210843,"2026-05-09 23:19:23",B2BMarkt,"<ul>
<li>Κατασκευή από High Pressure Laminate (HPL) με επένδυση συνθετικών υλικών</li>
<li>Ματ και γυαλιστερό φινίρισμα επιφάνειας</li>
<li>Αντοχή σε μηχανικές καταπονήσεις, τριβή και λεκέδες</li>
<li>Αντιβακτηριδιακή προστασία της επιφάνειας</li>
<li>Σταθερότητα χρώματος έναντι φθοράς από ηλιακή ακτινοβολία</li>
<li>Κατάλληλο για επαφή με τρόφιμα</li>
<li>Εφαρμογές: εσωτερικοί & εξωτερικοί χώροι (προστατευμένο εξωτερικό)</li>
</ul>"
284475,simple,0535937,5208067210881,"Τραπέζι σαλονιού Hpl",1,0,visible,,"<p>Ανακαλύψτε την τέλεια ισορροπία μεταξύ κομψότητας και ανθεκτικότητας με το Τραπέζι σαλονιού HPL - μια εξαιρετική επιλογή για τον εξωτερικό σας χώρο! Η μοναδική στρογγυλή του σχεδίαση σε φυσική απόχρωση δρυός προσθέτει μια ζεστή νότα στον κήπο ή τη βεράντα σας, ενώ η φιλική προς το περιβάλλον κατασκευή του το καθιστά ιδανική επιλογή για χώρους εστίασης.</p> <p>Με πάχος 12mm και διάμετρο 120 εκατοστών, προσφέρει άφθονο χώρο για χαλάρωση με τους αγαπημένους σας. Η κορυφαία ποιότητα HPL (High Pressure Laminate) εγγυάται μακροχρόνια αντοχή στην ηλιακή ακτινοβολία, τις καιρικές συνθήκες και την καθημερινή χρήση. Ιδανικό τόσο για επαγγελματικούς χώρους όπως καφετέριες και εστιατόρια, όσο και για τον ιδιωτικό σας εξωτερικό χώρο, το τραπέζι αυτό συνδυάζει αισθητική υπεροχή με πρακτικότητα.</p>",,,taxable,,1,16,,0,0,19.6,120,120,,1,,,"180,76","Κήπος & Εξωτερικός Χώρος",τραπέζι,,https://eboy.gr/app/uploads/sites/2/2026/05/epifaneia-trapezioy-hpl-stroggyli-fb9635-7.webp,,,,,,,,,0,B2BMarkt,πλάτος,"120 εκ.",1,1,μήκος,"120 εκ.",1,1,,,,,B2BMarkt,75770,5208067210881,"2026-05-09 23:19:55",B2BMarkt,"<ul>
<li>Κατασκευή από High Pressure Laminate (HPL) με συνθετικά φύλλα επενδυμένα σε σανίδες</li>
<li>Επιφάνεια μιμούμενη το ξύλο δρυός με ματ ή γυαλιστερό φινίρισμα</li>
<li>Ανθεκτική στην τριβή και τα χτυπήματα</li>
<li>Αδιάβροχη και ανθεκτική στους λεκέδες</li>
<li>Μηδενική ανάπτυξη βακτηρίων στην επιφάνεια</li>
<li>Σταθερότητα χρώματος στο φως και την UV ακτινοβολία</li>
<li>Πάχος επιφάνειας: 12mm</li>
</ul>"
284477,simple,0613161,5208067205993,"Τραπέζι στρογγυλό Driscoll",1,0,visible,,"<!DOCTYPE html> <html lang=""el""> <head><meta charset=""UTF-8""></head> <body> <p>Αναβαθμίστε τον εξωτερικό σας χώρο με το μοναδικό Τραπέζι Driscoll! Ένα κομψό στρογγυλό τραπεζάκι που συνδυάζει τέλεια τη λειτουργικότητα με την αισθητική. Η μοντέρνα σχεδίασή του, σε γκρι απόχρωση, ταιριάζει αρμονικά σε κάθε στυλ διακόσμησης εξωτερικού χώρου.</p> <p>Κατασκευασμένο από ανθεκτικό αλουμίνιο υψηλής ποιότητας, εγγυάται αντοχή στις καιρικές συνθήκες και μακροχρόνια χρήση. Το ιδιαίτερο σχέδιο με τον κορμό επενδυμένο με φυσικό σχοινί προσθέτει μια αυθεντική πινελιά κομψότητας στον κήπο ή τη βεράντα σας.<br />Δώστε στο χώρο σας την πολυτέλεια που αξίζει!</p> </body> </html>",,,taxable,,1,24,,0,0,6,55,55,45,1,,,179,"Κήπος & Εξωτερικός Χώρος",τραπέζι,,https://eboy.gr/app/uploads/sites/2/2026/05/boithitiko-trapezaki-stroggylo-fb9647701.webp,,,,,,,,,0,B2BMarkt,ύψος,"45 εκ.",1,1,πλάτος,"55 εκ.",1,1,μήκος,"55 εκ.",1,1,B2BMarkt,75771,5208067205993,"2026-05-09 23:20:28",B2BMarkt,"<ul>
<li>Κατασκευή από αλουμίνιο σε επιφάνεια και βάση</li>
<li>Κορμός επενδυμένος με ανθεκτικό σχοινί εξωτερικού χώρου για προστασία</li>
<li>Γκρι φινίρισμα στις επιφάνειες</li>
<li>Αδιάβροχη κατασκευή κατάλληλη για εξωτερική χρήση</li>
<li>Επιφάνεια καθαρίζεται εύκολα με νωπό πανί και ήπιο σαπούνι</li>
<li>Προστασία από χημικά καθαριστικά και λειαντικά</li>
</ul>"
284479,simple,0613162,5208067206006,"Τραπέζι στρογγυλό Driscoll",1,0,visible,,"<div> <p>Δημιουργήστε μια κομψή γωνιά χαλάρωσης στον κήπο, τη βεράντα ή την ταράτσα σας με το εντυπωσιακό στρογγυλό τραπεζάκι Driscoll. Η μοντέρνα του σχεδίαση σε ΚΡΕΜ και ΑΝΟΙΧΤΗ ΓΚΡΙ απόχρωση ταιριάζει αρμονικά σε κάθε εξωτερικό χώρο, προσφέροντας ένα κομψό σημείο συνάντησης για χαλάρωση με φίλους.<br><br> Το ανθεκτικό αλουμίνιο εξασφαλίζει μακροχρόνια χρήση χωρίς ανησυχίες για τις καιρικές συνθήκες, ενώ η ιδιαίτερη αισθητική του με το σχοινένιο τελείωμα προσθέτει μια μοναδική διακοσμητική πινελιά. Ιδανικό για καφέ, αναψυκτικά ή επιτραπέζια παιχνίδια, το Driscoll συνδυάζει πρακτικότητα και στυλ σε μία εξαιρετική επιλογή επίπλου εξωτερικού χώρου. </div>",,,taxable,,1,29,,0,0,6,55,55,45,1,,,179,"Κήπος & Εξωτερικός Χώρος",τραπέζι,,https://eboy.gr/app/uploads/sites/2/2026/05/boithitiko-trapezaki-stroggylo-fb9647702.webp,,,,,,,,,0,B2BMarkt,ύψος,"45 εκ.",1,1,πλάτος,"55 εκ.",1,1,μήκος,"55 εκ.",1,1,B2BMarkt,75772,5208067206006,"2026-05-09 23:21:05",B2BMarkt,"<ul>
<li>Κατασκευή από αλουμίνιο υψηλής αντοχής για εξωτερική χρήση.</li>
<li>Επιφάνεια τραπεζιού από ανοδιωμένο αλουμίνιο με αντοχή στις καιρικές συνθήκες.</li>
<li>Κορμός επενδυμένος με ανθεκτικό σχοινί εξωτερικού χώρου για προστασία και αισθητική.</li>
<li>Διχρωμία φινιρίσματος σε κρεμ και ανοιχτή γκρι απόχρωση για σύγχρονη εμφάνιση.</li>
<li>Εύκολος καθαρισμός με υγρό πανί και ήπιο σαπούνι.</li>
<li>Προστασία από χημικά καθαριστικά και λειαντικά υλικά.</li>
</ul>"
284481,simple,9995240,,"Κουκέτα Libro",1,0,visible,,"<!DOCTYPE html> <html lang=""el""> <head> <meta charset=""UTF-8""> <title>Κουκέτα Libro</title> <style> h1 { color: #2C3E50; } p { font-size: 18px; line-height: 140%; margin: 10px 0; } </style> </head> <body> <p>Μετατρέψτε το παιδικό δωμάτιο σε ένα ονειρικό χώρο με την κουκέτα Libro. Συνδυάζει έξυπνα τη λειτουργικότητα με τη μοντέρνα αισθητική, προσφέροντας έναν πολυλειτουργικό ύπνο που εξελίσσεται μαζί με το παιδί. Η κομψή σχεδίαση στη λευκή απόχρωση του ξύλου πεύκου δημιουργεί μια φιλόξενη ατμόσφαιρα στο υπνοδωμάτιο.</p> <p>Με την πρακτική κάθετη σκάλα και την ενσωματωμένη βιβλιοθήκη-γραφείο, το Libro είναι ο ιδανικός σύντροφος για δημιουργικά παιδιά. Το αναστρέψιμο στρώμα αφρού προσφέρει μοναδική άνεση και ευελιξία, ενώ η ποιότητα κατασκευής από φυσικό ξύλο εγγυάται μακροχρόνια χρήση. Δημιουργήστε αναμνήσεις σε έναν χώρο που συνδυάζει λειτουργικότητα και στυλ.</p> </body> </html>",,,taxable,,1,36,,0,0,60.6,100,197,180,1,,,"525,22",Υπνοδωμάτιο,κρεβάτι,,https://eboy.gr/app/uploads/sites/2/2026/05/koyketa-paidiki-me-grafeio-fb921317-xylo.webp,,,,,,,,,0,B2BMarkt,ύψος,"180 εκ.",1,1,πλάτος,"197 εκ.",1,1,μήκος,"100 εκ.",1,1,B2BMarkt,75774,,"2026-05-09 23:21:38",B2BMarkt,"<ul>
<li>Κατασκευή από ξύλο πεύκου με λευκό φινίρισμα.</li>
<li>Κάθετη σκάλα για πρόσβαση στο άνω κρεβάτι.</li>
<li>Κάτω τμήμα λειτουργεί ως βιβλιοθήκη με 4 μικρά και 2 μεγάλα ράφια.</li>
<li>Επιφάνεια γραφείου ενσωματωμένη στη βάση με βάθος 49.5 εκ.</li>
<li>Υποδοχή στρώματος σε τάβλες από κόντρα πλακέ ξυλεία.</li>
<li>Στρώμα αφρού διπλής όψης (180°) σε συσκευασία roll packing.</li>
</ul>"
284483,simple,9995242,,"Παιδικό κρεβάτι Domer",1,0,visible,,"<!DOCTYPE html> <html lang=""el""> <head> <meta charset=""UTF-8""> <title>Παιδικό Κρεβάτι Domer</title> <meta name=""description"" content=""Το τέλειο παιδικό κρεβάτι για όνειρα γλυκά!""> <style> p { font-size: 1em; line-height: 1.4; margin: 10px 0;} </style> </head> <body> <p>Φέρτε το σπίτι του ονείρου σας στο υπνοδωμάτιο! Το Domer, ένα μοναδικό κρεβάτι με τη μορφή σπιτιού, θα γίνει ο αγαπημένος χώρος κάθε παιδιού. Με την αισθητική ενός πραγματικού παιδικού δωματίου και ασφάλεια που ξεπερνά τα πρότυπα, συνδυάζει λειτουργικότητα και στυλ σε απόλυτη αρμονία.</p> <p>Λευκό χρώμα και φυσικό ξύλο πεύκου δημιουργούν μια αγκαλιά για όνειρα γλυκά, ενώ τα έξυπνα συρτάρια προσφέρουν άφθονο χώρο αποθήκευσης παιχνιδιών. Η άνεση εξασφαλίζεται με το στρώμα διπλής όψης τεχνολογίας continuous spring, παρέχοντας υποστήριξη σε κάθε στάδιο ανάπτυξης του παιδιού σας. Γιατί η ποιότητα ύπνου είναι θεμέλιο για ένα χαρούμενο παιδί!</p> </body> </html>",,,taxable,,1,21,,0,0,50.5,95.5,198,164.5,1,,,"419,91",Υπνοδωμάτιο,κρεβάτι,,https://eboy.gr/app/uploads/sites/2/2026/05/krebati-paidiko-me-stroma-fb921319-xylo-.webp,,,,,,,,,0,B2BMarkt,ύψος,"164.5 εκ.",1,1,πλάτος,"198 εκ.",1,1,μήκος,"95.5 εκ.",1,1,B2BMarkt,75775,,"2026-05-09 23:22:09",B2BMarkt,"<ul>
<li>Κατασκευή από ξύλο πεύκου με λευκό φινίρισμα</li>
<li>Σχεδιασμός σχήματος σπιτιού με διακοσμητικό παραθυράκι</li>
<li>Δύο συρτάρια αποθήκευσης στο κάτω μέρος</li>
<li>Προστατευτικά κάγκελα ασφαλείας περιμετρικά</li>
<li>Υποδοχή στρώματος από τάβλες κόντρα-πλακέ</li>
<li>Στρώμα διπλής όψης με τεχνολογία συνεχόμενων ελατηρίων</li>
<li>Ύψος προστατευτικών κάγκελων: 33εκ και 40.5εκ μπροστά με μήκος 60εκ</li>
</ul>"
284485,simple,9995244,,"Κουκέτα Homi",1,0,visible,,"<!DOCTYPE html> <html lang=""el""> <head> <meta charset=""UTF-8""> <title>Κουκέτα Homi - Το παιδικό όνειρο</title> </head> <body> <p>Μετατρέψτε το παιδικό δωμάτιο σε ένα μαγευτικό καταφύγιο με την κουκέτα HOMI, τον ιδανικό χώρο για όνειρα γλυκά! Σχεδιασμένη σαν ξύλινο σπιτάκι με γοητευτικό παράθυρο, συνδυάζει λειτουργικότητα και φαντασία. Η ασφαλής κατασκευή από ξύλο πεύκου προσφέρει ανθεκτικότητα και ζεστασιά στο χώρο, ενώ η μοντέρνα διχρωμία Λευκού-Γκρι προσδίδει κομψότητα. Τα περιμετρικά κάγκελα και η σταθερή σκάλα εξασφαλίζουν την ασφάλεια του παιδιού σας, επιτρέποντάς του να εξερευνήσει τον προσωπικό του χώρο με ελευθερία. Απολαύστε το πλεονέκτημα ενός ευέλικτου κάτω χώρου, ιδανικού για παιχνίδι ή επιπλέον αποθήκευση, πάντα με στυλ και ποιότητα κατασκευής που αντέχει στο χρόνο.</p> </body> </html>",,,taxable,,1,31,,0,0,79.6,102,199.5,218.5,1,,,"684,45",Υπνοδωμάτιο,κρεβάτι,,https://eboy.gr/app/uploads/sites/2/2026/05/koyketa-paidiki-me-rafia-fb921321-xylo-p.webp,,,,,,,,,0,B2BMarkt,ύψος,"218.5 εκ.",1,1,πλάτος,"199.5 εκ.",1,1,μήκος,"102 εκ.",1,1,B2BMarkt,75777,,"2026-05-09 23:22:39",B2BMarkt,"<ul>
<li>Κατασκευή από ξύλο πεύκου με φινίρισμα σε λευκό/γκρι χρώμα.</li>
<li>Περιμετρικά κάγκελα ασφαλείας στο επάνω κρεβάτι.</li>
<li>Κάθετη σκάλα με πλάτος 35 εκατοστών για πρόσβαση στο πάνω κρεβάτι.</li>
<li>Τοποθέτηση στρώματος σε τάβλες από κόντρα πλακέ για καλύτερη αερισμό.</li>
<li>Κάτω μέρος με δύο ράφια και δυνατότητα ελεύθερης χρήσης του χώρου.</li>
<li>Στρώμα αφρού διπλής όψης (αμφίδρομο) με συσκευασία ρολού.</li>
</ul>"
284487,simple,9995247,,"Κρεβάτι Phyllis",1,0,visible,,"<!DOCTYPE html> <html lang=""el""> <head> <meta charset=""UTF-8""> <title>Κρεβάτι Phyllis - Το Όνειρο του Παιδιού</title> </head> <body> <p>Μετατρέψτε το υπνοδωμάτιο σε ένα μαγευτικό χώρο με το παιδικό κρεβάτι PHYLLIS. Ένα μοναδικό design που εμπνέεται από τη φιλοσοφία Montessori, συνδυάζοντας την αισθητική ενός μικρού σπιτιού με την πρακτικότητα και την ασφάλεια.</p> <p>Φτιαγμένο από φυσικό ξύλο πεύκου, προσφέρει μια ζεστή ατμόσφαιρα στο δωμάτιο του παιδιού σας. Τα δύο ευρύχωρα συρτάρια διευκολύνουν την οργάνωση των παιχνιδιών, ενώ η διπλή όψη του ενσωματωμένου στρώματος αφρού εγγυάται άνεση για χρόνια. Απολαύστε ένα ποιοτικό προϊόν που συνδυάζει ομορφιά και λειτουργικότητα, δημιουργώντας αναμνήσεις που διαρκούν.</p> </body> </html>",,,taxable,,1,11,,0,0,42,97,196,161,1,,,"334,45",Υπνοδωμάτιο,κρεβάτι,,https://eboy.gr/app/uploads/sites/2/2026/05/krebati-paidiko-me-syrtaria-fb921324-xyl.webp,,,,,,,,,0,B2BMarkt,ύψος,"161 εκ.",1,1,πλάτος,"196 εκ.",1,1,μήκος,"97 εκ.",1,1,B2BMarkt,75778,,"2026-05-09 23:23:09",B2BMarkt,"<ul>
<li>Κατασκευή από ξύλο πεύκου σε φυσικό χρώμα με φινίρισμα που επιτρέπει εύκολη συντήρηση.</li>
<li>Περιμετρική προστασία με κάγκελα ύψους 27 εκ. και μήκος 90 εκ. εμπρός.</li>
<li>Δύο συρτάρια αποθήκευσης διαστάσεων 94x62x17,5 εκ. με μηχανισμό εύκολης λειτουργίας.</li>
<li>Υποδοχή στρώματος από τάβλες κόντρα πλακέ για αερισμό και στήριξη.</li>
<li>Στρώμα αφρού διπλής όψης σε συσκευασία roll packing για εύκολη τοποθέτηση.</li>
</ul>"
284489,simple,9995248,,"Παιδικό κρεβάτι Phyllis",1,0,visible,,"<!DOCTYPE html> <html lang=""el""> <head> <meta charset=""UTF-8""> <title>Phyllis - Το Μαγικό Σπίτι Ύπνου</title> </head> <body> <p>Μετατρέψτε τον ύπνο του παιδιού σας σε μια μαγευτική εμπειρία με το παιδικό κρεβάτι PHYLLIS. Σχεδιασμένο σαν ένα μικρό λευκό σπίτι, συνδυάζει την αισθητική κομψότητα με την πρακτικότητα και την ποιότητα. Το Phyllis προσφέρει έναν άνετο χώρο ύπνου που μεγαλώνει μαζί με το παιδί σας, ενώ τα δύο συρτάρια κάτω από το στρώμα εξασφαλίζουν άφθονο αποθηκευτικό χώρο για παιχνίδια και σεντόνια. Η διπλή όψη του συμπεριλαμβανόμενου στρώματος αφρού προσαρμόζεται στις ανάγκες ανάπτυξης του παιδιού σας.</p> </body> </html>",,,taxable,,1,26,,0,0,42,97,196,161,1,,,"334,45",Υπνοδωμάτιο,κρεβάτι,,https://eboy.gr/app/uploads/sites/2/2026/05/krebati-paidiko-me-syrtaria-fb92132401-x.webp,,,,,,,,,0,B2BMarkt,ύψος,"161 εκ.",1,1,πλάτος,"196 εκ.",1,1,μήκος,"97 εκ.",1,1,B2BMarkt,75779,,"2026-05-09 23:23:39",B2BMarkt,"<ul>
<li>Κατασκευή από ξύλο πεύκου με λευκό φινίρισμα</li>
<li>Σχεδιασμός σχήματος σπιτιού με προστατευτικά κάγκελα ύψους 27 εκ.</li>
<li>Δύο συρτάρια αποθήκευσης διαστάσεων 94x62x17,5 εκ. το καθένα</li>
<li>Υποδοχή στρώματος τύπου τάβλες από κόντρα-πλακέ ξυλεία</li>
<li>Στρώμα αφρού διπλής όψης με πάχος 15 εκ.</li>
<li>Επιφάνεια λεία και ανθεκτική κατάλληλη για παιδικό υπνοδωμάτιο</li>
<li>Εύκολη συντήρηση με απλό καθαρισμό</li>
</ul>"
284491,simple,9995255,,"Καναπές-κρεβάτι Reven Hm21329",1,0,visible,,"<p>Εντυπωσιάστε με τον καναπέ-κρεβάτι REVEN HM21329, έναν διαχρονικό συνδυασμό κομψότητας και λειτουργικότητας. Η μοναδική σύνθεση μαύρου μετάλλου και ξύλου σε απόχρωση DIRTY OAK δημιουργεί ένα μοντέρνο statement στο σαλόνι ή το υπνοδωμάτιό σας.</p> <p>Απολαύστε άνετο ύπνο με το υψηλής τεχνολογίας στρώμα συνεχόμενων ελατηρίων, σχεδιασμένο για σταθερή υποστήριξη χωρίς την ανάγκη αναποδογυρίσματος. Με διαστάσεις 92,5x200x97 εκ., ταιριάζει αρμονικά σε κάθε χώρο, προσφέροντας απεριόριστες δυνατότητες χρήσης.</p>",,,taxable,,1,27,,0,0,32.4,200,92.5,97,1,,,"149,89",Υπνοδωμάτιο,καναπές,,https://eboy.gr/app/uploads/sites/2/2026/05/kanapes-krebati-me-stroma-fb921329-metal.webp,,,,,,,,,0,B2BMarkt,ύψος,"97 εκ.",1,1,πλάτος,"92.5 εκ.",1,1,μήκος,"200 εκ.",1,1,B2BMarkt,75783,,"2026-05-09 23:24:10",B2BMarkt,"<ul>
<li>Κατασκευή από συνδυασμό μεταλλικών και ξύλινων στοιχείων σε μαύρο χρώμα και απόχρωση dirty oak.</li>
<li>Μεταλλικό σκελετός με 4 ξύλινες κολώνες στήριξης.</li>
<li>Στρώμα μονής όψης τεχνολογίας συνεχόμενων ελατηρίων, διαστάσεων 90x190εκ.</li>
<li>Επιφάνεια που δεν απαιτεί αναποδογύρισμα.</li>
<li>Απαιτεί ελάχιστη συντήρηση (ξεσκόνισμα και καθάρισμα με υγρό πανί).</li>
<li>Παράδοση σε εργοστασιακή συσκευασία, συναρμολογούμενο προϊόν.</li>
</ul>"
284493,simple,0507302,5208067207201,"Καρέκλα τραπεζαρίας Diaz",1,0,visible,,"<!DOCTYPE html> <html lang=""el""> <head><meta charset=""UTF-8""></head> <body> <p>Ανακαλύψτε την καρέκλα τραπεζαρίας DIAZ - μια τέλεια σύνθεση στυλ και άνεσης για το χώρο σας! Με μοντέρνο σχεδιασμό που ξεχωρίζει, προσφέρει την ιδανική επιλογή για σύγχρονους χώρους. Το γκρι ύφασμα σε συνδυασμό με τα κομψά μαύρα μεταλλικά πόδια δημιουργούν ένα αρμονικό σύνολο που συνδυάζει άνεση και αισθητική.</p> <p>Η DIAZ δεν είναι απλώς μια καρέκλα - είναι η έξυπνη επιλογή για το σπίτι ή τον επαγγελματικό σας χώρο. Ιδανική για καθημερινή χρήση, παρέχει στήριξη και άνεση, ενώ η ποιοτική κατασκευή της εξασφαλίζει μακροχρόνια αξιοπιστία. Μια πρόταση που συνδυάζει την πρακτικότητα με το μοντέρνο design, κατάλληλη για κάθε περίσταση.</p> </body> </html>",,,taxable,,1,639,,0,0,4.4,52,43,87,1,,,"19,99","Σαλόνι & Καθιστικό",καρέκλα,,https://eboy.gr/app/uploads/sites/2/2026/05/karekla-trapezarias-fb91834601-gkri-yfas.webp,,,,,,,,,0,B2BMarkt,ύψος,"87 εκ.",1,1,πλάτος,"43 εκ.",1,1,μήκος,"52 εκ.",1,1,B2BMarkt,75791,5208067207201,"2026-05-09 23:24:40",B2BMarkt,"<ul>
<li>Ύφασμα επένδυσης: Γκρι υψηλής αντοχής με αφρό 20kg/m³ πυκνότητας και πάχους 2cm για άνεση</li>
<li>Μεταλλικά πόδια: Από ατσάλι διαμέτρου Φ25-16mm, πάχους 1.0mm με ηλεκτροστατική βαφή μαύρου χρώματος (powder coating) για αντοχή στη φθορά και τη διάβρωση</li>
<li>Κατασκευή πτυσσόμενη (K/D): Εύκολη συναρμολόγηση/αποσυναρμολόγηση</li>
<li>Επιφάνεια καθίσματος: Μαλακή, κατάλληλη για μακροχρόνια χρήση με καλή υποστήριξη της σπονδυλικής στήλης</li>
<li>Φινίρισμα σκελετού: Αντιδιαβρωτική προστασία μέσω ηλεκτροστατικής βαφής υψηλής ποιότητας</li>
</ul>"
284495,simple,0507303,5208067207225,"Καρέκλα τραπεζαρίας Diaz",1,0,visible,,"<p>Αναζητάτε μια καρέκλα που να συνδυάζει την κομψότητα με την πρακτικότητα; Η καρέκλα τραπεζαρίας DIAZ είναι η ιδανική επιλογή για το σύγχρονο σπίτι σας. Με την απαλή μπεζ επένδυση υφάσματος, προσφέρει όχι μόνο μοναδική αισθητική αλλά και απαράμιλλη άνεση κατά τη διάρκεια των γευμάτων.</p> <p>Τα στιβαρά μεταλλικά πόδια σε μαύρη ηλεκτροστατική βαφή εξασφαλίζουν σταθερότητα και αντοχή στον χρόνο, ενώ ταιριάζουν αρμονικά με κάθε διακόσμηση. Είτε πρόκειται για το καθημερινό οικογενειακό τραπέζι είτε για επαγγελματικούς χώρους ή ενοικιαζόμενα δωμάτια (airbnb), η καρέκλα DIAZ αποτελεί μια value for money επιλογή που αναβαθμίζει τον χώρο σας.</p>",,,taxable,,1,470,,0,0,4.4,52,43,87,1,,,"19,99","Σαλόνι & Καθιστικό",καρέκλα,,https://eboy.gr/app/uploads/sites/2/2026/05/karekla-trapezarias-fb91834604-mpez-yfas.webp,,,,,,,,,0,B2BMarkt,ύψος,"87 εκ.",1,1,πλάτος,"43 εκ.",1,1,μήκος,"52 εκ.",1,1,B2BMarkt,75792,5208067207225,"2026-05-09 23:25:13",B2BMarkt,"<ul>
<li>Ύφασμα καθίσματος και πλάτης: Υψηλής αντοχής μπεζ ύφασμα με αφρό πυκνότητας 20kg/m³ πάχους 2cm.</li>
<li>Σκελετός: Μεταλλικός με διατομή Φ25-16mm από χάλυβα πάχους 1.0mm, επεξεργασμένος με ηλεκτροστατική βαφή (powder coating) μαύρου χρώματος.</li>
<li>Βάση ποδιών: Στρογγυλή μεταλλική διάμετρος 16mm, σταθερή κατασκευή τύπου K/D.</li>
<li>Αντοχή: Κατάλληλο για επαγγελματική χρήση σε χώρους εστίασης και airbnb.</li>
<li>Επιφάνεια καθίσματος: Εύκαμπτη, αεριζόμενη με άνετο αφρό για μακροχρόνια υποστήριξη.</li>
</ul>"
284497,simple,0507304,5208067207249,"Καρέκλα τραπεζαρίας Diaz",1,0,visible,,"<p>Εμπνευσμένη από το σύγχρονο design, η καρέκλα DIAZ μεταμορφώνει την τραπεζαρία σας σε χώρο υψηλής αισθητικής. Με τον μοναδικό συνδυασμό καφέ υφάσματος και μαύρων μεταλλικών ποδιών, δημιουργεί ένα κομψό αποτέλεσμα που εντυπωσιάζει. Η άνεση συναντά την αντοχή στη χρήση, καθώς τα ποιοτικά υλικά εξασφαλίζουν μακροχρόνια απόλαυση.</p> <p>Ιδανική επιλογή για όσους αναζητούν μια καρέκλα που συνδυάζει λειτουργικότητα με μοντέρνο στυλ, η DIAZ ταιριάζει σε κάθε χώρο - από το καθημερινό οικογενειακό τραπέζι μέχρι επαγγελματικά περιβάλλοντα και ενοικιαζόμενα καταλύματα. Προσθέστε ζεστασιά και πολυτέλεια στην τραπεζαρία σας χωρίς συμβιβασμούς στην ποιότητα.</p>",,,taxable,,1,254,,0,0,4.4,52,43,87,1,,,"19,99","Σαλόνι & Καθιστικό",καρέκλα,,https://eboy.gr/app/uploads/sites/2/2026/05/karekla-trapezarias-fb91834603-kafe-yfas.webp,,,,,,,,,0,B2BMarkt,ύψος,"87 εκ.",1,1,πλάτος,"43 εκ.",1,1,μήκος,"52 εκ.",1,1,B2BMarkt,75793,5208067207249,"2026-05-09 23:25:46",B2BMarkt,"<ul>
<li>Ύφασμα καθίσματος και πλάτης: Υψηλής αντοχής συνθετικό ύφασμα σε καφέ απόχρωση</li>
<li>Αφρός καθίσματος: Πυκνότητας 20kg/m³, πάχους 2 εκατοστών για άνεση</li>
<li>Μεταλλικός σκελετός: Από ατσάλι πάχους 1mm με διάμετρο ποδιών Φ25-16mm</li>
<li>Φινίρισμα: Μαύρη ηλεκτροστατική βαφή (powder coating) για προστασία από τη φθορά και τη σκουριά</li>
<li>Συγκόλληση: Βιομηχανική συγκόλληση υψηλής αντοχής</li>
<li>Σχεδιασμός αποσυναρμολόγησης: Εύκολη συναρμολόγηση/αποσυναρμολόγηση (K/D)</li>
</ul>"
284499,simple,0507305,5208067207263,"Καρέκλα τραπεζαρίας Diaz",1,0,visible,,"<!DOCTYPE html> <html lang=""el""> <head> <meta charset=""UTF-8""> </head> <body> <p>Αναβαθμίστε την τραπεζαρία σας με την καρέκλα DIAZ - μια κομψή επιλογή που συνδυάζει στυλ και άνεση. Η ξεχωριστή της σχεδίαση εντυπωσιάζει με το μοντέρνο μαύρο ύφασμα και τα στιβαρά μεταλλικά πόδια, δημιουργώντας ένα εντυπωσιακό αποτέλεσμα που θα τραβήξει όλα τα βλέμματα.</p> <p>Απολαύστε γεύματα σε έναν άνετο χώρο, χάρη στην εργονομική κατασκευή που προσφέρει υποστήριξη καθ' όλη τη διάρκεια του φαγητού. Ιδανική για καθημερινή χρήση αλλά και για ειδικές περιστάσεις, η καρέκλα DIAZ αποτελεί μια διαχρονική επένδυση για κάθε σύγχρονο σπίτι ή επαγγελματικό χώρο.</p> </body> </html>",,,taxable,,1,227,,0,0,4.4,52,43,87,1,,,"19,99","Σαλόνι & Καθιστικό",καρέκλα,,https://eboy.gr/app/uploads/sites/2/2026/05/karekla-trapezarias-fb91834602-mayro-yfa.webp,,,,,,,,,0,B2BMarkt,ύψος,"87 εκ.",1,1,πλάτος,"43 εκ.",1,1,μήκος,"52 εκ.",1,1,B2BMarkt,75794,5208067207263,"2026-05-09 23:26:15",B2BMarkt,"<ul>
<li>Ύφασμα καθίσματος, πλάτης και επένδυσης: Υψηλής αντοχής μαύρο ύφασμα με αφρό πυκνότητας 20kg/m³ πάχους 2εκ. για άνετη υποστήριξη.</li>
<li>Σκελετός και πόδια: Μεταλλικός σκελετός με πόδια διαμέτρου Φ25-16mm από μέταλλο πάχους 1.0mm, επεξεργασμένα με ηλεκτροστατική βαφή μαύρου χρώματος (powder coating) ανθεκτικά στη σκουριά και τη φθορά.</li>
<li>Συγκόλληση: Αδιάβροχη συγκόλληση για προστασία από υγρασία.</li>
<li>Αποσυναρμολόγηση: Σχεδιασμός τύπου Κ/D για εύκολη μεταφορά και αποθήκευση.</li>
<li>Επιφάνεια επαφής: Μαλακό ύφασμα με καλή ελαστικότητα για άνεση στη χρήση.</li>
</ul>"
284501,simple,0507306,5208067207348,"Καρέκλα τραπεζαρίας Perky",1,0,visible,,"<p>Ανακαλύψτε την τέλεια ισορροπία μεταξύ στυλ και άνεσης με την καρέκλα PERKY. Η σύγχρονη σχεδίαση σε μαύρο χρώμα μεταμορφώνει κάθε χώρο σε ένα κομψό καταφύγιο. Απολαύστε αξέχαστες στιγμές με οικογένεια και φίλους, περιτριγυρισμένοι από άνεση και πολυτέλεια.</p> <p>Τα στιβαρά μεταλλικά πόδια και το ανθεκτικό ύφασμα εξασφαλίζουν μακροχρόνια χρήση χωρίς συμβιβασμούς στην αισθητική. Ιδανική επιλογή για σύγχρονους χώρους που αναζητούν την τέλεια σύνθεση λειτουργικότητας και design. Η PERKY δεν είναι απλώς μια καρέκλα - είναι η καρδιά του σπιτιού σας!</p>",,,taxable,,1,270,,0,0,4.4,60,44,87,1,,,"22,49","Σαλόνι & Καθιστικό",καρέκλα,,https://eboy.gr/app/uploads/sites/2/2026/05/karekla-trapezarias-fb91834702-mayro-yfa.webp,,,,,,,,,0,B2BMarkt,ύψος,"87 εκ.",1,1,πλάτος,"44 εκ.",1,1,μήκος,"60 εκ.",1,1,B2BMarkt,75795,5208067207348,"2026-05-09 23:26:43",B2BMarkt,"<ul>
<li>Ύφασμα επένδυσης: Υψηλής αντοχής μαύρο ύφασμα με αφρό καθίσματος πυκνότητας 20kg/m³ και πάχους 2cm για άνετη στήριξη.</li>
<li>Σκελετός: Μεταλλικός σκελετός με πόδια διαμέτρου Φ25-16mm από μέταλλο πάχους 1,0mm, επεξεργασμένος με ηλεκτροστατική βαφή υψηλής αντοχής.</li>
<li>Ποδοστάτες: Στιβαρές μεταλλικές βάσεις σχεδιασμένες για σταθερότητα και αντοχή στη φθορά.</li>
<li>Αποσυναρμολόγηση: Δυνατότητα αποσυναρμολόγησης (K/D) για εύκολη μεταφορά και αποθήκευση.</li>
<li>Φινίρισμα: Μαύρο χρώμα σε όλα τα μέρη με επεξεργασία powder coating για προστασία από υγρασία και διάβρωση.</li>
</ul>"
284503,simple,0507307,5208067207324,"Καρέκλα τραπεζαρίας Perky",1,0,visible,,"<!DOCTYPE html> <html lang=""el""> <head> <meta charset=""UTF-8""> <title>Περιγραφή Καρέκλας PERKY</title> </head> <body> <p>Ανακαλύψτε την ΚΑΡΕΚΛΑ ΤΡΑΠΕΖΑΡΙΑΣ PERKY - ένα αριστούργημα συνδυασμού στυλ και άνεσης. Με τη γοητευτική διχρωμία καφέ υφάσματος και μαύρων μεταλλικών ποδιών, μεταμορφώνει τον προσωπικό σας χώρο σε σημείο αναφοράς για κάθε περίσταση.</p> <p>Η καινοτόμος σχεδίαση της προσφέρει απόλυτη στήριξη, ενώ η στιβαρή κατασκευή εγγυάται μακροχρόνια χρήση χωρίς συμβιβασμούς στην αισθητική. Ιδανική επιλογή για όσους αναζητούν μια καρέκλα που συνδυάζει την καθημερινή άνεση με τη μοντέρνα κομψότητα, προσαρμόζεται άψογα σε σύγχρονες κατοικίες και επαγγελματικούς χώρους. Επενδύστε σε ένα προϊόν υψηλής ποιότητας που θα αναδείξει το γούστο σας!</p> </body> </html>",,,taxable,,1,271,,0,0,4.4,60,44,87,1,,,"22,49","Σαλόνι & Καθιστικό",καρέκλα,,https://eboy.gr/app/uploads/sites/2/2026/05/karekla-trapezarias-fb91834703-kafe-yfas.webp,,,,,,,,,0,B2BMarkt,ύψος,"87 εκ.",1,1,πλάτος,"44 εκ.",1,1,μήκος,"60 εκ.",1,1,B2BMarkt,75796,5208067207324,"2026-05-09 23:27:12",B2BMarkt,"<ul>
<li>Ύφασμα καθίσματος και πλάτης από υψηλής αντοχής ύφασμα σε καφέ χρώμα.</li>
<li>Αφρός καθίσματος πυκνότητας 20kg/m³ και πάχους 2cm για ενισχυμένη άνεση.</li>
<li>Μεταλλικά πόδια διαμέτρου Φ25-16mm με πάχος μετάλλου 1,0mm.</li>
<li>Φινίρισμα μεταλλικών μερών με ανθεκτική μαύρη ηλεκτροστατική βαφή (powder coating).</li>
<li>Σχεδιασμός K/D (συναρμολογούμενο/αποσυναρμολογούμενο) για ευκολία στη μεταφορά και αποθήκευση.</li>
</ul>"
284505,simple,0507308,5208067207300,"Καρέκλα τραπεζαρίας Perky",1,0,visible,,"<p>Ανακαλύψτε την καρέκλα τραπεζαρίας PERKY, μια κομψή επιλογή για τους χώρους σας που συνδυάζει άψογα τη μοντέρνα αισθητική με την καθημερινή πρακτικότητα. Με το ελκυστικό συνδυασμό μπεζ υφάσματος και μαύρων μεταλλικών ποδιών, η PERKY μεταμορφώνει κάθε τραπέζι σε σημείο συνάντησης κομψότητας και άνεσης.</p> <p>Σχεδιασμένη για να ανταποκρίνεται στις σύγχρονες ανάγκες του σπιτιού ή του επαγγελματικού χώρου, προσφέρει απαράμιλλη σταθερότητα και αντοχή στη χρήση. Η επιλογή της είναι ιδανική τόσο για καθημερινή όσο και για περιστασιακή χρήση, κάνοντας κάθε γεύμα μια ξεχωριστή εμπειρία. Ετοιμαστείτε να δημιουργήσετε το τέλειο σκηνικό για αξέχαστες στιγμές με την καρέκλα PERKY.</p>",,,taxable,,1,491,,0,0,4.4,60,44,87,1,,,"22,49","Σαλόνι & Καθιστικό",καρέκλα,,https://eboy.gr/app/uploads/sites/2/2026/05/karekla-trapezarias-fb91834704-mpez-yfas.webp,,,,,,,,,0,B2BMarkt,ύψος,"87 εκ.",1,1,πλάτος,"44 εκ.",1,1,μήκος,"60 εκ.",1,1,B2BMarkt,75797,5208067207300,"2026-05-09 23:27:40",B2BMarkt,"<ul>
<li>Ύφασμα επένδυσης: Υψηλής αντοχής, μπεζ χρώμα, αφρός πυκνότητας 20kg/m³ πάχους 2εκ. για άνεση</li>
<li>Μεταλλικός σκελετός: Κατασκευασμένος από χάλυβα πάχους 1mm με διάμετρο ποδιών Φ25-16mm</li>
<li>Φινίρισμα: Μαύρη ηλεκτροστατική βαφή (powder coating) ανθεκτική στη σκουριά και τη φθορά</li>
<li>Συγκόλληση: Επαγγελματική συγκόλληση για μέγιστη αντοχή και σταθερότητα</li>
<li>Σχεδιασμός αποσυναρμολόγησης: Κατασκευή K/D για εύκολη μεταφορά και αποθήκευση</li>
</ul>"
284507,simple,0507309,5208067207287,"Καρέκλα τραπεζαρίας Perky",1,0,visible,,"<p>Ανακαλύψτε την καρέκλα τραπεζαρίας PERKY - την ιδανική επιλογή για κάθε σύγχρονο χώρο. Με τον κομψό συνδυασμό γκρι υφάσματος και μαύρων μεταλλικών ποδιών, η PERKY μεταμορφώνει το τραπέζι σας σε σημείο αναφοράς του σπιτιού σας.</p> <p>Απολαύστε άνεση χωρίς συμβιβασμούς στην αισθητική. Η εργονομική σχεδίασή της εξασφαλίζει χαλάρωση στη διάρκεια των γευμάτων, ενώ η ανθεκτική κατασκευή από υψηλής ποιότητας υλικά εγγυάται μακροχρόνια χρήση. Ιδανική επιλογή για όσους αναζητούν την τέλεια ισορροπία μεταξύ στυλ και πρακτικότητας στον εσωτερικό τους χώρο.</p>",,,taxable,,1,694,,0,0,4.4,60,44,87,1,,,"22,49","Σαλόνι & Καθιστικό",καρέκλα,,https://eboy.gr/app/uploads/sites/2/2026/05/karekla-trapezarias-fb91834701-gkri-yfas.webp,,,,,,,,,0,B2BMarkt,ύψος,"87 εκ.",1,1,πλάτος,"44 εκ.",1,1,μήκος,"60 εκ.",1,1,B2BMarkt,75798,5208067207287,"2026-05-09 23:28:10",B2BMarkt,"<ul>
<li>Ύφασμα καθίσματος, πλάτης και επένδυσης από υψηλής αντοχής συνθετικό ύφασμα γκρι χρώματος.</li>
<li>Αφρός καθίσματος πυκνότητας 20kg/m³ και πάχους 2cm για ενισχυμένη άνεση.</li>
<li>Μεταλλικός σκελετός με πόδια διαμέτρου Φ25-16mm και πάχος μετάλλου 1,0mm.</li>
<li>Φινίρισμα με ανθεκτική μαύρη ηλεκτροστατική βαφή (powder coating) για προστασία από σκουριά και φθορά.</li>
<li>Σχεδιασμός K/D (Knit & Dwell) που επιτρέπει την εύκολη αποσυναρμολόγηση και μεταφορά.</li>
</ul>"
284509,simple,0521319,5208067203524,"Καρέκλα γραφείου Blazer",1,0,visible,,"<p> Ανακαλύψτε την καρέκλα γραφείου BLAZER - το απόλυτο συνδυασμό στυλ και εργονομίας. Η κομψή μαύρη απόχρωση με το μοναδικό ύφασμα mesh δημιουργεί ένα σύγχρονο γραφείο που θα τραβήξει τα βλέμματα. Απολαύστε κορυφαία άνεση χάρη στο ρυθμιζόμενο προσκέφαλο και τον υποστηρικτικό μηχανισμό για τη μέση, σχεδιασμένο να ξεκουράζει σώμα και πνεύμα καθ' όλη τη διάρκεια της ημέρας. Η καρέκλα BLAZER συνδυάζει την κομψότητα με την αντοχή, προσφέροντας μια πολυτελή εμπειρία εργασίας ή μελέτης. Διαθέσιμη σε διαστάσεις 60x58x110-130Υ εκ, μεταμορφώνει τον επαγγελματικό σας χώρο σε ένα άνετο καταφύγιο. </p>",,,taxable,,1,267,,0,0,9.95,58,60,110,1,,,"42,99",Γραφείο,καρέκλα,,https://eboy.gr/app/uploads/sites/2/2026/05/karekla-grafeioy-fb9120501-mayro-mesh-ma.webp,,,,,,,,,0,B2BMarkt,ύψος,"110 εκ.",1,1,πλάτος,"60 εκ.",1,1,μήκος,"58 εκ.",1,1,B2BMarkt,75799,5208067203524,"2026-05-09 23:28:38",B2BMarkt,"<ul>
<li>Κάλυμμα καθίσματος και πλάτης από διάτρητο διπλό ύφασμα mesh μαύρο με υψηλή διαπνοή</li>
<li>Ανεξάρτητο ρυθμιζόμενο προσκέφαλο για εξατομικευμένη στήριξη αυχένα</li>
<li>Έλεγχος ύψους και κλίσης καθίσματος μέσω μοχλού για βέλτιστη εργονομία</li>
<li>Μπράτσα από ανθεκτικό υλικό Nylon σε μαύρο χρώμα με σταθερή βάση</li>
<li>Μεταλλική ανάρτηση Class 2 με αντοχή έως 100 κιλά βάρος</li>
<li>Αντιολισθητική βάση 5-νυχη από Nylon με ροδάκια διαμέτρου 50mm για εύκολη μετακίνηση</li>
</ul>"
284511,simple,0521320,5208067203531,"Καρεκλα γραφειου Blazer",1,0,visible,,"<!DOCTYPE html> <html lang=""el""> <head> <meta charset=""UTF-8""> <title>Καρέκλα Γραφείου Blazer</title> </head> <body> <p>Αναβαθμίστε το χώρο εργασίας σας με την καρέκλα γραφείου BLAZER, την ιδανική επιλογή για όσους αναζητούν άνεση και στυλ. Η κομψή μπλε απόχρωση με το διάτρητο ύφασμα mesh προσδίδει μοντέρνα αισθητική στο γραφείο σας, ενώ ταυτόχρονα προσφέρει κορυφαία εργονομία.</p> <p>Απολαύστε ξεκούραστη εργασία χάρη στα ρυθμιζόμενα στοιχεία της: άνετο προσκέφαλο, μαλακό κάθισμα και πλάτη με αφρώδη υλικά, καθώς και στήριξη μέσης για πλήρη άνεση. Η εύκολη ρύθμιση ύψους και ανάκλισης μαζί με την ανάρτηση Class 2 εξασφαλίζουν άψογη σταθερότητα. Η BLAZER συνδυάζει λειτουργικότητα, ποιότητα κατασκευής και αισθητική σε ένα κομψό πακέτο.</p> </body> </html>",,,taxable,,1,78,,0,0,9.95,58,60,110,1,,,"42,99",Γραφείο,καρέκλα,,https://eboy.gr/app/uploads/sites/2/2026/05/karekla-grafeioy-fb9120503-mple-mesh-may.webp,,,,,,,,,0,B2BMarkt,ύψος,"110 εκ.",1,1,πλάτος,"60 εκ.",1,1,μήκος,"58 εκ.",1,1,B2BMarkt,75800,5208067203531,"2026-05-09 23:29:07",B2BMarkt,"<ul>
<li>Κατασκευή από ανθεκτικό nylon υλικό σε μαύρο χρώμα για τον σκελετό, μπράτσα και ροδάκια.</li>
<li>Επένδυση με διάτρητο διπλό ύφασμα mesh σε μπλε χρώμα για αερισμό και άνεση.</li>
<li>Ανεξάρτητο ρυθμιζόμενο προσκέφαλο για εξατομικευμένη υποστήριξη.</li>
<li>Αναπαυτικό κάθισμα και πλάτη με αφρώδες υλικό 60D πυκνότητας.</li>
<li>Σύστημα ανάρτησης Class 2 για απορρόφηση κραδασμών.</li>
<li>Ρυθμιζόμενα χαρακτηριστικά: ύψος καθίσματος (42-52εκ), μπράτσων (62-72εκ) και ανάκλισης.</li>
</ul>"
284513,simple,0521322,5208067203555,"Καρέκλα γραφείου Blazer",1,0,visible,,"<p>Αναβαθμίστε την καθημερινή σας εμπειρία στο γραφείο με την καρέκλα Blazer - την επιτομή του στυλ και της άνεσης. Σχεδιασμένη με προσοχή στη λεπτομέρεια, συνδυάζει την κομψότητα με την εργονομία, προσφέροντας μια μοναδική εμπειρία εργασίας.</p> <p>Με την ιδιαίτερη σχεδιαστική πινελιά της σε γκρι αποχρώσεις που αποπνέουν επαγγελματισμό, η Blazer αποτελεί ιδανική επιλογή για όσους αναζητούν τόσο αισθητική όσο και ποιότητα. Η άνετη θέση και τα ρυθμιζόμενα στοιχεία την καθιστούν ιδανική για μακρές ώρες εργασίας, ενώ η premium κατασκευή της εγγυάται αντοχή στο χρόνο.</p>",,,taxable,,1,43,,0,0,9.95,58,60,110,1,,,"44,9",Γραφείο,καρέκλα,,https://eboy.gr/app/uploads/sites/2/2026/05/karekla-grafeioy-fb9120502-gkri-mesh-ley.webp,,,,,,,,,0,B2BMarkt,ύψος,"110 εκ.",1,1,πλάτος,"60 εκ.",1,1,μήκος,"58 εκ.",1,1,B2BMarkt,75802,5208067203555,"2026-05-09 23:29:44",B2BMarkt,"<ul>
<li>Ύφασμα επένδυσης από διάτρητο διπλό ύφασμα mesh υψηλής ποιότητας σε γκρι χρώμα.</li>
<li>Ανεξάρτητος ρυθμιζόμενος μηχανισμός προσκέφαλου για εξατομικευμένη υποστήριξη.</li>
<li>Κάθισμα και πλάτη με αναπαυτικό αφρώδες υλικό 60D πυκνότητας.</li>
<li>Μπράτσα κατασκευασμένα από ανθεκτικό νάιλον (Nylon) σε λευκό χρώμα.</li>
<li>Βάση 5-νυχη από ενισχυμένο νάιλον με ροδάκια διαμέτρου 50mm μαύρου χρώματος με λευκή ρίγα για εύκολη μετακίνηση.</li>
<li>Σύστημα μεταλλικής ανάρτησης Class 2 για εξαιρετική αντοχή και σταθερότητα.</li>
</ul>"
284515,simple,0521323,5208067203562,"Καρέκλα γραφείου Blazer",1,0,visible,,"<p> Ανακαλύψτε την καρέκλα γραφείου BLAZER, το απόλυτο καταφύγιο άνεσης στον εργασιακό σας χώρο. Με την προηγμένη σχεδίασή της, προσφέρει μια μοναδική εμπειρία καθίσματος που συνδυάζει άψογα την εργονομία με το στυλ. Το εντυπωσιακό διάτρητο ύφασμα mesh σε γκρι απόχρωση δημιουργεί ένα σύγχρονο look ενώ εξασφαλίζει μέγιστη αναπνοή και άνεση. Η ανεξάρτητη ρύθμιση του προσκέφαλου μαζί με το αναπαυτικό αφρώδες υλικό στην πλάτη και το κάθισμα, δημιουργούν τις ιδανικές συνθήκες για παρατεταμένη χρήση χωρίς κόπωση. </p> <p> Η εργονομική της σχεδίαση περιλαμβάνει άνετο στήριγμα μέσης και ρυθμιζόμενο ύψος καθίσματος, προσαρμόζοντας τέλεια σε κάθε σωματότυπο. Τα μαύρα στοιχεία από nylon - μπράτσα, βάση και ρόδες - προσδίδουν διαχρονική αισθητική και αντοχή. Η καρέκλα BLAZER δεν είναι απλά ένα έπιπλο γραφείου, αλλά μια επένδυση στην καθημερινή σας άνεση και υγεία. </p>",,,taxable,,1,180,,0,0,9.95,58,60,110,1,,,"42,99",Γραφείο,καρέκλα,,https://eboy.gr/app/uploads/sites/2/2026/05/karekla-grafeioy-fb9120505-gkri-mesh-may.webp,,,,,,,,,0,B2BMarkt,ύψος,"110 εκ.",1,1,πλάτος,"60 εκ.",1,1,μήκος,"58 εκ.",1,1,B2BMarkt,75803,5208067203562,"2026-05-09 23:30:34",B2BMarkt,"<ul>
<li>Ύφασμα επένδυσης από διάτρητο διπλό mesh υψηλής ποιότητας σε γκρι χρώμα.</li>
<li>Ανεξάρτητο ρυθμιζόμενο προσκέφαλο για εξατομικευμένη στήριξη αυχένα.</li>
<li>Κάθισμα και πλάτη με αναπαυτικό αφρώδες υλικό 60D πυκνότητας.</li>
<li>Μπράτσα κατασκευασμένα από ανθεκτικό nylon με μαύρο ματ φινίρισμα.</li>
<li>Βάση πέντε ακτίνων από ενισχυμένο nylon για αυξημένη σταθερότητα.</li>
<li>Ροδάκια διαμέτρου 50mm από nylon για ομαλή κύλιση και αντοχή στη χρήση.</li>
</ul>"
284517,simple,9995251,,"Κρεβάτι Playroom Hm21326",1,0,visible,,"<p>Φέρτε τη χαρά και την άνεση στο παιδικό δωμάτιο με το εντυπωσιακό κρεβάτι PLAYROOM Hm21326. Ένα μοντέρνο έπιπλο που συνδυάζει πρακτικότητα και στυλ, ιδανικό για μικρούς εξερευνητές! Κατασκευασμένο από ανθεκτική μελαμίνη σε ζεστές αποχρώσεις sonama και σιέλ, δημιουργεί ένα χαρούμενο περιβάλλον μάθησης και παιχνιδιού.</p> <p>Το έξυπνο σχεδιαστικό του στοιχείο είναι το ευρύχωρο συρτάρι αποθήκευσης στο ποδαρικό, που εξασφαλίζει τάξη και οργάνωση στο παιδικό δωμάτιο. Το άνετο στρώμα τεχνολογίας συνεχόμενων ελατηρίων προσφέρει βέλτιστη στήριξη, ενώ η ανθεκτική κατασκευή εγγυάται μακροχρόνια χρήση χωρίς ανησυχίες. Με διαστάσεις 99x197x92εκ, ταιριάζει τέλεια σε κάθε χώρο, δημιουργώντας ένα ζεστό καταφύγιο για ατελείωτο παιχνίδι και ξεκούραση.</p>",,,taxable,,1,5,,0,0,65,197,99,92,1,,,"190,67",Υπνοδωμάτιο,κρεβάτι,,https://eboy.gr/app/uploads/sites/2/2026/05/krebati-paidiko-me-syrtari-playroom-fb92.webp,,,,,,,,,0,B2BMarkt,ύψος,"92 εκ.",1,1,πλάτος,"99 εκ.",1,1,μήκος,"197 εκ.",1,1,B2BMarkt,75805,,"2026-05-09 23:31:26",B2BMarkt,"<ul>
<li>Κατασκευή από μελαμίνη υψηλής ποιότητας σε αποχρώσεις sonama και σιέλ</li>
<li>Ενσωματωμένο συρτάρι αποθήκευσης στο ποδαρικό με διαστάσεις 80x42,5x8 εκ</li>
<li>Στρώμα τεχνολογίας συνεχόμενων ελατηρίων μονής όψης (δεν αναποδογυρίζεται)</li>
<li>Επιφάνεια ανθεκτική στη σκόνη, καθαρίζεται εύκολα με υγρό πανί</li>
<li>Προϊόν παραδίδεται έτοιμο για συναρμολόγηση σε εργοστασιακές συσκευασίες</li>
</ul>"
284519,simple,9995252,,"Κρεβάτι Playroom",1,0,visible,,"<!DOCTYPE html> <html lang=""el""> <head> <meta charset=""UTF-8""> <title>Κρεβάτι Playroom</title> <meta name=""description"" content=""Το ιδανικό παιδικό κρεβάτι για μοντέρνο και λειτουργικό υπνοδωμάτιο.""> </head> <body> <p>Εμπιστευτείτε το ύπνο του παιδιού σας στο υπέροχο κρεβάτι PLAYROOM - την τέλεια επιλογή για τους σύγχρονους γονείς! Συνδυάζοντας κομψότητα και πρακτικότητα, δημιουργεί ένα αρμονικό περιβάλλον ύπνου με τα ζεστά χρώματα sonama και ροζ. Το έξυπνο σχεδιασμό του συμπληρώνει κάθε παιδικό δωμάτιο, προσφέροντας παράλληλα άφθονο αποθηκευτικό χώρο χάρη στο ευρύχωρο συρτάρι.</p> <p>Η άνεση είναι εγγυημένη, καθώς το στρώμα τεχνολογίας συνεχόμενων ελατηρίων παρέχει εξαιρετική υποστήριξη χωρίς την ανάγκη συχνής αναποδογύρισης. Με διαστάσεις 99x197x92 εκ., προσαρμόζεται ιδανικά σε κάθε παιδικό υπνοδωμάτιο, δημιουργώντας έναν ασφαλή και φιλόξενο χώρο για όνειρα γλυκά.</p> </body> </html>",,,taxable,,1,35,,0,0,63.6,197,99,92,1,,,"190,67",Υπνοδωμάτιο,κρεβάτι,,https://eboy.gr/app/uploads/sites/2/2026/05/krebati-paidiko-me-syrtari-fb92132601-me.webp,,,,,,,,,0,B2BMarkt,ύψος,"92 εκ.",1,1,πλάτος,"99 εκ.",1,1,μήκος,"197 εκ.",1,1,B2BMarkt,75806,,"2026-05-09 23:32:08",B2BMarkt,"<ul>
<li>Κατασκευή από μελαμίνη υψηλής ποιότητας σε χρώματα sonama και ροζ.</li>
<li>Ενσωματωμένο συρτάρι αποθήκευσης κάτω από το ποδαρικό διαστάσεων 80x42,5x8 εκ.</li>
<li>Στρώμα τεχνολογίας συνεχόμενων ελατηρίων μονής όψης (δεν αναποδογυρίζεται).</li>
<li>Επιφάνεια μελαμίνης για εύκολη συντήρηση - καθαρισμός με ξεσκόνισμα ή υγρό πανί.</li>
<li>Προσφέρει σταθερό και ανθεκτικό σκελετό για μακροχρόνια χρήση.</li>
</ul>"
284521,simple,0612967,5208067199230,"Γωνιακός καναπές Oracle",1,0,visible,,"<!DOCTYPE html> <html lang=""el""> <head><meta charset=""UTF-8""></head> <body> <p>O γωνιακός καναπές Oracle της Homemarkt επαναπροσδιορίζει την έννοια του άνετου χώρου χαλάρωσης. Με την κομψή του σχεδίαση και την κορυφαία ποιότητα κατασκευής, μετατρέπεται σε κεντρικό σημείο του σπιτιού σας. Η καινοτόμος κατασκευή από 5 ενωμένα τμήματα με έξυπνους μηχανισμούς προσφέρει μέγιστη ευελιξία και άνεση.</p> <p>Απολαύστε τις στιγμές σας στις αναπαυτικές πολυθρόνες με το άγγιγμα ενός κουμπιού - η ηλεκτρική ανάκληση γίνεται η νέα σας συνήθεια! Και μην ξεχνάτε: οι ενσωματωμένες θύρες USB δίπλα στους διακόπτες προσφέρουν πρακτική λύση για τη φόρτιση των συσκευών σας. Ο Oracle δεν είναι απλώς ένας καναπές, αλλά η καρδιά του σπιτιού σας που συνδυάζει στυλ, άνεση και λειτουργικότητα.</p> </body> </html>",,,taxable,,1,12,,0,0,176.5,260,260,90,1,,,"1649,9","Σαλόνι & Καθιστικό",καναπές,,https://eboy.gr/app/uploads/sites/2/2026/05/goniakos-kanapes-me-recline-fb9329001-gk.webp,,,,,,,,,0,B2BMarkt,ύψος,"90 εκ.",1,1,πλάτος,"260 εκ.",1,1,μήκος,"260 εκ.",1,1,B2BMarkt,75812,5208067199230,"2026-05-09 23:32:51",B2BMarkt,"<ul>
<li>Κατασκευή από ανθεκτικό σκελετό με μεταλλικούς αναρτήρες σύνδεσης των πάνελ</li>
<li>Πολυθρόνες με ηλεκτρική λειτουργία ανάκλισης 2 θέσεων</li>
<li>Θύρες USB ενσωματωμένες στους διακόπτες ανάκλισης στις πολυθρόνες</li>
<li>Επένδυση με γκρι ύφασμα υψηλής αντοχής στην τριβή και τον καθαρισμό</li>
<li>Υψηλής ποιότητας ρυθμιζόμενα πόδια (height adjustable) 74-94 εκ.</li>
</ul>"
284523,simple,0612968,5208067199292,"Γωνιακός καναπές Oracle",1,0,visible,,"<!DOCTYPE html> <html lang=""el""> <head><meta charset=""UTF-8""></head> <body> <p>Εμπλουτίστε το χώρο σας με τον μοναδικό Oracle, τον εντυπωσιακό γωνιακό καναπέ που συνδυάζει άψογα λειτουργικότητα και στυλ. Η καινοτόμος σχεδιαστική του φιλοσοφία προσφέρει απόλυτη άνεση σε κάθε στιγμή της ημέρας - είτε χαλαρώνετε μετά από μια απαιτητική ημέρα είτε υποδέχεστε φίλους για κινηματογραφική βραδιά.</p> <p>Με την εργονομική ηλεκτρική ανάκλιση στις πολυθρονικές μονάδες του, ο καναπές Oracle μεταμορφώνεται σε χώρο χαλάρωσης. Η πρακτικότητα ενισχύεται με τις ενσωματωμένες θύρες USB δίπλα στους διακόπτες, επιτρέποντάς σας να διατηρείτε τις συσκευές σας φορτισμένες κατά τη διάρκεια της ψυχαγωγίας.</p> </body> </html>",,,taxable,,1,4,,0,0,176.5,260,260,90,1,,,"1649,9","Σαλόνι & Καθιστικό",καναπές,,https://eboy.gr/app/uploads/sites/2/2026/05/goniakos-kanapes-me-recline-fb9329002-mp.webp,,,,,,,,,0,B2BMarkt,ύψος,"90 εκ.",1,1,πλάτος,"260 εκ.",1,1,μήκος,"260 εκ.",1,1,B2BMarkt,75813,5208067199292,"2026-05-09 23:33:29",B2BMarkt,"<ul>
<li>Κατασκευή από ανθεκτικό μεταλλικό σκελετό με πλαστικά μέρη υψηλής αντοχής.</li>
<li>Αναδιπλούμενη πολυθρονική δομή στις άκρες με ηλεκτρικό μηχανισμό recline (υποπόδιο).</li>
<li>Σύστημα σύνδεσης με ελαστικούς αναρτήρες πάνελ για εύκολη συναρμολόγηση και αποσυναρμολόγηση.</li>
<li>Επιφάνεια σε μπεζ απόχρωση από ανθεκτικό συνθετικό ύφασμα easy-clean.</li>
<li>Θύρες USB στις θέσεις ελέγχου του recline για φόρτιση συσκευών.</li>
</ul>"
284525,simple,0535903,5208067203746,"Πολυθρόνα χώρου Strider",1,0,visible,,"<!DOCTYPE html> <html lang=""el""> <head> <meta charset=""UTF-8""> <title>Πολυθρόνα Strider - Η Τέλεια Απόλαυση</title> </head> <body> <p>Απολαύστε μοναδικές στιγμές χαλάρωσης με την πολυθρόνα STRIDER, τον ιδανικό σύντροφο για τους εξωτερικούς χώρους σας. Σχεδιασμένη με μοντέρνο στυλ και υψηλή αντοχή στη χρήση, προσφέρει άριστη ποιότητα και άνεση.</p> <p>Η μοναδική σύνθεση από ανθεκτικό σκελετό σε γκρι απόχρωση και άνετο κάθισμα από καφέ σχοινί δημιουργεί ένα κομψό αποτέλεσμα που θα αναδείξει κάθε εξωτερικό χώρο. Ιδανική για βεράντες, κήπους ή επαγγελματικούς χώρους, συνδυάζει την πρακτικότητα με το στυλ, εξασφαλίζοντας μακροχρόνια απόλαυση.</p> </body> </html>",,,taxable,,1,5,,0,0,5,53,57,80,1,,,"37,9","Κήπος & Εξωτερικός Χώρος",πολυθρόνα,,https://eboy.gr/app/uploads/sites/2/2026/05/polythrona-exchoroy-fb9639103-gkri-polyp.webp,,,,,,,,,0,B2BMarkt,ύψος,"80 εκ.",1,1,πλάτος,"57 εκ.",1,1,μήκος,"53 εκ.",1,1,B2BMarkt,75828,5208067203746,"2026-05-09 23:34:09",B2BMarkt,"<ul>
<li>Σκελετός κατασκευασμένος από πολυπροπυλένιο υψηλής αντοχής με γκρι φινίρισμα.</li>
<li>Κάθισμα και πλάτη επενδυμένα με συνθετικό σχοινί σε καφέ απόχρωση για άνεση και αντοχή στην υγρασία.</li>
<li>Ανθεκτική κατασκευή κατάλληλη για εξωτερική χρήση με πιστοποίηση για έκθεση σε καιρικές συνθήκες.</li>
<li>Διαπνέον υλικό επένδυσης που επιτρέπει τον αερισμό του καθίσματος.</li>
<li>Σταθερά μπράτσα ύψους 65 εκ. με εργονομικό σχεδιασμό.</li>
</ul>"
284527,simple,0521375,5208067210379,"Επένδυση Velura",1,0,visible,,"<!DOCTYPE html> <html lang=""el""> <head> <meta charset=""UTF-8""> <title>Επίστρωμα Velura - Η Άριστη Προστασία για το Στρώμα σας</title> </head> <body> <p>Ανακαλύψτε την άνεση και την πολυτέλεια του επιστρώματος Velura, του τέλειου συντρόφου για κάθε στρώμα. Το επίστρωμα αυτό είναι η έξυπνη επιλογή για όσους αναζητούν προστασία και υγιεινή στο υπνοδωμάτιό τους.</p> <p>Με εκλεπτυσμένη απαλότητα και προσεγμένη υφή, το Velura προσφέρει πολλαπλά οφέλη: προστατεύει το στρώμα σας από λεκέδες και φθορά, διατηρεί την καθαριότητά του και παρέχει μια βελούδινη αίσθηση σε κάθε επαφή. Η κομψή του εμφάνιση αναβαθμίζει την αισθητική του χώρου σας, προσφέροντας μια ολοκληρωμένη εμπειρία χαλάρωσης.</p> </body> </html>",,,taxable,,1,7,,0,0,0.7,200,90,,1,,,"13,84",Διακόσμηση,μαξιλάρι,,https://eboy.gr/app/uploads/sites/2/2026/05/epistroma-adiabrocho-fb91217490-microfib.webp,,,,,,,,,0,B2BMarkt,πλάτος,"90 εκ.",1,1,μήκος,"200 εκ.",1,1,,,,,B2BMarkt,75831,5208067210379,"2026-05-09 23:34:50",B2BMarkt,"<ul>
<li>Πάχος: Λεπτό, παρόμοιο με λεπτό πάπλωμα</li>
<li>Υφάσματα κατασκευής: Σύνθετα υφάσματα υψηλής ποιότητας για αντοχή και άνεση</li>
<li>Προστατευτική λειτουργία: Απορροφά και συγκρατεί υγρά λεκέδες από το στρώμα</li>
<li>Ελαστικότητα: Προσαρμόζεται στο σχήμα του στρώματος με λάστιχα στις γωνίες</li>
<li>Αντιολισθηρή επιφάνεια: Βελτιώνει την σταθερότητα κατά τον ύπνο</li>
<li>Πλένεται: Εύκολο πλύσιμο για συντήρηση</li>
<li>Θερμομονωτική ιδιότητα: Διατηρεί τη θερμοκρασία σώματος</li>
</ul>"
284529,simple,0521374,5208067210362,"Επιστρωμα Velura Hm12174",1,0,visible,,"<!DOCTYPE html> <html lang=""el""> <head> <meta charset=""UTF-8""> <title>Επιστρωμα Velura Hm12174</title> </head> <body> <p>Αναβαθμίστε την ποιότητα ύπνου σας με το πολυτελές επίστρωμα VELURA HM12174 - την τέλεια επιλογή για όσους αναζητούν άνεση και πολυτέλεια στο υπνοδωμάτιό τους. Σχεδιασμένο για να προσφέρει μια ανώτερη εμπειρία ξεκούρασης, αυτό το επίστρωμα δημιουργεί ένα προστατευτικό στρώμα μεταξύ του στρώματος και των σεντονιών, εξασφαλίζοντας απόλυτη υγιεινή.</p> <p>Η απαλή υφή Velura αγκαλιάζει την επιδερμίδα, προσφέροντας μοναδική αίσθηση πολυτέλειας. Με προσεγμένη κατασκευή και έμφαση στην ποιότητα, το επίστρωμα αυτό όχι μόνο προστατεύει αλλά αναβαθμίζει αισθητικά τον ύπνο σας. Απολαύστε ξεκούραση σε ένα περιβάλλον υψηλής αισθητικής και υγιεινής.</p> </body> </html>",,,taxable,,1,1,,0,0,0.8,200,160,,1,,,"19,99",Διακόσμηση,στρώμα,,https://eboy.gr/app/uploads/sites/2/2026/05/epistroma-adiabrocho-fb912174160-microfi.webp,,,,,,,,,0,B2BMarkt,πλάτος,"160 εκ.",1,1,μήκος,"200 εκ.",1,1,,,,,B2BMarkt,75832,5208067210362,"2026-05-09 23:35:27",B2BMarkt,"<ul>
<li>Κατασκευασμένο από ύφασμα Velura με μαλακή υφή για άνετη αίσθηση.</li>
<li>Προσφέρει προστασία και αδιάβροχη κάλυψη στο στρώμα.</li>
<li>Διαθέτει ελαστικές άκρες στις τέσσερις πλευρές για σταθερή εφαρμογή.</li>
<li>Εύκολο στη συντήρηση καθώς πλένεται στο πλυντήριο.</li>
<li>Βελτιώνει την άνεση του στρώματος εξομαλύνοντας μικρές ανωμαλίες.</li>
</ul>"
284531,simple,0509879,5208067199797,"Πολυθρόνα σαλόνι Relax Drosen",1,0,visible,,"<!DOCTYPE html> <html lang=""el""> <head><meta charset=""UTF-8""></head> <body> <p>Αναβαθμίστε την εμπειρία του καθιστικού σας με την Πολυθρόνα Relax Drosen - το απόλυτο καταφύγιο χαλάρωσης! Σχεδιασμένη για μέγιστη άνεση, προσφέρει μια μοναδική εμπειρία ξεκούρασης. Ο καινοτόμος μηχανισμός relax επιτρέπει την πλήρη ανάκλιση της πλάτης και επέκταση του υποποδίου, εξασφαλίζοντας απόλυτη χαλάρωση μετά από μια απαιτητική μέρα.</p> <p>Η κομψότητα συναντά την πρακτικότητα στη γκρι εκδοχή του υφάσματος, δημιουργώντας ένα διαχρονικό κομμάτι που συνδυάζει άριστα την αισθητική με τη λειτουργικότητα. Απολαύστε στιγμές χαλάρωσης σε αυτό το πολυπόθητο καταφύγιο στο σπίτι σας, όπου η ποιότητα και ο σχεδιασμός συναντιούνται αρμονικά.</p> </body> </html>",,,taxable,,1,15,,0,0,26,80,68,93,1,,,"199,9","Σαλόνι & Καθιστικό",πολυθρόνα,,https://eboy.gr/app/uploads/sites/2/2026/05/polythrona-salonioy-relax-fb9329901-gkri.webp,,,,,,,,,0,B2BMarkt,ύψος,"93 εκ.",1,1,πλάτος,"68 εκ.",1,1,μήκος,"80 εκ.",1,1,B2BMarkt,75879,5208067199797,"2026-05-09 23:36:02",B2BMarkt,"<ul>
<li>Μηχανισμός relax με ανάκλιση πλάτης και επέκταση υποποδίου</li>
<li>Ψηλή πλάτη από ανθεκτικό σκελετό</li>
<li>Επένδυση με γκρι ύφασμα υψηλής αντοχής στη φθορά</li>
<li>Ενσωματωμένο πτυσσόμενο υποπόδιο για επιπλέον άνεση</li>
<li>Ανθεκτική κατασκευή για καθημερινή χρήση</li>
<li>Εύκολη συντήρηση υφάσματος</li>
</ul>"
284533,simple,0521376,5208067210386,"Μαξιλάροθηκες Velura Ultra",1,0,visible,,"<p>Ανακαλύψτε την απόλυτη προστασία για το μαξιλάρι σας με τις καινοτόμες Μαξιλαροθήκες Velura Ultra. Η μοναδική τους σύνθεση από ανώτερης ποιότητας μικροΐνες και επίστρωση PU δημιουργεί μια αδιάβροχη ασπίδα που κρατά μακριά υγρασία και λεκέδες, εξασφαλίζοντας ένα υγιεινά καθαρό περιβάλλον ύπνου.</p> <p>Με την βελούδινη καπιτονέ επιφάνειά τους και το πρακτικό φερμουάρ, προσφέρουν όχι μόνο μέγιστη προστασία αλλά και απαράμιλλη άνεση. Η διακριτική κομψότητά τους τις καθιστά ιδανική επιλογή για κάθε χώρο, συνδυάζοντας την πρακτικότητα με την αισθητική. Επενδύστε στην ποιότητα που φροντίζει τον ύπνο σας.</p>",,,taxable,,1,18,,0,0,1,70,50,,1,,,"12,3",Διακόσμηση,μαξιλάρι,,https://eboy.gr/app/uploads/sites/2/2026/05/maxilarothikes-2tmch-fb912175-ultra-adia.webp,,,,,,,,,0,B2BMarkt,πλάτος,"50 εκ.",1,1,μήκος,"70 εκ.",1,1,,,,,B2BMarkt,75883,5208067210386,"2026-05-09 23:36:38",B2BMarkt,"<ul>
<li>Κατασκευή από ύφασμα καπιτονέ 100% Microfiber υψηλής ποιότητας.</li>
<li>Αδιάβροχη προστασία χάρη στην επίστρωση PU σε όλη την επιφάνεια.</li>
<li>Ενσωματωμένο φερμουάρ για ασφαλή και σταθερή εφαρμογή στο μαξιλάρι.</li>
<li>Ανθεκτική στις πλύσεις (30°C) με απαγόρευση χρήσης λευκαντικών.</li>
<li>Προτεινόμενη μέθοδος στεγνώματος: ήπιο πρόγραμμα.</li>
</ul>"
284535,simple,0521373,5208067212038,"Μαξιλάρι σώματος Snugli",1,0,visible,,"<p>Ετοιμαστείτε να μεταμορφώσετε την εμπειρία του ύπνου σας με το μοναδικό μαξιλάκι σώματος Snugli. Σχεδιασμένο για μέγιστη άνεση και υποστήριξη, αυτό το πολυτελές προϊόν συνδυάζει άψογα στυλ και ποιότητα. Το απαλό εξωτερικό από 100% Microfiber αγκαλιάζει απαλά το σώμα, ενώ η γέμιση από siliconized Polyester προσφέρει απίστευτη ελαστικότητα και άμεση προσαρμογή στη στάση σας.</p> <p>Απολαύστε βαθύ και αναζωογονητικό ύπνο σε κάθε θέση χάρη στην εργονομική σχεδίαση του Snugli. Ιδανικό για όλες τις ώρες της ημέρας, αποτελεί την τέλεια επιλογή τόσο για καθημερινή χρήση όσο και για ειδικές περιστάσεις. Επιλέξτε το μαξιλάρι που συνδυάζει την άνεση με την κομψότητα - μια επένδυση για τον ποιοτικό σας ύπνο.</p>",,,taxable,,1,14,,0,0,1.6,160,50,,1,,,"19,99",Διακόσμηση,μαξιλάρι,,https://eboy.gr/app/uploads/sites/2/2026/05/maxilari-somatos-fb912178-egkymosynis-th.webp,,,,,,,,,0,B2BMarkt,πλάτος,"50 εκ.",1,1,μήκος,"160 εκ.",1,1,,,,,B2BMarkt,75884,5208067212038,"2026-05-09 23:37:10",B2BMarkt,"<ul>
<li>Εξωτερικό ύφασμα από 100% Microfiber υψηλής ποιότητας για απαλή αίσθηση και αντοχή</li>
<li>Γέμιση με 100% Polyester HC siliconized βάρους 1500gr για σταθερή διατήρηση σχήματος</li>
<li>Εύκαμπτο σχεδιασμό που προσαρμόζεται σε διάφορες στάσεις σώματος κατά τον ύπνο</li>
<li>Ανθεκτικό στη χρήση με δυνατότητα πλύσης στους 30°C</li>
<li>Ειδικός σχεδιασμός για υποστήριξη στην περίοδο εγκυμοσύνης και θηλασμού</li>
<li>Αντιστατικό ύφασμα Microfiber για εύκολο καθάρισμα και συντήρηση</li>
</ul>"
284537,simple,0535908,5208067208529,"Φωτιστικό οροφής Stoner",1,0,visible,,"<p>Ανακαλύψτε το κρεμαστό φωτιστικό οροφής STONER - μια μοναδική προσθήκη στην διακόσμηση του σπιτιού σας. Με την αυθεντική εμφάνιση φυσικής πέτρας, αυτό το εντυπωσιακό φωτιστικό μεταμορφώνει κάθε δωμάτιο σε έναν σύγχρονο καλλιτεχνικό χώρο. Η λευκή ρητίνη από την οποία κατασκευάζεται προσφέρει ανθεκτικότητα και κομψότητα που διαρκεί.</p> <p>Το STONER δεν είναι απλώς ένα φωτιστικό - είναι ένας statement piece για τον τοίχο σας, δημιουργώντας ατμόσφαιρα και προσωπικότητα στον χώρο σας. Ιδανικό για λάτρεις του μινιμαλιστικού ή industrial design, συνδυάζει λειτουργικότητα με απαράμιλλη αισθητική, μετατρέποντας το καθημερινό φωτισμό σε καλλιτεχνική έκφραση.</p>",,,taxable,,1,1,,0,0,4.6,45,55,40,1,,,"139,9",Υπνοδωμάτιο,φωτιστικό,,https://eboy.gr/app/uploads/sites/2/2026/05/fotistiko-orofis-me-opsi-petras-fb944180.webp,,,,,,,,,0,B2BMarkt,ύψος,"40 εκ.",1,1,πλάτος,"55 εκ.",1,1,μήκος,"45 εκ.",1,1,B2BMarkt,75885,5208067208529,"2026-05-09 23:37:43",B2BMarkt,"<ul>
<li>Κατασκευή από ρητίνη με λευκό χρωματισμό και φυσική υφή</li>
<li>Δέχεται λαμπτήρα Ε27</li>
<li>Εσωτερική επεξεργασία για προστασία από την υγρασία</li>
<li>Ανθεκτικό φινίρισμα που μιμείται την υφή φυσικής πέτρας</li>
<li>Κατάλληλο για εσωτερικούς χώρους</li>
<li>Προσφέρει ζεστό φωτισμό (λόγω υλικού)</li>
</ul>"
284539,simple,0535909,5208067208512,"Φωτιστικό οροφής Stoner",1,0,visible,,"<p>Το κρεμαστό φωτιστικό οροφής STONER μεταμορφώνει κάθε δωμάτιο σε ένα μοντέρνο καταφύγιο. Το μοναδικό του design από υψηλής ποιότητας ρητίνη απομιμείται την φυσική υφή της πέτρας, προσδίδοντας χαρακτήρα και ζεστασιά στους minimal ή industrial χώρους σας. Η λευκή απόχρωση με τις διακριτικές αποχρώσεις δημιουργεί μια ατμόσφαιρα κομψότητας και πολυτέλειας.</p> <p>Αφήστε το STONER να γίνει το κεντρικό σημείο του σπιτιού σας, προσφέροντας όχι μόνο άριστο φωτισμό αλλά και ένα εντυπωσιακό διακοσμητικό στοιχείο που θα συζητιέται. Επιλέξτε την ιδανική ισορροπία μεταξύ λειτουργικότητας και στυλ με αυτό το ξεχωριστό φωτιστικό οροφής.</p>",,,taxable,,1,3,,0,0,3.2,30,37,45,1,,,"84,92",Υπνοδωμάτιο,φωτιστικό,,https://eboy.gr/app/uploads/sites/2/2026/05/fotistiko-orofis-me-opsi-petras-fb944170.webp,,,,,,,,,0,B2BMarkt,ύψος,"45 εκ.",1,1,πλάτος,"37 εκ.",1,1,μήκος,"30 εκ.",1,1,B2BMarkt,75887,5208067208512,"2026-05-09 23:38:18",B2BMarkt,"<ul>
    <li>Κατασκευή από υψηλής ποιότητας ρητίνη για αντοχή στον χρόνο.</li>
    <li>Λευκός χρωματισμός με φυσική υφή και ρεαλιστική απομίμηση πέτρας.</li>
    <li>Εσωτερικό ντουί Ε27 για εύκολη αντικατάσταση λαμπτήρα.</li>
    <li>Ανθεκτικό φινίρισμα που αντέχει στην καθημερινή χρήση.</li>
    <li>Σχεδιασμός χωρίς θερμική προστασία (δεν προορίζεται για άμεση επαφή με γυμνά φώτα).</li>
</ul>"
284541,simple,0525853,5208067196062,"Βιβλιοθήκη Newline",1,0,visible,,"<!DOCTYPE html> <html lang=""el""> <head> <meta charset=""UTF-8""> <title>Περιγραφή Βιβλιοθήκης Newline</title> </head> <body> <p>Η βιβλιοθήκη γραφείου NEWLINE μεταμορφώνει το επαγγελματικό σας περιβάλλον. Συνδυάζοντας εκρού και ανοιχτό καφέ μελαμίνη, δημιουργεί μια κομψή και μοντέρνα ατμόσφαιρα στο χώρο εργασίας σας.</p> <p>Με τις γυάλινες πόρτες που αποκαλύπτουν δύο ευρύχωρα ράφια, η NEWLINE προσφέρει την ιδανική λύση για οργάνωση και διακόσμηση. Τοποθετήστε βιβλία, έγγραφα ή διακοσμητικά στοιχεία σε πλήρη θέα, αναβαθμίζοντας τόσο τη λειτουργικότητα όσο και το στυλ του γραφείου σας. Εξαιρετική επιλογή για κάθε σύγχρονο επαγγελματικό χώρο.</p> </body> </html>",,,taxable,,1,6,,0,0,68,40,80,200,1,,,"249,9",Γραφείο,βιβλιοθήκη,,https://eboy.gr/app/uploads/sites/2/2026/05/bibliothiki-fb918281-melamini-leyki-kafe.webp,,,,,,,,,0,B2BMarkt,ύψος,"200 εκ.",1,1,πλάτος,"80 εκ.",1,1,μήκος,"40 εκ.",1,1,B2BMarkt,75891,5208067196062,"2026-05-09 23:38:52",B2BMarkt,"<ul>
    <li>Κατασκευή από μελαμίνη υψηλής ποιότητας σε αποχρώσεις εκρού και ανοιχτού καφέ.</li>
    <li>Επιφάνειες με γυάλινη επένδυση στις πάνω πόρτες για διαφάνεια και οπτική πρόσβαση στα περιεχόμενα.</li>
    <li>Δύο ράφια στο επάνω τμήμα με γυάλινες πόρτες που κλειδώνουν.</li>
    <li>Ένα ράφι στο κάτω τμήμα με σταθερές πόρτες σε ανοιχτή απόχρωση καφέ και μηχανισμό κλειδώματος.</li>
    <li>Ανθεκτικό μεταλλικό σκελετό για στήριξη και σταθερότητα.</li>
    <li>Εύκολη συναρμολόγηση.</li>
</ul>"
284543,simple,0525855,5208067196116,"Ντουλάπι/βιβλιοθήκη Newline",1,0,visible,,"<!DOCTYPE html> <html lang=""el""> <head> <meta charset=""UTF-8""> </head> <body> <p>Αναβαθμίστε το γραφείο σας με το Newline, ένα μοντέρνο ντουλάπι/βιβλιοθήκη που συνδυάζει λειτουργικότητα και κομψότητα. Η ιδιαίτερη διχρωμία του - εκρού μελαμίνης με διακριτικές καφέ λεπτομέρειες - προσδίδει μια φρέσκια αισθητική σε κάθε επαγγελματικό χώρο.</p> <p>Με τον έξυπνο σχεδιασμό του, προσφέρει επαρκείς χώρους αποθήκευσης για όλα τα απαραίτητα έγγραφα και αντικείμενα γραφείου σας, διατηρώντας το περιβάλλον οργανωμένο και παραγωγικό. Η σύγχρονη γραμμή του Newline μεταμορφώνει κάθε εργασιακό χώρο, συνδυάζοντας πρακτικότητα με αισθητικό αποτέλεσμα που εντυπωσιάζει.</p> </body> </html>",,,taxable,,1,3,,0,0,40,40,80,110,1,,,"89,9",Γραφείο,ντουλάπι,,https://eboy.gr/app/uploads/sites/2/2026/05/ntoylapi-bibliothiki-fb918283-melamini-l.webp,,,,,,,,,0,B2BMarkt,ύψος,"110 εκ.",1,1,πλάτος,"80 εκ.",1,1,μήκος,"40 εκ.",1,1,B2BMarkt,75892,5208067196116,"2026-05-09 23:39:22",B2BMarkt,"<ul>
    <li>Κατασκευή από μελαμίνη υψηλής ποιότητας σε δύο χρωματικές επιλογές: εκρού και ανοιχτό καφέ</li>
    <li>Αριστερή πλευρά με ενσωματωμένο ντουλάπι που περιλαμβάνει 2 ρυθμιζόμενα ράφια για 3 χώρους αποθήκευσης</li>
    <li>Δεξιά πλευρά με ανοιχτή βιβλιοθήκη που διαθέτει 2 σταθερά ράφια για εύκολη πρόσβαση</li>
    <li>Εργονομική διάταξη ραφιών και στις δύο πλευρές για βέλτιστη αξιοποίηση χώρου</li>
    <li>Ανθεκτικό φινίρισμα μελαμίνης κατάλληλο για επαγγελματική χρήση σε εσωτερικούς χώρους</li>
</ul>"
284545,simple,0513764,5208067194198,"Καναπές-κρεβάτι Asma",1,0,visible,,"<p>Εμπλουτίστε το χώρο σας με τον κομψό καναπέ-κρεβάτι Asma. Η ιδιαίτερη αισθητική του συνδυάζει την εκλεπτυσμένη σχεδίαση με τη διαχρονική αξία, προσφέροντας μια αρμονική παρουσία στο σαλόνι ή το καθιστικό σας.</p> <p>Κατασκευασμένος για να ανταποκρίνεται στις σύγχρονες ανάγκες, ο Asma μεταμορφώνεται εύκολα σε άνετο κρεβάτι για τους απρόσμενους επισκέπτες σας. Το υψηλής ποιότητας σκούρο μπεζ ύφασμα και τα κομψά μαύρα ξύλινα πόδια δημιουργούν ένα ξεχωριστό αποτέλεσμα που εντυπωσιάζει με την αισθητική του αρμονία. Ζήστε την απόλυτη άνεση και λειτουργικότητα σε μία μοναδική επιλογή επίπλου.</p>",,,taxable,,1,28,,0,0,36.8,78,143,84,1,,,"249,99",Υπνοδωμάτιο,καναπές,,https://eboy.gr/app/uploads/sites/2/2026/05/kanapes-krebati-2-atomon-fb9307707-skoyr.webp,,,,,,,,,0,B2BMarkt,ύψος,"84 εκ.",1,1,πλάτος,"143 εκ.",1,1,μήκος,"78 εκ.",1,1,B2BMarkt,75896,5208067194198,"2026-05-09 23:39:52",B2BMarkt,"<ul>
<li>Διθέσιος καναπές με αναδιπλούμενο μηχανισμό τριών τμημάτων</li>
<li>Επενδυμένος με ποιοτικό ύφασμα σε σκούρο μπεζ χρώμα</li>
<li>Ξύλινα πόδια σε μαύρη απόχρωση</li>
<li>Περιλαμβάνει 2 πρακτικά μαξιλάρια</li>
<li>Μετατρέπεται εύκολα σε κρεβάτι</li>
<li>Ύψος καθίσματος: 43 εκ.</li>
</ul>"
284547,simple,0535910,5208067208536,"Φωτιστικό οροφής Stoner",1,0,visible,,"<p>Αναβαθμίστε τον χώρο σας με το εντυπωσιακό κρεμαστό φωτιστικό STONER. Η καινοτόμος του σχεδίαση από υψηλής ποιότητας ρητίνη, σε λευκό χρώμα με φυσική υφή πέτρας, μεταμορφώνει κάθε δωμάτιο σε ένα μοναδικό σκηνικό. Το STONER συνδυάζει την αισθητική τελειότητα με τη λειτουργικότητα, προσφέροντας ζεστό φωτισμό που δημιουργεί cozy ατμόσφαιρα.</p> <p>Ανεβάστε το επίπεδο διακόσμησης του σπιτιού ή του επαγγελματικού σας χώρου, επιλέγοντας ένα προϊόν που ξεχωρίζει για την πρωτότυπη σχεδίαση και την ανθεκτικότητά του. Ιδανικό για λάτρεις του σύγχρονου design και της ποιότητας, το STONER αποτελεί μια έξυπνη επιλογή που συνδυάζει στυλ και λειτουργικότητα με τον καλύτερο τρόπο.</p>",,,taxable,,1,3,,0,0,6.5,55,73,40,1,,,"169,9",Υπνοδωμάτιο,φωτιστικό,,https://eboy.gr/app/uploads/sites/2/2026/05/fotistiko-orofis-me-opsi-petras-fb944190.webp,,,,,,,,,0,B2BMarkt,ύψος,"40 εκ.",1,1,πλάτος,"73 εκ.",1,1,μήκος,"55 εκ.",1,1,B2BMarkt,75899,5208067208536,"2026-05-09 23:40:24",B2BMarkt,"<ul>
<li>Κατασκευή από υψηλής ποιότητας ρητίνη για αντοχή και διάρκεια</li>
<li>Λευκό χρώμα με φυσική υφή επιφάνειας που μιμείται πέτρα</li>
<li>Δέχεται λαμπτήρα Ε27 (max 60W)</li>
<li>Προσφέρει έμμεσο, διάχυτο φωτισμό</li>
<li>Ανθεκτικό φινίρισμα κατάλληλο για οικιακή χρήση</li>
<li>Κατάλληλο για εξωτερικούς χώρους με κατάλληλη προστασία IP</li>
</ul>"
284549,simple,0525930,5208067223140,"Γραφείο Newline",1,0,visible,,"<p>Ανακαλύψτε το ιδανικό γραφείο για το σύγχρονο επαγγελματικό σας περιβάλλον. Το NEWLINE συνδυάζει την πρακτικότητα με τη μοντέρνα αισθητική, δημιουργώντας έναν χώρο εργασίας που εμπνέει και εντυπωσιάζει.</p> <p>Με κομψό σχεδιασμό σε εκρού και ανοιχτό καφέ αποχρώσεις, προσφέρει μια αρμονική ισορροπία μεταξύ κλασικής κομψότητας και σύγχρονης αισθητικής. Η ενσωματωμένη προθήκη στην αριστερή πλευρά παρέχει άφθονο αποθηκευτικό χώρο, διατηρώντας τον χώρο εργασίας σας οργανωμένο και λειτουργικό.<br /> Το έξυπνο στρογγυλό άνοιγμα στην επιφάνεια εργασίας διευκολύνει την διαχείριση των καλωδίων, αφήνοντας το μυαλό σας ελεύθερο να επικεντρωθεί στη δουλειά.</p>",,,taxable,,1,2,,0,0,42,60,120,75,1,,,"129,9",Γραφείο,γραφείο,,https://eboy.gr/app/uploads/sites/2/2026/05/grafeio-me-aristero-ntoylapi-fb918273l-m.webp,,,,,,,,,0,B2BMarkt,ύψος,"75 εκ.",1,1,πλάτος,"120 εκ.",1,1,μήκος,"60 εκ.",1,1,B2BMarkt,75914,5208067223140,"2026-05-09 23:40:56",B2BMarkt,"<ul>
<li>Κατασκευή από συνδυασμό μελαμίνης σε αποχρώσεις εκρού και ανοιχτό καφέ</li>
<li>Επιφάνεια εργασίας με στρογγυλό άνοιγμα για διαχείριση καλωδίων</li>
<li>Ντουλάπι στην αριστερή πλευρά χωρίς εσωτερικά ράφια</li>
<li>Συρτάρι στο ντουλάπι με κλειδαριά συνδυασμού 3 ψηφίων</li>
<li>Δύο πόδια στήριξης από αλουμίνιο σε ανοιχτό καφέ χρώμα</li>
<li>Φινίρισμα επιφάνειας με λεία υφή για εύκολο καθαρισμό</li>
</ul>"
284551,simple,0525931,5208067195812,"Γραφείο Newline",1,0,visible,,"<!DOCTYPE html> <html lang=""el""> <head> <meta charset=""UTF-8""> </head> <body> <p>Αναβαθμίστε το χώρο εργασίας σας με το κομψό γραφείο NEWLINE! Ένας τέλειος συνδυασμός λειτουργικότητας και στυλ για το σύγχρονο επαγγελματικό περιβάλλον ή το προσωπικό σας γραφείο στο σπίτι. Η έξυπνη σχεδίαση με το ενσωματωμένο ντουλάπι στην αριστερή πλευρά εξασφαλίζει επιπλέον αποθηκευτικό χώρο, διατηρώντας παράλληλα μια μοντέρνα αισθητική.</p> <p>Η αρμονία των αποχρώσεων εκρού και ανοιχτού καφέ δημιουργεί ένα φωτεινό και φιλόξενο περιβάλλον εργασίας. Το στρογγυλό άνοιγμα στην επιφάνεια εργασίας επιτρέπει την εύκολη διαχείριση καλωδίων, προσφέροντας πρακτική λύση χωρίς να θυσιάζεται η κομψότητα. Το NEWLINE γραφείο είναι η ιδανική επιλογή για όσους αναζητούν ποιότητα σε συνδυασμό με μοντέρνο σχεδιασμό.</p> </body> </html>",,,taxable,,1,1,,0,0,42,60,120,75,1,,,"114,9",Γραφείο,γραφείο,,https://eboy.gr/app/uploads/sites/2/2026/05/grafeio-me-aristero-ntoylapi-newline-fb9.webp,,,,,,,,,0,B2BMarkt,ύψος,"75 εκ.",1,1,πλάτος,"120 εκ.",1,1,μήκος,"60 εκ.",1,1,B2BMarkt,75915,5208067195812,"2026-05-09 23:41:27",B2BMarkt,"<ul>
<li>Κατασκευή από μελαμίνη υψηλής ποιότητας σε συνδυασμό χρωμάτων εκρού και ανοιχτό καφέ</li>
<li>Εσωτερικό ντουλάπι στην αριστερή πλευρά με ένα συρτάρι ασφαλείας (κλειδαριά συνδυασμού 3 αριθμών)</li>
<li>Ειδική σχεδίαση στρογγυλού ανοίγματος για διαχείριση καλωδίων</li>
<li>Επίπεδη επιφάνεια εργασίας με σύγχρονο σχεδιασμό χωρίς προεξοχές</li>
<li>Αντιχαρακτική προστασία επιφάνειας εργασίας</li>
<li>Εσωτερικός φωτισμός στο ντουλάπι (δεν προσδιορίζεται τύπος)</li>
</ul>"
284553,simple,0603339,5208067215930,"Καναπές κρεβάτι Zenora",1,0,visible,,"<!DOCTYPE html> <html lang=""el""> <head> <meta charset=""UTF-8""> <title>Καναπές κρεβάτι Zenora</title> </head> <body> <p>O καναπές-κρεβάτι Zenora μεταμορφώνει το καθιστικό σας σε χώρο χαλάρωσης και φιλοξενίας. Συνδυάζει άψογα την πρακτικότητα με το στυλ, προσφέροντας έναν άνετο ύπνο όταν χρειάζεται και μια πολυτελή θέση για καθημερινή χρήση. Η μοντέρνα σχεδίασή του με την αριστερή γωνία δημιουργεί ένα κομψό σημείο εστίασης στο σαλόνι σας.</p> <p>Με το απαλό ΜΠΕΖ ύφασμα υψηλής ποιότητας, ο καναπές Zenora προσθέτει μια νότα κομψότητας στον χώρο σας. Αποτελεί ιδανική επιλογή για όσους αναζητούν άνεση, αισθητική και διαχρονικό σχεδιασμό στη διακόσμηση του σπιτιού τους.</p> </body> </html>",,,taxable,,1,5,,0,0,176,177,75,8,1,,,1249,"Σαλόνι & Καθιστικό",καναπές,,https://eboy.gr/app/uploads/sites/2/2026/05/kanapes-krebati-aristeri-gonia-fb9333703.webp,,,,,,,,,0,B2BMarkt,ύψος,"8 εκ.",1,1,πλάτος,"75 εκ.",1,1,μήκος,"177 εκ.",1,1,B2BMarkt,75916,5208067215930,"2026-05-09 23:41:56",B2BMarkt,"<ul>
<li>Κατασκευή από μεταλλικό σκελετό και ύφασμα υψηλής αντοχής.</li>
<li>Επένδυση με ΜΠΕΖ ύφασμα ανθεκτικό στην φθορά, ευχάριστο στην αφή.</li>
<li>Περιλαμβάνει αναπαυτικά μαξιλάρια πλάτης με στήριξη.</li>
<li>Διαθέτει φαρδύ μπράτσο στη μία πλευρά για αυξημένη άνεση.</li>
<li>Μεταλλικά πόδια μαύρου χρώματος με ενισχυμένη σταθερότητα.</li>
<li>Ενσωματωμένος αποθηκευτικός χώρος στην γωνιακή κατασκευή.</li>
</ul>"
284555,simple,0509878,5208067199780,"Πολυθρόνα Braylen",1,0,visible,,"<p>Η πολυθρόνα Braylen είναι το απόλυτο καταφύγιο χαλάρωσης στο σπίτι σας. Με την εκλεπτυσμένη σχεδίασή της και την απαράμιλλη ποιότητα του γκρι βελούδου, μεταμορφώνει κάθε χώρο σε μια όαση ηρεμίας. Η άνετη ψηλή πλάτη και το ευρύχωρο κάθισμα προσφέρουν μοναδική υποστήριξη σώματος, ενώ τα πλούσια μαξιλάρια στα μπράτσα δημιουργούν τον τέλειο προορισμό για να χαλαρώσετε μετά από μια κουραστική ημέρα.</p> <p>Η Braylen συνδυάζει αριστοτεχνικά την αισθητική κομψότητα με την απόλυτη άνεση. Είτε απολαμβάνετε την αγαπημένη σας τηλεοπτική σειρά, είτε διαβάζετε ένα βιβλίο, ο εργονομικός μηχανισμός relax προσαρμόζεται στις ανάγκες σας, προσφέροντας απεριόριστη χαλάρωση. Είναι η τέλεια επιλογή για να δημιουργήσετε το προσωπικό σας καταφύγιο στο σπίτι.</p>",,,taxable,,1,10,,0,0,32,90,85,95,1,,,"149,9","Σαλόνι & Καθιστικό",πολυθρόνα,,https://eboy.gr/app/uploads/sites/2/2026/05/polythrona-relax-fb9329801-gkri-beloydo-.webp,,,,,,,,,0,B2BMarkt,ύψος,"95 εκ.",1,1,πλάτος,"85 εκ.",1,1,μήκος,"90 εκ.",1,1,B2BMarkt,75918,5208067199780,"2026-05-09 23:42:26",B2BMarkt,"<ul>
<li>Κατασκευή από μεταλλικό σκελετό με επένδυση γκρι βελούδου υψηλής ποιότητας</li>
<li>Ανατομικά σχεδιασμένη πλάτη και κάθισμα για μέγιστη άνεση</li>
<li>Μηχανισμός relax με μοχλό στα μπράτσα για ρύθμιση γωνίας πλάτης</li>
<li>Πτυσσόμενο υποπόδιο για επιπλέον στήριξη των ποδιών</li>
<li>Θήκη αποθήκευσης αντικειμένων στα εξωτερικά τμήματα των μπράτσων</li>
<li>Επιφάνεια βελούδου με μαλακή υφή και εύκολη συντήρηση</li>
</ul>"
284557,simple,0512288,5208067223270,"Καρεκλα Sarky",1,0,visible,,"<!DOCTYPE html> <html lang=""el""> <head> <meta charset=""UTF-8""> <title>Καρέκλα SARKY</title> </head> <body> <p>Αναβαθμίστε το στυλ του χώρου σας με την καρέκλα Sarky - ένα αριστούργημα σύγχρονης αισθητικής. Το γκρι χρώμα συνδυάζεται αρμονικά με τα κομψά μαύρα μεταλλικά πόδια, δημιουργώντας μια κομψή αντίθεση. Η κυρτή πλάτη αγκαλιάζει φυσικά τη σιλουέτα σας, προσφέροντας μοναδική άνεση και υποστήριξη.</p> <p>Η επένδυση από ζεστό μπουκλέ ύφασμα προσθέτει μια νότα πολυτέλειας στον εσωτερικό σας χώρο. Ιδανική επιλογή για την τραπεζαρία, αλλά και για κάθε δωμάτιο του σπιτιού, η Sarky συνδυάζει λειτουργικότητα και στυλ. Ετοιμαστείτε να εντυπωσιάσετε με μια καρέκλα που θα γίνει το επίκεντρο του χώρου σας.</p> </body> </html>",,,taxable,,1,3,,0,0,9.05,64,56,88,1,,,"69,9","Σαλόνι & Καθιστικό",καρέκλα,,https://eboy.gr/app/uploads/sites/2/2026/05/karekla-fb9858511-yfasma-mpoykle-gkri-me.webp,,,,,,,,,0,B2BMarkt,ύψος,"88 εκ.",1,1,πλάτος,"56 εκ.",1,1,μήκος,"64 εκ.",1,1,B2BMarkt,75972,5208067223270,"2026-05-09 23:42:56",B2BMarkt,"<ul>
<li>Κατασκευή από μεταλλικά πόδια με ηλεκτροστατική βαφή για αντοχή στη φθορά και εύκολη συντήρηση.</li>
<li>Επένδυση με ζεστό μπουκλε ύφασμα που προσφέρει άνετη αίσθηση στην αφή και ανθεκτικότητα στη χρήση.</li>
<li>Κυρτή πλάτη που προσαρμόζεται στο σώμα, παρέχοντας υποστήριξη στη μέση.</li>
<li>Σταθερή βάση με τετράγωνη διάταξη ποδιών (44x44 εκ.) για αυξημένη σταθερότητα.</li>
<li>Ύψος μπράτσων στα 55 εκ. για εργονομική χρήση σε τραπεζαρία ή γραφείο.</li>
</ul>"
284559,simple,0603340,5208067216142,"Καναπές-κρεβάτι Zenora Left",1,0,visible,,"<!DOCTYPE html> <html lang=""el""> <head> <meta charset=""UTF-8""> <title>Καναπές-Κρεβάτι Zenora Left</title> </head> <body> <p>Μεταμορφώστε το χώρο σας με τον καναπέ-κρεβάτι ZENORA LEFT, την ιδανική επιλογή για όσους αναζητούν άνεση και στυλ. Η μοντέρνα του σχεδίαση με την εντυπωσιακή γωνιακή διάταξη προσφέρει έναν μοναδικό συνδυασμό πρακτικότητας και αισθητικής.</p> <p>Δημιουργήστε ένα cozy καταφύγιο που δεν θυσιάζει ούτε ίχνος κομψότητας. Το σκούρο ΓΚΡΙ ύφασμα όχι μόνο προσδίδει διαχρονική γοητεία αλλά εξασφαλίζει ανθεκτικότητα και εξαιρετική αίσθηση στην αφή. Ιδανικός για σύγχρονους χώρους, συνδυάζει την καθημερινή άνεση με την πολυτέλεια ενός ολοκληρωμένου επίπλου.</p> </body> </html>",,,taxable,,1,4,,0,0,176,177,75,8,1,,,1249,"Σαλόνι & Καθιστικό",καναπές,,https://eboy.gr/app/uploads/sites/2/2026/05/kanapes-krebati-aristeri-gonia-fb9333701.webp,,,,,,,,,0,B2BMarkt,ύψος,"8 εκ.",1,1,πλάτος,"75 εκ.",1,1,μήκος,"177 εκ.",1,1,B2BMarkt,75979,5208067216142,"2026-05-09 23:43:26",B2BMarkt,"<ul>
<li>Κατασκευή από ανθεκτικό σκούρο γκρι ύφασμα υψηλής ποιότητας</li>
<li>Ανατομικά μαξιλάρια πλάτης με στήριξη για άνεση</li>
<li>Φαρδύ μπράτσο στη μία πλευρά για αυξημένη εργονομία και πρακτικότητα</li>
<li>Μεταλλικά πόδια μαύρου χρώματος, ψηλού σχεδιασμού για σταθερότητα και ελαφριά εμφάνιση</li>
<li>Ενσωματωμένος αποθηκευτικός χώρος στη γωνία του καναπέ</li>
<li>Δυνατότητα μετατροπής σε πλήρες κρεβάτι</li>
<li>Μινιμαλιστικό design με καθαρές γραμμές</li>
</ul>"
284561,simple,0603338,5208067215893,"Καναπές-κρεβάτι δεξιά γωνία Zenora",1,0,visible,,"<!DOCTYPE html> <html lang=""el""> <head> <meta charset=""UTF-8""> <title>Zenora Καναπές-Κρεβάτι</title> </head> <body> <p>Μεταμορφώστε το σαλόνι σας σε χώρο χαλάρωσης με τον καναπέ-κρεβάτι ZENORA! Συνδυάζει την πρακτικότητα με την κομψότητα, προσφέροντας έναν άνετο χώρο για ξεκούραση ή φιλοξενία. Η δεξιά γωνία του δημιουργεί μια ιδιαίτερη αισθητική που ταιριάζει απόλυτα σε μοντέρνα σπίτια.</p> <p>Δημιουργήστε το ιδανικό περιβάλλον στο σπίτι σας - ένας χώρος που συνδυάζει λειτουργικότητα και στυλ. Το ΜΠΕΖ ύφασμα προσδίδει διαχρονική γοητεία, ενώ η απαλή υφή του προσφέρει άνεση για ατελείωτες ώρες χαλάρωσης. Η επιλογή αυτή δεν είναι απλά ένας καναπές, αλλά μια έξυπνη επένδυση για τον προσωπικό σας χώρο.</p> </body> </html>",,,taxable,,1,3,,0,0,176,177,75,8,1,,,1249,"Σαλόνι & Καθιστικό",καναπές,,https://eboy.gr/app/uploads/sites/2/2026/05/kanapes-krebati-dexia-gonia-zenora-fb933.webp,,,,,,,,,0,B2BMarkt,ύψος,"8 εκ.",1,1,πλάτος,"75 εκ.",1,1,μήκος,"177 εκ.",1,1,B2BMarkt,75980,5208067215893,"2026-05-09 23:43:55",B2BMarkt,"<ul>
<li>Κατασκευή από μεταλλικό σκελετό και επένδυση με ανθεκτικό ΜΠΕΖ ύφασμα</li>
<li>Ανατομικά μαξιλάρια πλάτης με υποστήριξη για σωστή στάση σώματος</li>
<li>Ενσωματωμένος αποθηκευτικός χώρος στη γωνία δεξιά</li>
<li>Μετατρέψιμο σε κρεβάτι με απλή κίνηση</li>
<li>Μπράτσο ενισχυμένου πάχους στην αριστερή πλευρά</li>
<li>Μαύρα, ψηλά μεταλλικά πόδια για σταθερότητα και ελαφριά αισθητική</li>
</ul>"
284563,simple,0603341,5208067215978,"Καναπές κρεβάτι δεξιά γωνία Zenora",1,0,visible,,"<!DOCTYPE html> <html lang=""el""> <head> <meta charset=""UTF-8""> <title>Zenora Καναπές-Κρεβάτι</title> </head> <body> <p>Αναβαθμίστε το σαλόνι σας με τον καναπέ κρεβάτι Zenora, την ιδανική επιλογή για όσους αναζητούν άνεση και στυλ σε ένα κομψό πακέτο. Η μοντέρνα σχεδίαση με τη δεξιά γωνία δημιουργεί έναν λειτουργικό και καλαίσθητο χώρο, ενώ ο ενσωματωμένος αποθηκευτικός χώρος προσφέρει επιπλέον πρακτικότητα χωρίς να θυσιάζεται ο σχεδιασμός.</p> <p>Το σκούρο γκρι ύφασμα συνδυάζει άψογα την ποιότητα με την αισθητική, δημιουργώντας μια ατμόσφαιρα χαλάρωσης που διαρκεί. Ιδανικός για σύγχρονους χώρους, ο Zenora μεταμορφώνει το σαλόνι σας σε έναν χώρο που εμπνέει και ξεκουράζει, συνδυάζοντας λειτουργικότητα και κομψότητα.</p> </body> </html>",,,taxable,,1,4,,0,0,176,177,75,8,1,,,1249,"Σαλόνι & Καθιστικό",καναπές,,https://eboy.gr/app/uploads/sites/2/2026/05/kanapes-krebati-dexia-gonia-fb9333701r-s.webp,,,,,,,,,0,B2BMarkt,ύψος,"8 εκ.",1,1,πλάτος,"75 εκ.",1,1,μήκος,"177 εκ.",1,1,B2BMarkt,75981,5208067215978,"2026-05-09 23:44:26",B2BMarkt,"<ul>
<li>Κατασκευή με σκελετό από ανθεκτικό μέταλλο και ξύλινα μέρη</li>
<li>Επένδυση με σκούρο γκρι ύφασμα υψηλής αντοχής και ευχάριστης υφής</li>
<li>Περιλαμβάνει αναπαυτικά μαξιλάρια πλάτης με υποστηρικτική δομή</li>
<li>Διαθέτει φαρδύ μπράτσο στη μία πλευρά για επιπλέον άνεση</li>
<li>Μετατρέπεται εύκολα σε διπλό κρεβάτι</li>
<li>Ενσωματωμένος αποθηκευτικός χώρος στην γωνία</li>
<li>Υποπόδια από μαύρο μέταλλο με μοντέρνο, ψηλό σχεδιασμό</li>
</ul>"
284565,simple,0509898,5208067201995,"Καναπές-κρεβάτι korο",1,0,visible,,"<!DOCTYPE html> <html lang=""el""> <head> <meta charset=""UTF-8""> </head> <body> <p>O καναπές-κρεβάτι KORO συνδυάζει άψογα λειτουργικότητα και design. Ιδανικός για σύγχρονους χώρους, προσφέρει άνετη φιλοξενία τριών ατόμων σε καναπέ και ξεκούραστο ύπνο χάρη στον εύκολο μηχανισμό μετατροπής.</p> <p>Με την αισθητική του γκρι PU δέρματος και τη ματ υφή που παραπέμπει σε λινό ύφασμα, ο KORO προσθέτει μια νότα κομψότητας στο σαλόνι σας. Η ανθεκτική κατασκευή του και η εύκολη συντήρηση τον καθιστούν ιδανική επιλογή για καθημερινή χρήση, ενώ η ευελιξία του τον καθιστά απαραίτητο τόσο για μόνιμες κατοικίες όσο και για χώρους φιλοξενίας.</p> </body> </html>",,,taxable,,1,67,,0,0,22,75,165,64,1,,,"79,9","Σαλόνι & Καθιστικό",καναπές,,https://eboy.gr/app/uploads/sites/2/2026/05/kanapes-krebati-2-thesios-fb9330401-gkri.webp,,,,,,,,,0,B2BMarkt,ύψος,"64 εκ.",1,1,πλάτος,"165 εκ.",1,1,μήκος,"75 εκ.",1,1,B2BMarkt,76015,5208067201995,"2026-05-09 23:44:56",B2BMarkt,"<ul>
<li>Κατασκευή από σκελετό πολυαιθυλενίου με επένδυση συνθετικού δέρματος PU σε γκρι απόχρωση.</li>
<li>Επιφάνεια που μιμείται υφή λινού υφάσματος, ανθεκτική και διακριτική ως προς την αυθεντικότητα φυσικού δέρματος.</li>
<li>Μηχανισμός μετατροπής σε κρεβάτι τύπου κλικ-κλακ για εύκολη χρήση.</li>
<li>Ποδοστάτες κατασκευασμένοι εξ ολοκλήρου από μαύρο πολυαιθυλένιο.</li>
<li>Εύκολη συντήρηση με καθαρισμό μόνο με νωπό πανί και ήπια καθαριστικά.</li>
<li>Προστασία επιφάνειας από άμεση ηλιακή ακτινοβολία.</li>
</ul>"
284567,simple,0509899,5208067202008,"Καναπές-κρεβάτι korο",1,0,visible,,"<!DOCTYPE html> <html lang=""el""> <head> <meta charset=""UTF-8""> <title>Περιγραφή Προϊόντος</title> </head> <body> <p>Ο καναπές-κρεβάτι KORO είναι η ιδανική επιλογή για σύγχρονους χώρους διαβίωσης. Συνδυάζει την πρακτικότητα με το στυλ, προσφέροντας έναν άνετο 3θέσιο καναπέ κατά τη διάρκεια της ημέρας που μετατρέπεται εύκολα σε διπλό κρεβάτι όταν χρειαστεί. Το μπεζ PU δέρμα του προσδίδει διαχρονική αισθητική και εξαιρετική αντοχή στη χρήση.</p> <p>Με τον καινοτόμο μηχανισμό κλικ-κλακ, η μετατροπή από κάθισμα σε κρεβάτι γίνεται απλή υπόθεση. Η επιλογή αυτή αποτελεί μια έξυπνη επένδυση για μικρούς χώρους ή συμπληρωματικό έπιπλο σε φοιτητικά σπίτια και δωμάτια φιλοξενίας, συνδυάζοντας λειτουργικότητα και κομψότητα.</p> </body> </html>",,,taxable,,1,91,,0,0,22,75,165,64,1,,,"79,9",Υπνοδωμάτιο,καναπές,,https://eboy.gr/app/uploads/sites/2/2026/05/kanapes-krebati-2-thesios-fb9330404-mpez.webp,,,,,,,,,0,B2BMarkt,ύψος,"64 εκ.",1,1,πλάτος,"165 εκ.",1,1,μήκος,"75 εκ.",1,1,B2BMarkt,76016,5208067202008,"2026-05-09 23:45:26",B2BMarkt,"<ul>
<li>Κάλυμμα κατασκευασμένο από συνθετικό δέρμα PU σε μπεζ χρώμα με υφή λινού υφάσματος</li>
<li>Μηχανισμός μετατροπής σε κρεβάτι τύπου κλικ-κλακ</li>
<li>Ποδοστάτες από ανθεκτικό πολυαιθυλένιο μαύρου χρώματος</li>
<li>Εύκολος καθαρισμός με υγρό πανί και ήπιο καθαριστικό</li>
<li>Ανθεκτικότητα στην καθημερινή χρήση χωρίς άμεση έκθεση στον ήλιο</li>
</ul>"
284569,simple,0603342,5208067216111,"Καναπές κρεβάτι δεξιά γωνία Kanso",1,0,visible,,"<p>Αναβαθμίστε τον χώρο σας με τον καναπέ κρεβάτι KANSO, την ιδανική επιλογή για όσους αναζητούν λειτουργικό σχεδιασμό και αισθητική αρμονία. Η αριστερή πλευρά μετατρέπεται εύκολα σε άνετο διπλό κρεβάτι, προσφέροντας πρακτική λύση για φιλοξενία χωρίς συμβιβασμούς στην άνεση.</p> <p>Με την κομψή γκρι υφασμάτινη επένδυση και τα minimal πόδια, ο Kanso προσθέτει κομψότητα στο σαλόνι σας. Η λιτή του γραμμή συνδυάζεται άψογα με κάθε στυλ διακόσμησης, δημιουργώντας έναν πολυλειτουργικό χώρο που ανταποκρίνεται στις σύγχρονες ανάγκες διαβίωσης. Ετοιμαστείτε να απολαύσετε στιγμές χαλάρωσης τόσο κατά τη διάρκεια της ημέρας όσο και της νύχτας, σε ένα περιβάλλον υψηλής αισθητικής.</p>",,,taxable,,1,6,,0,0,121,188,244,80,1,,,"769,9","Σαλόνι & Καθιστικό",καναπές,,https://eboy.gr/app/uploads/sites/2/2026/05/kanapes-krebati-dexia-gonia-fb9333801r-g.webp,,,,,,,,,0,B2BMarkt,ύψος,"80 εκ.",1,1,πλάτος,"244 εκ.",1,1,μήκος,"188 εκ.",1,1,B2BMarkt,76018,5208067216111,"2026-05-09 23:45:55",B2BMarkt,"<ul>
<li>Κατασκευή από μεταλλικό σκελετό υψηλής αντοχής και ξύλινα στοιχεία στήριξης</li>
<li>Επένδυση με ανθεκτικό γκρι ύφασμα πολυεστέρα κατηγορίας 4000 rubs</li>
<li>Εργονομικός σχεδιασμός για άνετο κάθισμα και υποστήριξη πλάτης</li>
<li>Μετατρέψιμο σε κρεβάτι με μηχανισμό πτυσσόμενης γωνίας</li>
<li>Αντιολισθητικά πολύ χαμηλά πόδια από πλαστικό υψηλής ποιότητας</li>
<li>Αφαιρούμενα μαξιλάρια καθίσματος και πλάτης με γέμιση foam μεσαίας σκληρότητας</li>
</ul>"
284571,simple,0603345,5208067216050,"Καναπές κρεβάτι δεξιά gωνία Kanso",1,0,visible,,"<p>Ανανεώστε το σαλόνι σας με τον καναπέ κρεβάτι KANSO - τη smart επιλογή για κάθε σύγχρονο χώρο. Συνδυάστε λειτουργικότητα και στυλ σε ένα κομψό πακέτο: ο γωνιακός καναπές μετατρέπεται εύκολα σε άνετο διπλό κρεβάτι, προσφέροντας λύση φιλοξενίας όταν χρειάζεται.<br /> Το μπεζ ύφασμα με την απαλή υφή δημιουργεί έναν πολυτελή χώρο χαλάρωσης, ενώ η minimal σχεδίαση με τα διακριτικά χαμηλά πόδια προσδίδει αισθητική αξία στο σπίτι σας. Ιδανικός για καθημερινή χρήση, ο KANSO υπόσχεται άνεση και αντοχή στον χρόνο.</p>",,,taxable,,1,3,,0,0,121,188,244,80,1,,,"769,9",Υπνοδωμάτιο,καναπές,,https://eboy.gr/app/uploads/sites/2/2026/05/kanapes-krebati-dexia-gonia-fb9333803r-m.webp,,,,,,,,,0,B2BMarkt,ύψος,"80 εκ.",1,1,πλάτος,"244 εκ.",1,1,μήκος,"188 εκ.",1,1,B2BMarkt,76019,5208067216050,"2026-05-09 23:46:26",B2BMarkt,"<ul>
<li>Κατασκευή από μεταλλικό σκελετό υψηλής αντοχής με επιπρόσθετη ενίσχυση στους συνδέσμους</li>
<li>Επένδυση με ανθεκτικό μπεζ ύφασμα μεγάλης ελαστικότητας και εύκολης συντήρησης</li>
<li>Πολύ χαμηλά πόδια με στρογγυλεμένες άκρες για προστασία του δαπέδου και μοντέρνο design</li>
<li>Μετατρεπόμενη διάταξη από γωνιακό καναπέ σε διπλό κρεβάτι με απλή αναδίπλωση</li>
<li>Εργονομικός σχεδιασμός που προσφέρει υποστήριξη στη σπονδυλική στήλη κατά το κάθισμα</li>
<li>Αφαιρούμενα καλύμματα υφάσματος για εύκολο καθαρισμό</li>
</ul>"
284573,simple,0603334,5208067215794,"Καναπές κρεβάτι Comfyra",1,0,visible,,"<p>Αναζητάτε τον ιδανικό συνδυασμό στυλ και πρακτικότητας για το σαλόνι σας; Ο καναπές κρεβάτι Comfyra είναι η έξυπνη επιλογή! Με τη μοντέρνα σχεδίασή του και την υψηλή ποιότητα κατασκευής, προσφέρει ένα ζεστό περιβάλλον καθιστικού κατά τη διάρκεια της ημέρας.</p> <p>Όταν έρθει η ώρα του ύπνου, μετατρέψτε απλά τον σε άνετο διπλό κρεβάτι με μία κίνηση. Το γκρι ύφασμα υψηλής αντοχής και οι εργονομικές λεπτομέρειες δημιουργούν έναν χώρο χαλάρωσης που συνδυάζει αρμονικά την αισθητική με την άνεση. Η Comfyra δεν είναι απλώς ένας καναπές - είναι η έξυπνη λύση για κάθε σύγχρονο σπίτι.</p>",,,taxable,,1,6,,0,0,117,181,270,75,1,,,"999,9","Σαλόνι & Καθιστικό",καναπές,,https://eboy.gr/app/uploads/sites/2/2026/05/kanapes-krebati-dexia-gonia-fb9333601r-g.webp,,,,,,,,,0,B2BMarkt,ύψος,"75 εκ.",1,1,πλάτος,"270 εκ.",1,1,μήκος,"181 εκ.",1,1,B2BMarkt,76020,ει5208067215794,"2026-05-09 23:46:56",B2BMarkt,"<ul>
<li>Κατασκευή από μεταλλικό σκελετό υψηλής αντοχής.</li>
<li>Επένδυση με ανθεκτικό γκρι ύφασμα υψηλής ποιότητας.</li>
<li>Μηχανισμός ανάκλισης πλάτης με ομαλή λειτουργία για μετατροπή σε κρεβάτι.</li>
<li>Διαθέτει φαρδιά, ανατομικά μπράτσα με εργονομικό σχεδιασμό.</li>
<li>Εξαιρετικά χαμηλά πόδια από μέταλλο για σταθερότητα και μοντέρνο στυλ.</li>
</ul>"
284575,simple,0603337,5208067215695,"Καναπές κρεβάτι δεξιά gωνία Comfyra",1,0,visible,,"<p>Αναβαθμίστε το σαλόνι σας με τον κομψό καναπέ κρεβάτι COMFYRA σε γκρι-μπεζ απόχρωση. Η δεξιογωνιασμένη σχεδίασή του δημιουργεί έναν ζεστό και φιλόξενο χώρο, ιδανικό για χαλάρωση. Το ποιοτικό ύφασμα συνδυάζει αισθητική κομψότητα με ανθεκτικότητα, προσφέροντας άνεση που διαρκεί.</p> <p>Μετατρέψτε εύκολα τον καναπέ σας σε άνετο κρεβάτι με μια απλή κίνηση, χάρη στον έξυπνο μηχανισμό του. Η υψηλή ποιότητα κατασκευής και η προσεγμένη ραφή εγγυώνται μακροχρόνια χρήση, ενώ ο μοντέρνος σχεδιασμός του ταιριάζει αρμονικά σε κάθε διακόσμηση. Ο COMFYRA είναι η πρακτική λύση για όσους αναζητούν άνεση και ευελιξία στο χώρο τους.</p>",,,taxable,,1,10,,0,0,117,181,270,75,1,,,"999,9",Υπνοδωμάτιο,καναπές,,https://eboy.gr/app/uploads/sites/2/2026/05/kanapes-krebati-dexia-gonia-fb9333603r-m.webp,,,,,,,,,0,B2BMarkt,ύψος,"75 εκ.",1,1,πλάτος,"270 εκ.",1,1,μήκος,"181 εκ.",1,1,B2BMarkt,76021,5208067215695,"2026-05-09 23:47:25",B2BMarkt,"<ul>
<li>Κατασκευή από μεταλλικό σκελετό υψηλής αντοχής και ξύλινες ενισχύσεις</li>
<li>Επένδυση με ανθεκτικό μπεζ ύφασμα οικιακής χρήσης κατηγορίας 40.000 rubs Martindale</li>
<li>Μηχανισμός ανάκλισης πλάτης με ενσωματωμένη στήριξη για ασφαλή μετατροπή σε κρεβάτι</li>
<li>Διαθέτει φαρδιά, ανατομικά σχεδιασμένα μπράτσα με μαξιλάρια</li>
<li>Εξοπλισμένο με χαμηλά, μοντέρνα μεταλλικά πόδια αντιολισθητικής βάσης</li>
<li>Η επιφάνεια του υφάσματος είναι ανθεκτική στο ξεθώριασμα και τον καθαρισμό</li>
</ul>"
284577,simple,0603335,5208067215848,"Καναπές κρεβάτι Comfyra",1,0,visible,,"<!DOCTYPE html> <html lang=""el""> <head><meta charset=""UTF-8""></head> <body> <p>O γωνιακός καναπές COMFYRA επαναπροσδιορίζει την άνεση στο σπίτι σας. Με το κομψό design του σε γκρι απόχρωση, μεταμορφώνει τον χώρο σας σε ένα σύγχρονο καταφύγιο χαλάρωσης.</p> <p>Η έξυπνη μετατροπή του σε κρεβάτι γίνεται με μία απλή κίνηση, προσφέροντας άμεση φιλοξενία χωρίς συμβιβασμούς στην ποιότητα ύπνου. Η μοναδική εργονομική του σχεδίαση και τα αναπαυτικά μπράτσα δημιουργούν το ιδανικό σημείο συνάντησης για χαλάρωση, ενώ η αισθητική του ταιριάζει αρμονικά σε κάθε χώρο.</p> </body> </html>",,,taxable,,1,9,,0,0,117,181,270,75,1,,,"999,9","Σαλόνι & Καθιστικό",καναπές,,https://eboy.gr/app/uploads/sites/2/2026/05/kanapes-krebati-aristeri-gonia-fb9333601.webp,,,,,,,,,0,B2BMarkt,ύψος,"75 εκ.",1,1,πλάτος,"270 εκ.",1,1,μήκος,"181 εκ.",1,1,B2BMarkt,76022,5208067215848,"2026-05-09 23:47:54",B2BMarkt,"<ul>
<li>Κατασκευή από μεταλλικό σκελετό και ξύλινα στοιχεία στήριξης</li>
<li>Επένδυση με ανθεκτικό γκρι ύφασμα υψηλής ποιότητας</li>
<li>Μηχανισμός ανάκλισης πλάτης για εύκολη μετατροπή σε κρεβάτι</li>
<li>Σχεδιασμός με φαρδιά, υποστηρικτικά μπράτσα</li>
<li>Πολύ χαμηλά μεταλλικά πόδια για σταθερότητα και μοντέρνο στυλ</li>
<li>Αθόρυβη λειτουργία μηχανισμού μετατροπής</li>
</ul>"
284579,simple,0603336,5208067215749,"Καναπές κρεβάτι Comfyra",1,0,visible,,"<!DOCTYPE html> <html lang=""el""> <head><meta charset=""UTF-8""></head> <body> <p>O καναπές κρεβάτι Comfyra μεταμορφώνει το σπίτι σας σε παράδεισο άνεσης. Συνδυάζει αρμονικά τη μοντέρνα αισθητική με την απόλυτη λειτουργικότητα, δημιουργώντας τον απόλυτο χώρο χαλάρωσης.</p> <p>Με την καινοτόμο σχεδίασή του και το υψηλής ποιότητας μπεζ ύφασμα, αποτελεί το ιδανικό κέντρο του καθιστικού σας. Η αριστερή γωνία του προσφέρει μοναδική άνεση στη συζήτηση, ενώ η μετατροπή του σε κρεβάτι γίνεται παιχνιδάκι για εύκολη φιλοξενία επισκεπτών χωρίς ταλαιπωρία.<br />Η κομψότητά του αναβαθμίζει κάθε χώρο, συνδυάζοντας πρακτικότητα και στυλ στην καθημερινότητά σας.</p> </body> </html>",,,taxable,,1,10,,0,0,117,60,133,22,1,,,"999,9","Σαλόνι & Καθιστικό",καναπές,,https://eboy.gr/app/uploads/sites/2/2026/05/kanapes-krebati-aristeri-gonia-fb9333603.webp,,,,,,,,,0,B2BMarkt,ύψος,"22 εκ.",1,1,πλάτος,"133 εκ.",1,1,μήκος,"60 εκ.",1,1,B2BMarkt,76023,5208067215749,"2026-05-09 23:48:24",B2BMarkt,"<ul>
<li>Κατασκευή από μεταλλικό σκελετό υψηλής αντοχής.</li>
<li>Επένδυση με ανθεκτικό μπεζ ύφασμα ποιότητας οικιακής χρήσης.</li>
<li>Μηχανισμός εύκολης αναδίπλωσης πλάτης σε κρεβάτι, χωρίς πολύπλοκες κινήσεις.</li>
<li>Σχεδιασμός με φαρδιά μπράτσα για αυξημένη άνεση και στήριξη.</li>
<li>Πολύ χαμηλά μεταλλικά πόδια για μοντέρνο σχεδιασμό και σταθερότητα.</li>
</ul>"
284581,simple,0603332,5208067215596,"Καναπές κρεβάτι Cornera",1,0,visible,,"<!DOCTYPE html> <html lang=""el""> <head><meta charset=""UTF-8""></head> <body> <p>Ανακαλύψτε την απόλυτη λύση για το σαλόνι σας: τον καναπέ κρεβάτι Cornera. Προσφέρει άριστη αισθητική με τη μπεζ υφασμάτινη επένδυση του, δημιουργώντας ένα κομψό σημείο αναφοράς στον χώρο σας.</p> <p>Η καινοτόμος σχεδίασή του με αναστρέψιμη γωνία προσφέρει μέγιστη ευελιξία στην τοποθέτηση, ενώ μετατρέπεται εύκολα σε άνετο κρεβάτι για ξεκούραση. Ιδανικός συνδυασμός λειτουργικότητας και στυλ, ο Cornera είναι η έξυπνη επιλογή που συνδυάζει την καθημερινή άνεση με τη διαχρονική κομψότητα στο σύγχρονο σπίτι.</p> </body> </html>",,,taxable,,1,3,,0,0,139.5,155,269,89,1,,,"899,9","Σαλόνι & Καθιστικό",καναπές,,https://eboy.gr/app/uploads/sites/2/2026/05/kanapes-krebati-anastrepsimh-gonia-fb933.webp,,,,,,,,,0,B2BMarkt,ύψος,"89 εκ.",1,1,πλάτος,"269 εκ.",1,1,μήκος,"155 εκ.",1,1,B2BMarkt,76024,5208067215596,"2026-05-09 23:48:53",B2BMarkt,"<ul>
<li>Αναστρέψιμος σχεδιασμός γωνίας για ευέλικτη τοποθέτηση</li>
<li>Επένδυση από μπεζ υφασμάτινο ύφασμα υψηλής αντοχής</li>
<li>Μετατροπή σε κρεβάτι μέσω ανάκλισης πλάτης και επέκτασης καθίσματος</li>
<li>Φαρδιά μπράτσα με στιβαρή κατασκευή</li>
<li>Πολύ χαμηλά πόδια για μοντέρνα αισθητική και σταθερότητα</li>
<li>Απλή και γρήγορη μετατροπή χωρίς εργαλεία</li>
</ul>"
284583,simple,0603333,5208067215640,"Γωνιακός καναπές Cornera",1,0,visible,,"<p>Ανακαλύψτε τον καναπέ κρεβάτι Cornera - την ιδανική επιλογή για όσους αναζητούν άνεση και στυλ στο χώρο τους. Με το κομψό γκρι ύφασμα που συνδυάζει αρμονικά τη μοντέρνα με τη κλασική αισθητική, ο Cornera μεταμορφώνει κάθε σαλόνι σε έναν άνετο προσωπικό παράδεισο. Η καινοτόμος αναστρέψιμη γωνία προσαρμόζεται άψογα στον διαθέσιμο χώρο σας, προσφέροντας μέγιστη ευελιξία στη διαρρύθμιση του σπιτιού.</p> <p>Μετατρέψτε τον εύκολα σε κρεβάτι μέσα σε λίγα δευτερόλεπτα και απολαύστε ξεκούραση υψηλής ποιότητας. Η διαχρονική κομψότητα και η ανθεκτικότητα του Cornera εγγυώνται μακροχρόνια απόλαυση. Επενδύστε σε έναν καναπέ που συνδυάζει λειτουργικότητα με απαράμιλλη αισθητική - την τέλεια επιλογή για το σύγχρονο lifestyle.</p>",,,taxable,,1,3,,0,0,139.5,155,269,89,1,,,"899,9","Σαλόνι & Καθιστικό",καναπές,,https://eboy.gr/app/uploads/sites/2/2026/05/kanapes-krebati-anastrepsimh-gonia-fb933-1.webp,,,,,,,,,0,B2BMarkt,ύψος,"89 εκ.",1,1,πλάτος,"269 εκ.",1,1,μήκος,"155 εκ.",1,1,B2BMarkt,76025,5208067215640,"2026-05-09 23:49:25",B2BMarkt,"<ul>
<li>Κατασκευή από μεταλλικό σκελετό και ξύλινα στοιχεία στήριξης</li>
<li>Επένδυση με ανθεκτικό γκρι ύφασμα υψηλής ποιότητας</li>
<li>Αναστρέψιμη γωνία καναπέ για ευέλικτη διάταξη στο χώρο</li>
<li>Μετατροπή σε κρεβάτι μέσω ανάκλισης πλάτης και επέκτασης καθίσματος</li>
<li>Σχεδιασμός χαμηλού προφίλ ποδιών για σταθερότητα και μοντέρνο στυλ</li>
<li>Πλαϊνά μπράτσα ενισχυμένης κατασκευής με άνετο πάχος</li>
<li>Απαλή υφή υφάσματος με εύκολη συντήρηση</li>
</ul>"
284585,simple,0525888,5208067200646,"Ντουλάπι Superon",1,0,visible,,"<!DOCTYPE html> <html lang=""el""> <head><meta charset=""UTF-8""></head> <body> <p>Το SUPERON - ένα μοντέρνο ντουλάπι βιβλιοθήκης που συνδυάζει τέλεια την πρακτικότητα με το design. Προσφέρει τον ιδανικό χώρο για το γραφείο σας, με τον αρμονικό συνδυασμό μπεζ και φυσικής απόχρωσης να δημιουργεί μια κομψή ατμόσφαιρα στον επαγγελματικό σας χώρο.</p> <p>Με τη λειτουργική του σχεδίαση, παρέχει άφθονο αποθηκευτικό χώρο στην αριστερή πλευρά μέσω ντουλαπιού, ενώ η δεξιά πλευρά μεταμορφώνεται σε μία ελκυστική βιβλιοθήκη με ράφι, εξασφαλίζοντας εύκολη πρόσβαση στα αντικείμενα σας. Η επιλογή αυτή αποτελεί την ιδανική λύση για κάθε σύγχρονο γραφείο, συνδυάζοντας αισθητική και λειτουργικότητα.</p> </body> </html>",,,taxable,,1,3,,0,0,33,40,80,90,1,,,"109,9",Γραφείο,ντουλάπι,,https://eboy.gr/app/uploads/sites/2/2026/05/ntoylapi-bibliothiki-fb92143-melamini-mp.webp,,,,,,,,,0,B2BMarkt,ύψος,"90 εκ.",1,1,πλάτος,"80 εκ.",1,1,μήκος,"40 εκ.",1,1,B2BMarkt,76033,5208067200646,"2026-05-09 23:49:54",B2BMarkt,"<ul>
    <li>Κατασκευή από μελαμίνη υψηλής ποιότητας σε συνδυασμό μπεζ και φυσικού χρώματος ξύλου.</li>
    <li>Διαθέτει αριστερό τμήμα κλειστού ντουλαπιού με πόρτα.</li>
    <li>Δεξιά πλευρά με ανοιχτό χώρο βιβλιοθήκης που περιλαμβάνει ένα ράφι στήριξης αντικειμένων.</li>
    <li>Επιφάνεια μελαμίνης ανθεκτική στην καθημερινή χρήση και τον καθαρισμό.</li>
    <li>Προσφέρει ευελιξία στη χρήση για αποθήκευση εγγράφων και διακοσμητικών στοιχείων.</li>
</ul>"
284587,simple,0535916,5208067211345,"Τραπέζι σαλονιού Travertine",1,0,visible,,"<!DOCTYPE html> <html lang=""el""> <head> <meta charset=""UTF-8""> </head> <body> <p>Αναβαθμίστε το χώρο σας με το μοντέρνο Τραπέζι Σαλονιού Travertine! Η ιδιαίτερη υφή της πέτρας travertine προσδίδει μια κομψή, φυσική αισθητική που θα μεταμορφώσει τον εξωτερικό σας χώρο. Ιδανικό για καφετέριες, εστιατόρια και τουριστικά καταλύματα, συνδυάζει την πρακτικότητα με τη διαχρονική ομορφιά.</p> <p>Κατασκευασμένο από ανθεκτικό HPL υλικό, το τραπέζι είναι ασφαλές για επαφή με τρόφιμα και προσφέρει μακροχρόνια αντοχή στις εξωτερικές συνθήκες. Διαθέσιμο σε τετράγωνο σχήμα 80x80εκ., με πάχος 12mm που προσαρμόζεται εύκολα στη βάση σας. Η επιλογή αυτή δεν αποτελεί απλώς μια αισθητική προσθήκη, αλλά μια επένδυση στην ποιότητα του χώρου σας.</p> </body> </html>",,,taxable,,1,14,,0,0,11.2,80,80,,1,,,"84,61","Κήπος & Εξωτερικός Χώρος",τραπέζι,,https://eboy.gr/app/uploads/sites/2/2026/05/epifaneia-trapezioy-hpl-tetragoni-fb9583-13.webp,,,,,,,,,0,B2BMarkt,πλάτος,"80 εκ.",1,1,μήκος,"80 εκ.",1,1,,,,,B2BMarkt,76046,5208067211345,"2026-05-09 23:50:25",B2BMarkt,"<ul>
<li>Κατασκευή από High Pressure Laminate (HPL) με βάση συνθετική ρητίνη</li>
<li>Πάχος επιφάνειας: 12mm</li>
<li>Ανθεκτική επιφάνεια σε χτυπήματα, τριβή και λεκέδες</li>
<li>Φυσικό φινίρισμα πέτρας Travertine, διαθέσιμο σε ματ και γυαλιστερό</li>
<li>Μηδενική ανάπτυξη βακτηρίων στην επιφάνεια</li>
<li>Σταθερότητα χρώματος στο χρόνο</li>
<li>Κατάλληλο για άμεση επαφή με τρόφιμα</li>
</ul>"
284589,simple,0535933,5208067211307,"Τραπέζι σαλονιού Hpl Square",1,0,visible,,"<p>Ανακαλύψτε το μοντέρνο τραπέζι σαλονιού με την ξεχωριστή τετράγωνη επιφάνεια σε λευκό, ιδανικό για κάθε χώρο! Δημιουργήστε μια κομψή ατμόσφαιρα στον εξωτερικό σας χώρο, συνδυάζοντας λειτουργικότητα και αισθητική. Το ανθεκτικό υλικό HPL εξασφαλίζει μακροχρόνια χρήση χωρίς φθορά από τις καιρικές συνθήκες.</p> <p>Αφήστε τους καλεσμένους σας να απολαύσουν τον καφέ ή το γεύμα τους πάνω στην καθαρή λευκή επιφάνεια, ιδανική για επαφή με τρόφιμα. Η απλότητα του σχεδιασμού του συνδυάζεται αρμονικά σε καφετέριες, εστιατόρια και τουριστικά καταλύματα, προσφέροντας μια διαχρονική αισθητική που ξεχωρίζει.</p>",,,taxable,,1,30,,0,0,11.2,80,80,,1,,,"84,61","Κήπος & Εξωτερικός Χώρος",τραπέζι,,https://eboy.gr/app/uploads/sites/2/2026/05/epifaneia-trapezioy-hpl-tetragoni-fb9583-14.webp,,,,,,,,,0,B2BMarkt,πλάτος,"80 εκ.",1,1,μήκος,"80 εκ.",1,1,,,,,B2BMarkt,76047,5208067211307,"2026-05-09 23:50:57",B2BMarkt,"<ul>
<li>Κατασκευή από High Pressure Laminate (HPL) με βάση συνθετική ρητίνη</li>
<li>Πάχος επιφάνειας: 12mm</li>
<li>Ανθεκτική επιφάνεια σε χτυπήματα, τριβή και λεκέδες</li>
<li>Φυσική αντίσταση στην ανάπτυξη βακτηρίων</li>
<li>Σταθερότητα χρώματος στο φως</li>
<li>Διαθέσιμο ματ ή γυαλιστερό φινίρισμα επιφάνειας</li>
<li>Κατάλληλο για επαφή με τρόφιμα (FDA compliant)</li>
</ul>"
284591,simple,0535925,5208067211048,"Τραπέζι σαλονιού Hpl",1,0,visible,,"<!DOCTYPE html> <html lang=""el""> <head> <meta charset=""UTF-8""> </head> <body> <p>Εμπλουτίστε την αισθητική του εξωτερικού σας χώρου με το μοναδικό στρογγυλό τραπέζι μας σε λευκό χρώμα. Σχεδιασμένο με γνώμονα τη διαχρονικότητα, συνδυάζει άψογα λειτουργικότητα και κομψότητα, δημιουργώντας ένα ιδανικό σημείο συνάντησης για κάθε περίσταση.</p> <p>Η υψηλής ποιότητας επιφάνεια είναι όχι μόνο ανθεκτική στις καιρικές συνθήκες αλλά και φιλική προς το περιβάλλον, ιδανική για άμεση επαφή με τρόφιμα. Το καινοτόμο σύστημα τοποθέτησης German Slots εξασφαλίζει σταθερή και ασφαλή στήριξη χωρίς κόπο. Αποτελεί την τέλεια επιλογή για επαγγελματικούς χώρους όπως καφετέριες και εστιατόρια, καθώς και για ενοικιαζόμενα δωμάτια που αναζητούν μοναδικά έπιπλα εξωτερικού χώρου.</p> </body> </html>",,,taxable,,1,21,,0,0,6.55,60,60,,1,,,"36,53","Κήπος & Εξωτερικός Χώρος",τραπέζι,,https://eboy.gr/app/uploads/sites/2/2026/05/epifaneia-trapezioy-hpl-stroggyli-fb9584-14.webp,,,,,,,,,0,B2BMarkt,πλάτος,"60 εκ.",1,1,μήκος,"60 εκ.",1,1,,,,,B2BMarkt,76048,5208067211048,"2026-05-09 23:51:27",B2BMarkt,"<ul>
<li>Επιφάνεια κατασκευασμένη από HPL (High Pressure Laminate) με αντοχή σε εξωτερικές συνθήκες</li>
<li>Λευκό φαλτσοκομμένο φινίρισμα κατάλληλο για επαφή με τρόφιμα</li>
<li>Περιλαμβάνει German Slots στο πίσω μέρος της επιφάνειας για εύκολη προσαρμογή σε διάφορες βάσεις</li>
<li>Επαγγελματική συσκευασία που περιλαμβάνει ειδικές βίδες με τετράγωνο κεφάλι για ασφαλή στερέωση</li>
<li>Ανθεκτικό, φιλικό προς το περιβάλλον υλικό με πιστοποίηση καταλληλότητας για επαφή με τρόφιμα</li>
<li>Προσφέρει ευελιξία στην τοποθέτηση σε εσωτερικές και εξωτερικές επιφάνειες χάρη στους ειδικούς οδηγούς</li>
</ul>"
284593,simple,0525878,5208067200752,"Γραφείο συνεδριάσεων Superon",1,0,visible,,"<p>Αναβαθμίστε τον επαγγελματικό σας χώρο με το εντυπωσιακό γραφείο συνεδριάσεων Superon. Η μοναδική διχρωμία φυσικής απόχρωσης ξύλου και μπεζ δημιουργεί μια κομψή αντίθεση, προσδίδοντας κομψότητα στον χώρο σας. Οι ευρύχωρες διαστάσεις του εξασφαλίζουν άνεση κατά τη διάρκεια σημαντικών συναντήσεων, ενώ η αισθητική του εμπνέει εμπιστοσύνη και επαγγελματισμό.</p> <p>Δημιουργήστε την ιδανική ατμόσφαιρα για παραγωγικές συζητήσεις, συνδυάζοντας το Superon με έπιπλα της ίδιας σειράς. Η επιλογή αυτή θα αναβαθμίσει όχι μόνο την εμφάνιση, αλλά και την αποτελεσματικότητα των επαγγελματικών σας συναντήσεων. Επενδύστε σε ένα γραφείο που συνδυάζει ποιότητα κατασκευής με μοντέρνο σχεδιασμό - το Superon αποτελεί την ιδανική λύση για κάθε σύγχρονο επαγγελματικό περιβάλλον.</p>",,,taxable,,1,3,,0,0,220,140,360,76,1,,,"999,9",Γραφείο,γραφείο,,https://eboy.gr/app/uploads/sites/2/2026/05/grafeio-synedriaseon-fb92145-melamini-se.webp,,,,,,,,,0,B2BMarkt,ύψος,"76 εκ.",1,1,πλάτος,"360 εκ.",1,1,μήκος,"140 εκ.",1,1,B2BMarkt,76051,5208067200752,"2026-05-09 23:51:57",B2BMarkt,"<ul>
<li>Κατασκευή από μελαμίνη υψηλής ποιότητας και αντοχής</li>
<li>Διχρωμία σε φυσική απόχρωση ξύλου και μπεζ απόχρωση</li>
<li>Ανθεκτική επιφάνεια με μεγάλη σκληρότητα</li>
<li>Ορθογώνιο σχήμα για μέγιστη εργονομία χώρου</li>
<li>Κατάλληλο για συνδυασμό με καρέκλες ή πολυθρόνες της ίδιας σειράς</li>
<li>Επαγγελματική αισθητική κατάλληλη για χώρους συνεδριάσεων</li>
</ul>"
284595,simple,0525879,5208067200851,"Γραφείο President Left Corner",1,0,visible,,"<!DOCTYPE html> <html lang=""el""> <head> <meta charset=""UTF-8""> </head> <body> <p>Ανακαλύψτε το Γραφείο President Left Corner - την επιτομή του στυλ και της λειτουργικότητας στον επαγγελματικό χώρο. Με την κομψή σύνθεση καρυδί και μπεζ, αυτό το γωνιακό γραφείο προσθέτει μια πινελιά εκλεπτυσμού στο περιβάλλον εργασίας σας.</p> <p>Η καινοτόμος σχεδίασή του προσφέρει όχι μόνο άριστο αισθητικό αποτέλεσμα αλλά και πρακτικότητα στην καθημερινή χρήση. Ιδανικό για χώρους όπου η άνεση και ο επαγγελματισμός συνυπάρχουν αρμονικά, δημιουργεί ένα περιβάλλον που εμπνέει παραγωγικότητα και στυλ. Επιλέξτε το και μεταμορφώστε τον επαγγελματικό σας χώρο σε έναν πραγματικό κόμβο δημιουργικότητας.</p> </body> </html>",,,taxable,,1,4,,0,0,169,180,240,76,1,,,"799,9",Γραφείο,γραφείο,,https://eboy.gr/app/uploads/sites/2/2026/05/grafeio-aristeri-gonia-fb92146l-melamini.webp,,,,,,,,,0,B2BMarkt,ύψος,"76 εκ.",1,1,πλάτος,"240 εκ.",1,1,μήκος,"180 εκ.",1,1,B2BMarkt,76054,5208067200851,"2026-05-09 23:52:26",B2BMarkt,"<ul>
<li>Κατασκευή από μελαμίνη υψηλής ποιότητας σε καρυδί απόχρωση</li>
<li>Επιφάνεια εργασίας με ενσωματωμένο άνοιγμα για διαχείριση καλωδίων και οργάνωση</li>
<li>Συνδυασμός δύο χρωμάτων (καρυδί & μπεζ) για επαγγελματικό φινίρισμα</li>
<li>Πλήρης διάταξη αποθηκευτικών χώρων στο μπροστινό και πλαϊνό τμήμα</li>
<li>Σχεδιασμός γωνιακής διάταξης για βέλτιστη αξιοποίηση χώρου σε αριστερή τοποθέτηση</li>
<li>Εσωτερική δομή ενισχυμένη με μεταλλικό σκελετό για πρόσθετη σταθερότητα</li>
</ul>"
284597,simple,0613324,5208067212656,"Τραπέζι Breccan",1,0,visible,,"<p>Εντυπωσιακή παρουσία στον εξωτερικό σας χώρο με το Τραπέζι Breccan - μια κομψή επιλογή που συνδυάζει την σύγχρονη αισθητική με την ανθεκτικότητα της φύσης. Κατασκευασμένο από υψηλής ποιότητας Fiber Cement, προσφέρει μοναδική αντοχή στις καιρικές συνθήκες και διαχρονική κομψότητα.</p> <p>Το οβάλ σχήμα του δημιουργεί ένα εντυπωσιακό κέντρο εστίασης στο χώρο σας, ιδανικό για στιγμές χαλάρωσης με φίλους ή οικογενειακές συγκεντρώσεις. Η διακριτική μπεζ απόχρωση ταιριάζει αρμονικά σε κάθε εξωτερικό περιβάλλον, ενώ η στιβαρή κατασκευή του εξασφαλίζει σταθερότητα και ασφάλεια. Μια πολυτελής επιλογή που μεταμορφώνει τον κήπο ή τη βεράντα σας σε έναν κομψό χώρο φιλοξενίας.</p>",,,taxable,,1,21,,0,0,125,100,240,75,1,,,1100,"Κήπος & Εξωτερικός Χώρος",τραπέζι,,https://eboy.gr/app/uploads/sites/2/2026/05/trapezi-trapezarias-obal-fb9657702-mpez-.webp,,,,,,,,,0,B2BMarkt,ύψος,"75 εκ.",1,1,πλάτος,"240 εκ.",1,1,μήκος,"100 εκ.",1,1,B2BMarkt,76059,5208067212656,"2026-05-09 23:52:53",B2BMarkt,"<ul>
<li>Κατασκευή από Fiber Cement υψηλής πυκνότητας</li>
<li>Φυσικό μπεζ φινίρισμα με χαρακτηριστική υφή επιφάνειας</li>
<li>Στιβαρή μονοκόμματη δομή για αυξημένη αντοχή</li>
<li>Ανθεκτικό σε εξωτερικές συνθήκες και καιρικές μεταβολές</li>
<li>Κατάλληλο για χρήση τόσο εσωτερικούς όσο και εξωτερικούς χώρους</li>
<li>Ελάχιστη συντήρηση απαιτούμενη λόγω ανθεκτικότητας υλικού</li>
</ul>"
284599,simple,0525883,5208067201322,"Τραπέζι σαλονιού President",1,0,visible,,"<!DOCTYPE html> <html lang=""el""> <head> <meta charset=""UTF-8""> <title>Τραπέζι Σαλονιού President</title> </head> <body> <p>Αναβαθμίστε την αισθητική του χώρου σας με το τραπεζάκι σαλονιού PRESIDENT, ένα αριστούργημα σχεδιασμού που συνδυάζει κομψότητα και λειτουργικότητα. Η αρμονική σύζευξη των αποχρώσεων καρυδί και μπεζ δημιουργεί μια πολυτελή ατμόσφαιρα σε κάθε επαγγελματικό περιβάλλον.</p> <p>Κατασκευασμένο από ανθεκτική μελαμίνη κορυφαίας ποιότητας, αυτό το τραπεζάκι γραφείου δεν είναι απλώς ένας διακοσμητικός στοιχείο - αποτελεί επένδυση για τον χώρο σας. Προσφέρει έναν ιδανικό συνδυασμό πρακτικότητας και υψηλής αισθητικής, ιδανικός για χώρους αναμονής, γραφεία διοίκησης ή ως κεντρικό κομμάτι σε σαλόνια. Η επιλογή του PRESIDENT εγγυάται μια διαχρονική παρουσία που θα εντυπωσιάζει με την κομψότητά της.</p> </body> </html>",,,taxable,,1,12,,0,0,60,60,140,45,1,,,"139,9",Γραφείο,τραπέζι,,https://eboy.gr/app/uploads/sites/2/2026/05/trapezi-salonioy-grafeioy-fb92150-melami.webp,,,,,,,,,0,B2BMarkt,ύψος,"45 εκ.",1,1,πλάτος,"140 εκ.",1,1,μήκος,"60 εκ.",1,1,B2BMarkt,76061,5208067201322,"2026-05-09 23:53:22",B2BMarkt,"<ul>
<li>Κατασκευή από μελαμίνη υψηλής ποιότητας για αντοχή και διάρκεια.</li>
<li>Επιφάνεια εργασίας σε δύο χρωματικούς συνδυασμούς: Καρυδί & Μπεζ, προσφέροντας κομψό φινίρισμα.</li>
<li>Στιβαρή μεταλλική βάση που εξασφαλίζει σταθερότητα και εργονομική χρήση.</li>
<li>Σχεδιασμός με έμφαση στη λειτουργικότητα για επαγγελματικούς χώρους.</li>
<li>Εύκολος καθαρισμός της επιφάνειας (στεγνό ή ελαφρώς νωπό πανί).</li>
</ul>"
284601,simple,0525875,5208067200332,"Γραφείο Superon Hm2139l",1,0,visible,,"<p>Αναβαθμίστε το επαγγελματικό σας χώρο με το κομψό Γραφείο Αριστερής Γωνίας SUPERON - την τέλεια επιλογή για όσους αναζητούν συνδυασμό στυλ και λειτουργικότητας. Απολαύστε την πολυτέλεια ενός σύγχρονου σχεδιασμού που συνδυάζει αριστοτεχνικά τη φυσική απόχρωση ξύλου με διακριτικές μπεζ λεπτομέρειες, δημιουργώντας μια εκλεπτυσμένη ατμόσφαιρα στο γραφείο σας.</p> <p>Κατασκευασμένο από υψηλής ποιότητας μελαμίνη και ενισχυμένα μεταλλικά στοιχεία, το SUPERON προσφέρει αξιοπιστία και αντοχή. Η εργονομική του σχεδίαση ταιριάζει αρμονικά σε κάθε επαγγελματικό περιβάλλον, μετατρέποντας τον καθημερινό χώρο εργασίας σας σε ένα σημείο έμπνευσης και επιτυχίας. Επιλέξτε την αισθητική που αντανακλά το προσωπικό σας γούστο και αφήστε το γραφείο Superon να αποτελέσει το επίκεντρο του επαγγελματικού σας χώρου.</p>",,,taxable,,1,2,,0,0,150,180,240,76,1,,,"949,9",Γραφείο,γραφείο,,https://eboy.gr/app/uploads/sites/2/2026/05/grafeio-aristeri-gonia-fb92139l-melamini.webp,,,,,,,,,0,B2BMarkt,ύψος,"76 εκ.",1,1,πλάτος,"240 εκ.",1,1,μήκος,"180 εκ.",1,1,B2BMarkt,76063,5208067200332,"2026-05-09 23:53:51",B2BMarkt,"<ul>
<li>Κατασκευή από μελαμίνη υψηλής ποιότητας για την επιφάνεια και το σώμα του γραφείου.</li>
<li>Μεταλλική ενίσχυση στο σκελετό για αυξημένη σταθερότητα.</li>
<li>Μεταλλικό πόδι στη μεγάλη πλευρά σε μπεζ χρώμα, ανθεκτικό στην καθημερινή χρήση.</li>
<li>Διαθέτει αποθηκευτικούς χώρους με συρτάρια και ντουλάπια.</li>
<li>Επιφάνεια με συνδυασμό φυσικού χρώματος ξύλου και διακριτικών μπεζ λεπτομερειών.</li>
</ul>"
284603,simple,0525876,5208067200417,"Γραφείο δεξιά gωνία Superon",1,0,visible,,"<!DOCTYPE html> <html lang=""el""> <head> <meta charset=""UTF-8""> <title>Γραφείο Δεξιάς Γωνίας Superon</title> <style> p { font-family: Arial, sans-serif; line-height: 1.6em; } </style> </head> <body> <p>Απολαύστε την εργονομική άνεση και την αισθητική υπεροχή του γραφείου Superon γωνιακής διάταξης. Δημιουργήστε ένα επαγγελματικό περιβάλλον με αυτό το μοναδικό έπιπλο που συνδυάζει λειτουργικότητα και στυλ. Η αρμονική μίξη φυσικών τόνων μελαςίνης και διακριτικών μπεζ στοιχείων προσδίδει μια εκλεπτυσμένη ατμόσφαιρα στον εργασιακό σας χώρο.</p> <p>Κατασκευασμένο από ανθεκτική μελαμίνη υψηλής ποιότητας, το Superon γραφείο υπόσχεται μακροχρόνια αξιοπιστία. Ιδανικό για απαιτητικά διοικητικά περιβάλλοντα, αποτελεί την τέλεια επιλογή για όσους αναζητούν την ισορροπία μεταξύ κομψότητας και πρακτικότητας στην καθημερινή εργασία τους.</p> </body> </html>",,,taxable,,1,2,,0,0,150,180,240,76,1,,,"949,9",Γραφείο,γραφείο,,https://eboy.gr/app/uploads/sites/2/2026/05/grafeio-dexia-gonia-fb92139r-melamini-fy.webp,,,,,,,,,0,B2BMarkt,ύψος,"76 εκ.",1,1,πλάτος,"240 εκ.",1,1,μήκος,"180 εκ.",1,1,B2BMarkt,76064,5208067200417,"2026-05-09 23:54:20",B2BMarkt,"<ul>
<li>Κατασκευή από μελαμίνη υψηλής ποιότητας για την επιφάνεια και το σώμα.</li>
<li>Μεταλλική ενίσχυση στο σκελετό για αυξημένη σταθερότητα.</li>
<li>Μεταλλικό πόδι σε μπεζ χρώμα στη μεγάλη πλευρά.</li>
<li>Εξοπλισμός με συρτάρια και ντουλάπια για πρόσθετους αποθηκευτικούς χώρους.</li>
<li>Επιφάνεια με συνδυασμό φυσικού χρώματος ξύλου και διακριτικών μπεζ λεπτομερειών.</li>
</ul>"
284605,simple,0525847,5208067195829,"Γραφείο δεξιά γωνία Newline Hm18275r",1,0,visible,,"<!DOCTYPE html> <html lang=""el""> <head><meta charset=""UTF-8""></head> <body> <p>Ανανεώστε τον επαγγελματικό σας χώρο με το κομψό Γραφείο Δεξιάς Γωνίας NEWLINE! Η μοντέρνα του γραμμή συνδυάζει την πρακτικότητα με τη στυλιστική αρτιότητα, δημιουργώντας ένα ιδανικό περιβάλλον εργασίας. Οι διακριτικές αποχρώσεις κρεμ και ανοιχτό καφέ προσδίδουν μια αίσθηση φρεσκάδας και επαγγελματισμού στον χώρο σας.</p> <p>Η εργονομική σχεδίαση της γωνίας ενώνεται αρμονικά με το κεντρικό γραφείο, προσφέροντας μέγιστη λειτουργικότητα και άνεση στην καθημερινή χρήση. Κατασκευασμένο από ανθεκτική μελαμίνη υψηλής ποιότητας και ενισχυμένα πόδια αλουμινίου, εγγυάται μακροχρόνια αντοχή και αξιοπιστία.</p> </body> </html>",,,taxable,,1,4,,0,0,71,120,160,105,1,,,"169,9",Γραφείο,γραφείο,,https://eboy.gr/app/uploads/sites/2/2026/05/grafeio-dexia-gonia-fb918275r-melamini-e.webp,,,,,,,,,0,B2BMarkt,ύψος,"105 εκ.",1,1,πλάτος,"160 εκ.",1,1,μήκος,"120 εκ.",1,1,B2BMarkt,76069,5208067195829,"2026-05-09 23:54:48",B2BMarkt,"<ul>
<li>Κατασκευή από μελαμίνη υψηλής ποιότητας με αντοχή στην καθημερινή επαγγελματική χρήση</li>
<li>Πόδια από αλουμίνιο σε ανοιχτό καφέ χρώμα για αυξημένη σταθερότητα και ανθεκτικότητα</li>
<li>Ενσωματωμένο ντουλάπι με ένα συρτάρι που διαθέτει κλειδαριά αριθμών ασφαλείας</li>
<li>Διαθέτει ενσωματωμένες πρίζες ηλεκτρικού ρεύματος στη βάση του επίπλου</li>
<li>Επιφάνεια εργασίας σε κρεμ απόχρωση με δυνατότητα συνδυασμού ανοιχτό καφέ και κρεμ αποχρώσεων</li>
</ul>"
284607,simple,0525932,5208067223188,"Γραφείο Newline",1,0,visible,,"<!DOCTYPE html> <html lang=""el""> <head> <meta charset=""UTF-8""> </head> <body> <p>Αναβαθμίστε τον επαγγελματικό σας χώρο με το Γραφείο NEWLINE της Αριστερής Γωνίας - την επιτομή του μοντέρνου σχεδιασμού. Εμπνευσμένο από τις σύγχρονες τάσεις, συνδυάζει αρμονικά κομψότητα και λειτουργικότητα σε κάθε γωνιά του γραφείου σας.</p> <p>Η απαλή κρεμ και η ζεστή καφεδί απόχρωση της μελαμίνης προσδίδουν μια αίσθηση πολυτέλειας στον χώρο εργασίας σας, δημιουργώντας ένα περιβάλλον που εμπνέει δημιουργικότητα. Η έξυπνη σχεδίαση με την ενσωματωμένη γωνία εξασφαλίζει μέγιστη εργονομία και άνεση, ενώ τα ανθεκτικά υλικά εγγυώνται μακροχρόνια χρήση χωρίς συμβιβασμούς στην ποιότητα.</p> </body> </html>",,,taxable,,1,4,,0,0,47,120,160,105,1,,,"169,9",Γραφείο,γραφείο,,https://eboy.gr/app/uploads/sites/2/2026/05/grafeio-aristeri-gonia-newline-fb918275l.webp,,,,,,,,,0,B2BMarkt,ύψος,"105 εκ.",1,1,πλάτος,"160 εκ.",1,1,μήκος,"120 εκ.",1,1,B2BMarkt,76070,5208067223188,"2026-05-09 23:55:18",B2BMarkt,"<ul>
<li>Κατασκευή από μελαμίνη υψηλής ποιότητας με επιφάνεια λεία και ανθεκτική στη φθορά</li>
<li>Πόδια αλουμινίου για αυξημένη σταθερότητα και αντοχή στη διάβρωση</li>
<li>Περιλαμβάνει ένα ντουλάπι και ένα συρτάρι με κλειδαριά ασφαλείας 3-6 αριθμών</li>
<li>Ενσωματωμένες πρίζες στο γραφείο για εύκολη πρόσβαση σε ηλεκτρική ενέργεια</li>
<li>Ανθεκτικό στην καθημερινή επαγγελματική χρήση με έμφαση στην εργονομία</li>
</ul>"
284609,simple,0525860,5208067196161,"Σταθμός εργασίας Newline",1,0,visible,,"<p>Αναβαθμίστε την καθημερινή σας επαγγελματική εμπειρία με τον μοντέρνο σταθμό εργασίας 4 θέσεων NEWLINE. Η εκρού απόχρωση της μελαμίνης δημιουργεί έναν χώρο φωτεινό και φιλόξενο, ενώ τα διακριτικά διαχωριστικά γυαλιού προσφέρουν την απαραίτητη ιδιωτικότητα χωρίς να θυσιάζουν το αίσθημα του ενιαίου χώρου.<br><br> Ιδανικός για σύγχρονους επαγγελματικούς χώρους που αναζητούν ισορροπία μεταξύ λειτουργικότητας και αισθητικής. Ο σταθμός NEWLINE συνδυάζει ποιότητα κατασκευής με κομψό σχεδιασμό, δημιουργώντας ένα περιβάλλον εργασίας που εμπνέει παραγωγικότητα και επαγγελματισμό.</p>",,,taxable,,1,9,,0,0,103,123,249,110,1,,,"439,9",Γραφείο,γραφείο,,https://eboy.gr/app/uploads/sites/2/2026/05/stathmos-ergasias-4-theseon-fb918288-mel.webp,,,,,,,,,0,B2BMarkt,ύψος,"110 εκ.",1,1,πλάτος,"249 εκ.",1,1,μήκος,"123 εκ.",1,1,B2BMarkt,76071,5208067196161,"2026-05-09 23:55:46",B2BMarkt,"<ul>
<li>Κατασκευή από μελαμίνη υψηλής ποιότητας για αντοχή και διάρκεια</li>
<li>Διαχωριστικά τμήματα από ανθεκτικό γυαλί ασφαλείας</li>
<li>Ενιαία επιφάνεια εργασίας 4 θέσεων με ενσωματωμένα διαχωριστικά</li>
<li>Προεγκατεστημένες πρίζες στο κάτω μέρος της κατασκευής</li>
<li>Ομαλή επιφάνεια μελαμίνης σε εκρού απόχρωση (RAL 1013)</li>
<li>Βάρος κατασκευής κατάλληλο για χρήση σε γραφεία</li>
</ul>"
284611,simple,0525858,5208067196147,"Τραπέζι σαλονιού Newline",1,0,visible,,"<p>Αναβαθμίστε το σαλόνι σας με το κομψό τραπέζι NEWLINE, μια άριστη επιλογή για σύγχρονους χώρους. Συνδυάζει άψογα την πρακτικότητα με την υψηλή αισθητική, δημιουργώντας ένα κέντρο εστίασης που εντυπωσιάζει. Ο κλασικός του σχεδιασμός και η εκλεπτυσμένη εμφάνιση από μελαμίνη υψηλής ποιότητας μετατρέπουν κάθε χώρο σε σημείο αναφοράς.</p> <p>Ιδανικό για επαγγελματικούς χώρους αλλά και οικιακούς, το τραπεζάκι NEWLINE προσφέρει έναν ξεχωριστό συνδυασμό λειτουργικότητας και κομψότητας. Η διακριτική του παρουσία προσθέτει αξία στον περιβάλλοντα χώρο, καθιστώντας το μια διαχρονική επιλογή που ξεχωρίζει για την ποιότητα κατασκευής του.</p>",,,taxable,,1,6,,0,0,15,60,60,42,1,,,"34,9",Γραφείο,τραπέζι,,https://eboy.gr/app/uploads/sites/2/2026/05/boithitiko-trapezaki-fb918286-melamini-k.webp,,,,,,,,,0,B2BMarkt,ύψος,"42 εκ.",1,1,πλάτος,"60 εκ.",1,1,μήκος,"60 εκ.",1,1,B2BMarkt,76072,5208067196147,"2026-05-09 23:56:16",B2BMarkt,"<ul>
<li>Κατασκευή από μελαμίνη υψηλής ποιότητας για αντοχή και διάρκεια</li>
<li>Επιφάνεια σε εκρού - ανοιχτό καφέ χρώμα με ομοιόμορφο φινίρισμα</li>
<li>Ενσωματωμένος χώρος αποθήκευσης με ανοιχτή πρόσβαση</li>
<li>Στιβαρή εργονομική κατασκευή με ενισχυμένα πόδια στήριξης</li>
<li>Επίπεδη, σταθερή επιφάνεια εργασίας για άνετη χρήση</li>
<li>Αντιστατική επεξεργασία επιφάνειας για προστασία από δακτυλιές και σκόνη</li>
</ul>"
284613,simple,0525857,5208067196130,"Γραφείο Newline",1,0,visible,,"<p>Αναβαθμίστε το επαγγελματικό σας περιβάλλον με το κομψό γραφείο NEWLINE. Ο μοναδικός συνδυασμός εκρού και ανοιχτού καφέ αποχρώσεων δημιουργεί ένα φωτεινό χώρο που εμπνέει δημιουργικότητα. Το χαμηλό ύψος του ντουλαπιού το καθιστά ιδανικό για κάθε ανάγκη αποθήκευσης, προσφέροντας άφθονο χώρο τόσο σε κλειστούς όσο και σε ανοιχτούς χώρους.</p> <p>Η μοντέρνα αισθητική συναντά την πρακτικότητα στο NEWLINE. Ένα έπιπλο που δεν προσθέτει απλώς λειτουργικότητα στον επαγγελματικό σας χώρο, αλλά αποτελεί και ένα κομψό διακοσμητικό στοιχείο που αντανακλά το γούστο και την προσοχή στη λεπτομέρεια. Επιλέξτε την ποιότητα που αξίζει στο γραφείο σας!</p>",,,taxable,,1,6,,0,0,30,60,120,42,1,,,"99,9",Γραφείο,γραφείο,,https://eboy.gr/app/uploads/sites/2/2026/05/ntoylapi-grafeioy-fb918285-melamini-se-k.webp,,,,,,,,,0,B2BMarkt,ύψος,"42 εκ.",1,1,πλάτος,"120 εκ.",1,1,μήκος,"60 εκ.",1,1,B2BMarkt,76073,5208067196130,"2026-05-09 23:56:46",B2BMarkt,"<ul>
<li>Κατασκευή από μελαμίνη υψηλής ποιότητας σε δύο χρωματικούς συνδυασμούς: εκρού και ανοιχτό καφέ.</li>
<li>Διαθέτει συνδυασμό κλειστών και ανοιχτών αποθηκευτικών χώρων για μέγιστη ευελιξία χρήσης.</li>
<li>Επιφάνεια ανθεκτική στην καθημερινή χρήση και εύκολο στον καθαρισμό.</li>
<li>Σχεδιασμός κατάλληλος για επαγγελματική χρήση με έμφαση στη λειτουργικότητα και την αισθητική.</li>
<li>Προσφέρει λύσεις οργάνωσης για γραφεία, home office και επαγγελματικούς χώρους.</li>
</ul>"
284615,simple,0525848,5208067195867,"Σταθμός εργασίας Newline",1,0,visible,,"<!DOCTYPE html> <html lang=""el""> <head> <meta charset=""UTF-8""> <title>Σταθμός Εργασίας Newline</title> </head> <body> <p>Αναβαθμίστε το επαγγελματικό σας περιβάλλον με τον πρωτοποριακό σταθμό εργασίας NEWLINE. Σχεδιασμένος για να αναδείξει κάθε σύγχρονο γραφείο, προσφέρει ιδανικό χώρο συνεργασίας για δύο άτομα σε ένα αρμονικό σύνολο. Η εκρού απόχρωση της μελαμίνης συνδυάζεται άψογα με τα κομψά πόδια αλουμινίου, δημιουργώντας μια φωτεινή και φρέσκια ατμόσφαιρα που εμπνέει παραγωγικότητα.</p> <p>Επενδύστε στην ποιότητα του χώρου εργασίας σας επιλέγοντας έναν σταθμό που συνδυάζει αισθητική τελειότητα με ανθεκτικά υλικά υψηλής αντοχής. Ο NEWLINE αποτελεί την ιδανική επιλογή για όσους αναζητούν ένα λειτουργικό και στυλάτο γραφείο που θα γίνει το επίκεντρο κάθε επαγγελματικού περιβάλλοντος.</p> </body> </html>",,,taxable,,1,13,,0,0,71,140,120,75,1,,,"249,9",Γραφείο,καρέκλα,,https://eboy.gr/app/uploads/sites/2/2026/05/stathmos-ergasias-2-theseon-fb918276-mel.webp,,,,,,,,,0,B2BMarkt,ύψος,"75 εκ.",1,1,πλάτος,"120 εκ.",1,1,μήκος,"140 εκ.",1,1,B2BMarkt,76074,5208067195867,"2026-05-09 23:57:15",B2BMarkt,"<ul>
<li>Κατασκευή από μελαμίνη υψηλής ποιότητας για αντοχή και διάρκεια</li>
<li>Ποδοστάτες από αλουμίνιο σε ανοιχτό καφέ χρώμα, προσφέροντας σταθερότητα και μοντέρνο σχεδιασμό</li>
<li>Ενιαία επιφάνεια εργασίας 2 θέσεων με ενσωματωμένα συρτάρια ασφαλείας</li>
<li>Προεγκατεστημένες πρίζες στο κάτω μέρος της κατασκευής για εύκολη συνδεσιμότητα</li>
<li>Επιφάνεια μελαμίνης σε εκρού απόχρωση, παρέχοντας φωτεινή και ουδέτερη αισθητική</li>
<li>Εσωτερικά ντουλάπια με κλειδαριά για ασφαλή αποθήκευση εγγράφων</li>
</ul>"
284617,simple,0525856,5208067196123,"Βιβλιοθήκη Newline",1,0,visible,,"<!DOCTYPE html> <html lang=""el""> <head><meta charset=""UTF-8""></head> <body> <p>Αναβαθμίστε τον επαγγελματικό σας χώρο με τη μοντέρνα Βιβλιοθήκη NEWLINE! Ένα κομψό έπιπλο γραφείου που συνδυάζει λειτουργικότητα και αισθητική. Ο αρμονικός συνδυασμός εκρού μελαμίνης και ζεστού ανοιχτού καφέ δημιουργεί ένα φωτεινό και φιλόξενο περιβάλλον εργασίας.</p> <p>Η πρακτικότητα συναντά την ομορφιά στη διπλή δομή της βιβλιοθήκης: αριστερά, ένας ευρύχωρος αποθηκευτικός χώρος με έξυπνο διαχωριστικό ""πλάτη"" για οργάνωση εγγράφων, ενώ δεξιά προσφέρει επιπλέον χώρο αποθήκευσης ή οθόνη. Η ποιοτική κατασκευή και το μοντέρνο design καθιστούν τη NEWLINE ιδανική επιλογή για κάθε επαγγελματικό περιβάλλον, συνδυάζοντας στυλ, πρακτικότητα και διαχρονική αισθητική.</p> </body> </html>",,,taxable,,1,12,,0,0,34,40,80,100,1,,,"84,9",Γραφείο,βιβλιοθήκη,,https://eboy.gr/app/uploads/sites/2/2026/05/ntoylapi-bibliothiki-fb918284-melamini-k.webp,,,,,,,,,0,B2BMarkt,ύψος,"100 εκ.",1,1,πλάτος,"80 εκ.",1,1,μήκος,"40 εκ.",1,1,B2BMarkt,76075,5208067196123,"2026-05-09 23:57:44",B2BMarkt,"<ul>
<li>Κατασκευή από μελαμίνη υψηλής ποιότητας σε δύο χρωματικές επιλογές: εκρού και ανοιχτό καφέ</li>
<li>Διπλή διάταξη αποθήκευσης: ντουλάπι αριστερά και ανοιχτός χώρος δεξιά, με δυνατότητα επιλογής κλειστού ή ανοιχτού τμήματος στη δεξιά πλευρά</li>
<li>Δυνατότητα πλήρους πρόσβασης στο περιεχόμενο του δεξιού τμήματος χωρίς την ανάγκη ανοίγματος θυρών</li>
<li>Αδιάβροχο φινίρισμα μελαμίνης για προστασία από καθημερινές χρήσεις γραφείου</li>
<li>Προσφέρει συνδυασμό κλειστής και ανοικτής αποθήκευσης για μέγιστη ευελιξία χρήσης</li>
</ul>"
284619,simple,0525854,5208067196109,"Ντουλάπι/βιβλιοθήκη Newline",1,0,visible,,"<!DOCTYPE html> <html lang=""el""> <head> <meta charset=""UTF-8""> <title>Ντουλάπι Newline - Έπιπλα Γραφείου</title> </head> <body> <p>Αναβαθμίστε τον επαγγελματικό σας χώρο με το κομψό ντουλάπι/βιβλιοθήκη NEWLINE! Συνδυάζοντας εκρού και ανοιχτό καφέ αποχρώσεις, δημιουργεί ένα φωτεινό και διαχρονικό αποτέλεσμα που ταιριάζει σε κάθε σύγχρονο γραφείο.</p> <p>Η πρακτικότητα συναντά την αισθητική: το NEWLINE προσφέρει άνετο αποθηκευτικό χώρο στη μία πλευρά για τακτοποίηση εγγράφων και προσωπικών αντικειμένων. Η άρτια κατασκευή του εξασφαλίζει αντοχή στο χρόνο, ενώ η κομψή σχεδίασή του αναβαθμίζει την επαγγελματική σας ατμόσφαιρα με στυλ και λειτουργικότητα.</p> </body> </html>",,,taxable,,1,10,,0,0,51,40,120,110,1,,,"119,9",Γραφείο,ντουλάπι,,https://eboy.gr/app/uploads/sites/2/2026/05/ntoylapi-bibliothiki-fb918282-melamini-l.webp,,,,,,,,,0,B2BMarkt,ύψος,"110 εκ.",1,1,πλάτος,"120 εκ.",1,1,μήκος,"40 εκ.",1,1,B2BMarkt,76076,5208067196109,"2026-05-09 23:58:13",B2BMarkt,"<ul>
<li>Κατασκευή από μελαμίνη υψηλής ποιότητας σε αποχρώσεις εκρού και ανοιχτό καφέ</li>
<li>Διαθέτει αριστερό τμήμα με κλειστή θήκη για ασφαλή αποθήκευση εγγράφων και αντικειμένων</li>
<li>Δεξιά πλευρά με ανοιχτούς χώρους βιβλιοθήκης που περιλαμβάνουν δύο ράφια</li>
<li>Εργονομική διάταξη με εύκολη πρόσβαση στο περιεχόμενο</li>
<li>Ανθεκτικό φινίρισμα μελαμίνης για μακροχρόνια χρήση σε επαγγελματικό περιβάλλον</li>
<li>Συνδυασμός κλειστού και ανοικτού χώρου αποθήκευσης για μέγιστη ευελιξία</li>
</ul>"
284621,simple,0525849,5208067195904,"Σταθμός εργασίας Newline",1,0,visible,,"<!DOCTYPE html> <html lang=""el""> <head> <meta charset=""UTF-8""> <title>Σταθμός Εργασίας Newline</title> <style> h1 {color: #2c3e50;} p {margin: 10px 0; line-height: 1.6} </style> </head> <body> <p>Ο σταθμός εργασίας Newline 4 θέσεων αποτελεί την ιδανική επιλογή για κάθε σύγχρονο επαγγελματικό χώρο που αναζητά λειτουργικότητα και στυλ σε αρμονία. Η εκρού απόχρωση μελαμίνης συνδυάζεται άψογα με τα μεταλλικά πόδια αλουμινίου, δημιουργώντας μια κομψή αισθητική που φωτίζει τον εργασιακό σας χώρο.</p> <p>Επενδύστε σε ένα διαχρονικό έπιπλο υψηλής ποιότητας, κατασκευασμένο για να αντέχει στην καθημερινή επαγγελματική χρήση. Απολαύστε άνετη συνεργασία και μέγιστη αποδοτικότητα στον πλήρως οργανωμένό σας χώρο γραφείου.</p> </body> </html>",,,taxable,,1,9,,0,0,101.6,240,120,75,1,,,"369,9",Γραφείο,γραφείο,,https://eboy.gr/app/uploads/sites/2/2026/05/stathmos-ergasias-4-theseon-fb918277-mel.webp,,,,,,,,,0,B2BMarkt,ύψος,"75 εκ.",1,1,πλάτος,"120 εκ.",1,1,μήκος,"240 εκ.",1,1,B2BMarkt,76078,5208067195904,"2026-05-09 23:58:44",B2BMarkt,"<ul>
<li>Κατασκευή από μελαμίνη υψηλής ποιότητας για αντοχή και ανθεκτικότητα</li>
<li>Ποδοστάτες από αλουμίνιο σε ανοιχτό καφέ χρώμα</li>
<li>Ενσωματωμένες ηλεκτρικές πρίζες στο κάτω μέρος για εύκολη πρόσβαση</li>
<li>Συρτάρια με μηχανισμό κλειδαριάς ασφαλείας</li>
<li>Επιφάνεια εργασίας μελαμίνης σε εκρού απόχρωση, φωτεινή και ουδέτερη αισθητική</li>
<li>Προβλέπεται εύκολος καθαρισμός της επιφάνειας</li>
</ul>"
284623,simple,0525850,5208067195942,"Γραφείο συνεργασίας Newline",1,0,visible,,"<!DOCTYPE html> <html lang=""el""> <head><meta charset=""UTF-8""></head> <body> <p>Αναβαθμίστε την επαγγελματική σας εικόνα με το εντυπωσιακό γραφείο συνεργασίας Newline. Ένα διαχρονικό design που συνδυάζει την κομψότητα με τη λειτουργικότητα στον ιδανικό βαθμό. Η διχρωμία ΕΚΡΟΥ στην επιφάνεια και ΑΝΟΙΧΤΟ ΚΑΦΕ στα μεταλλικά πόδια δημιουργεί μια αρμονική αντίθεση που προσδίδει κύρος στο χώρο σας.</p> <p>Κατασκευασμένο για να ανταποκρίνεται στις απαιτήσεις σύγχρονων επαγγελματικών συναντήσεων, το Newline ξεχωρίζει τόσο σε αισθητική όσο και σε ποιότητα κατασκευής. Δημιουργήστε την ιδανική ατμόσφαιρα για παραγωγικές συνεργασίες και επαγγελματικές συναντήσεις, συνδυάζοντας το με έπιπλα της ίδιας συλλογής.</p> </body> </html>",,,taxable,,1,6,,0,0,106,110,240,75,1,,,"239,9",Γραφείο,γραφείο,,https://eboy.gr/app/uploads/sites/2/2026/05/grafeio-synergasias-fb918278-melamini-kr.webp,,,,,,,,,0,B2BMarkt,ύψος,"75 εκ.",1,1,πλάτος,"240 εκ.",1,1,μήκος,"110 εκ.",1,1,B2BMarkt,76079,5208067195942,"2026-05-09 23:59:17",B2BMarkt,"<ul>
<li>Κατασκευή από μελαμίνη υψηλής ποιότητας, ανθεκτική στη φθορά</li>
<li>Διχρωμία επιφάνειας σε ΕΚΡΟΥ και πόδια από αλουμίνιο σε ΑΝΟΙΧΤΟ ΚΑΦΕ χρώμα</li>
<li>Επιφάνεια μελαμίνης πάχους που εξασφαλίζει σταθερότητα και αντοχή</li>
<li>Βάση με μεταλλικά στοιχεία για αυξημένη ακαμψία και προστασία από την υγρασία</li>
<li>Στρογγυλεμένες άκρες επιφάνειας για ασφάλεια και εργονομία</li>
<li>Προδιαγραφές κατάλληλες για επαγγελματική χρήση σε χώρους συναντήσεων</li>
</ul>"
284625,simple,0509905,5208067203838,"Κρεβάτι Milo",1,0,visible,,"<p>Ετοιμαστείτε να μεταμορφώσετε τον προσωπικό σας χώρο με το κρεβάτι MILO. Η μοναδική του σχεδίαση με ψηλό καπιτονέ κεφαλάρι σε μπέζ απόχρωση δημιουργεί μια αίσθηση πολυτέλειας και κομψότητας στο υπνοδωμάτιό σας. Το ποιοτικό ύφασμα που χρησιμοποιείται εξασφαλίζει άνεση και αντοχή στον χρόνο.</p> <p>Αποχαιρετίστε την κλασική κατασκευή κρεβατιών - το MILO παρουσιάζει μια καινοτόμο προσέγγιση με ενιαία επιφάνεια στήριξης, προσφέροντας μέγιστη σταθερότητα και άνεση. Η μπέζ απόχρωσή του επιτρέπει αμέτρητους συνδυασμούς διακόσμησης, προσαρμόζοντας το χώρο σας στις προσωπικές σας προτιμήσεις. Επιλέξτε το κρεβάτι που συνδυάζει αρμονικά στυλ και λειτουργικότητα!</p>",,,taxable,,1,5,,0,0,97.5,205,180,25,1,,,"399,9",Υπνοδωμάτιο,κρεβάτι,,https://eboy.gr/app/uploads/sites/2/2026/05/krebati-yperdiplo-apo-mpez-yfasma-fb9628.webp,,,,,,,,,0,B2BMarkt,ύψος,"25 εκ.",1,1,πλάτος,"180 εκ.",1,1,μήκος,"205 εκ.",1,1,B2BMarkt,76080,5208067203838,"2026-05-09 23:59:45",B2BMarkt,"<ul>
<li>Κατασκευή από μοριοσανίδες υψηλής πυκνότητας για τον κύριο σκελετό</li>
<li>Επένδυση με καπιτονέ τεχνοτροπία σε μεγάλα ορθογώνια μοτίβα</li>
<li>Ολοκληρωμένο ύφασμα κάλυψης υψηλής ποιότητας</li>
<li>Μπεζ χρωματισμός, ουδέτερος και εύκολα συνδυαζόμενος</li>
<li>Απουσία παραδοσιακού σομιέ - συνεχής επιφάνεια στήριξης στρώματος</li>
<li>3-ετή εγγύηση σκελετού</li>
</ul>"
284627,simple,0509908,5208067204019,"Κρεβάτι Milo",1,0,visible,,"<!DOCTYPE html> <html lang=""el""> <head> <meta charset=""UTF-8""> <title>Κρεβάτι Milo</title> </head> <body> <p>Εμπνευσμένο από τη σύγχρονη αισθητική, το κρεβάτι MILO ξεχωρίζει με την κομψή του σχεδίαση και την υψηλή ποιότητα κατασκευής. Το ψηλό καπιτονέ κεφαλάρι σε μπέζ αποχρώσεις δημιουργεί μια ήρεμη ατμόσφαιρα στο υπνοδωμάτιο σας, ενώ η συνεχής επιφάνεια στήριξης προσφέρει μέγιστη άνεση και διαχρονική αντοχή.</p> <p>Η καινοτομία συναντά την πρακτικότητα: χωρίς παραδοσιακούς συνδέσμους, το κρεβάτι Milo εγγυάται σταθερότητα και εύκολη συντήρηση. Ιδανικό για όσους αναζητούν ένα κομψό και ανθεκτικό χώρο ύπνου που συνδυάζει λειτουργικότητα και στυλ.</p> </body> </html>",,,taxable,,1,12,,0,0,47.3,205,120,25,1,,,"269,9",Υπνοδωμάτιο,κρεβάτι,,https://eboy.gr/app/uploads/sites/2/2026/05/krebati-hmidiplo-apo-mpez-yfasma-fb96463.webp,,,,,,,,,0,B2BMarkt,ύψος,"25 εκ.",1,1,πλάτος,"120 εκ.",1,1,μήκος,"205 εκ.",1,1,B2BMarkt,76081,5208067204019,"2026-05-10 00:00:42",B2BMarkt,"<ul>
<li>Κατασκευή από ανθεκτικό σκελετό με συνεχόμενη επιφάνεια στήριξης στρώματος</li>
<li>Επένδυση με καπιτονέ τεχνοτροπία σε μεγάλα ορθογώνια σχέδια</li>
<li>Ολοκληρωμένο φινίρισμα με ποιοτικό ύφασμα υψηλής αντοχής</li>
<li>Μπεζ χρωματική παλέτα με ουδέτερο τόνο για εύκολη διακόσμηση</li>
<li>Αντιολισθητική επιφάνεια στρώματος</li>
<li>3-ετή εγγύηση σκελετού</li>
</ul>"
284629,simple,0525852,5208067196024,"Βιβλιοθήκη Newline",1,0,visible,,"<p>Εμπλουτίστε το επαγγελματικό σας χώρο με τη βιβλιοθήκη NEWLINE - την ιδανική επιλογή για όσους αναζητούν μια έξυπνη λύση αποθήκευσης που συνδυάζει αισθητική και λειτουργικότητα. Οι κομψές γραμμές της, σε αρμονικό συνδυασμό εκρού και ανοιχτού καφέ αποχρώσεων, δημιουργούν ένα φωτεινό και καλαίσθητο περιβάλλον γραφείου.</p> <p>Με τις γυάλινες πόρτες στο επάνω τμήμα να αποκαλύπτουν δύο λειτουργικά ράφια, η NEWLINE προσφέρει άφθονο χώρο για την οργάνωση βιβλίων, αρχείων και διακοσμητικών στοιχείων. Η προσεγμένη κατασκευή της εξασφαλίζει μακροχρόνια χρήση και αξιοπιστία, καθιστώντας την την τέλεια προσθήκη σε κάθε σύγχρονο γραφείο που εκτιμά το στυλ και την πρακτικότητα.</p>",,,taxable,,1,7,,0,0,105,40,120,200,1,,,"314,9",Γραφείο,βιβλιοθήκη,,https://eboy.gr/app/uploads/sites/2/2026/05/bibliothiki-ntoylapi-fb918280-melamini-l.webp,,,,,,,,,0,B2BMarkt,ύψος,"200 εκ.",1,1,πλάτος,"120 εκ.",1,1,μήκος,"40 εκ.",1,1,B2BMarkt,76083,5208067196024,"2026-05-10 00:01:22",B2BMarkt,"<ul>
<li>Κατασκευή από μελαμίνη υψηλής ποιότητας σε αποχρώσεις εκρού και ανοιχτού καφέ</li>
<li>Γυάλινες πόρτες στο επάνω τμήμα με μηχανισμό κλεισίματος για δύο ράφια προβολής</li>
<li>Πόρτες από μελαμίνη στο κάτω μέρος με κλειδαριά ασφαλείας για ένα ράφι αποθήκευσης</li>
<li>Δεξιά πλευρική επέκταση με επιπλέον αποθηκευτικό χώρο και ράφια</li>
<li>Επιφάνεια μελαμίνης με λεία υφή και ανθεκτική στη φθορά</li>
<li>Στιβαρή κατασκευή με μεταλλικά στηρίγματα στο κάτω μέρος</li>
</ul>"
284631,simple,0413119,5208067183314,"Διακόσμηση Vase Decant",1,0,visible,,"<p>Ανακαλύψτε το DECANT, ένα μοναδικό χειροποίητο διακοσμητικό βάζο από φυσική σαγρέ τερακότα σε εκλεπτυσμένο κρεμ τόνο. Το ξεχωριστό του σχήμα, εμπνευσμένο από πλαγιαστή κανάτα με λεπτό στόμιο, προσθέτει μια κομψή νότα σε κάθε χώρο. Είτε πρόκειται για το σαλόνι σας είτε για επαγγελματικό περιβάλλον, το DECANT μεταμορφώνει την αισθητική.</p> <p>Η φυσική υφή και ο αρμονικός χρωματικός συνδυασμός δημιουργούν ένα έργο τέχνης που ξεχωρίζει. Με διαστάσεις που ταιριάζουν τέλεια σε κάθε διακόσμηση (Φ14x21Υεκ., στόμιο Φ3 εκ.), το βάζο αυτό γίνεται αναπόσπαστο κομμάτι της καθημερινότητάς σας, συνδυάζοντας λειτουργικότητα με απαράμιλλη αισθητική.</p>",,,taxable,,1,52,,0,0,1.6,14,14,21,1,,,"19,9",Διακόσμηση,βάζο,,https://eboy.gr/app/uploads/sites/2/2026/05/epitrapezio-diakosmitiko-bazo-fb9466702l.webp,,,,,,,,,0,B2BMarkt,ύψος,"21 εκ.",1,1,πλάτος,"14 εκ.",1,1,μήκος,"14 εκ.",1,1,B2BMarkt,76084,5208067183314,"2026-05-10 00:01:56",B2BMarkt,"<ul>
<li>Κατασκευή από κεραμικό υλικό τερακότα σε κρεμ χρώμα με σαγρέ επιφάνεια.</li>
<li>Ανθεκτική χειροποίητη κατασκευή με επεξεργασία ψημένου πηλού (οπτό χώμα).</li>
<li>Απαλή, ματ υφή επιφάνειας που προσφέρει φυσικό αισθητικό αποτέλεσμα.</li>
<li>Κατάλληλο για στεγνό καθάρισμα - συνιστάται αποφυγή χημικών καθαριστικών.</li>
<li>Ελαφρύ αντικείμενο λόγω του υλικού κατασκευής.</li>
</ul>"
284633,simple,0413122,5208067183345,"Επιτραπέζιο διακοσμητικό βάζο Decant",1,0,visible,,"<p>Αναζητάτε ένα μοναδικό διακοσμητικό στοιχείο που συνδυάζει την απλότητα με την κομψότητα; Το χειροποίητο βάζο DECANT είναι η ιδανική επιλογή. Κατασκευασμένο από υψηλής ποιότητας τερακότα σε εκλεπτυσμένο κρεμ χρώμα, προσθέτει μια νότα ζεστασιάς και στυλ σε κάθε χώρο.</p> <p>Ιδανικό για καθημερινή χρήση ή ως διακοσμητικό κομμάτι, το κομψό σχήμα του με το μικρό στόμιο το καθιστά κατάλληλο τόσο για οικιακή διακόσμηση όσο και για επαγγελματικούς χώρους. Με διαστάσεις που προσδίδουν διακριτική παρουσία (17x6.5x20εκ.), το DECANT γίνεται αναπόσπαστο στοιχείο του προσωπικού σας στυλ.</p>",,,taxable,,1,41,,0,0,1.67,6.5,17,20,1,,,"17,9",Διακόσμηση,διακοσμητικό,,https://eboy.gr/app/uploads/sites/2/2026/05/epitrapezio-diakosmitiko-bazo-fb9466702m.webp,,,,,,,,,0,B2BMarkt,ύψος,"20 εκ.",1,1,πλάτος,"17 εκ.",1,1,μήκος,"6.5 εκ.",1,1,B2BMarkt,76085,5208067183345,"2026-05-10 00:02:38",B2BMarkt,"<ul>
<li>Κατασκευή από κεραμικό υλικό τερακότα σε κρεμ χρώμα</li>
<li>Φυσικό φινίρισμα επιφάνειας τερακότας με ματ υφή</li>
<li>Μικρό στόμιο διαμέτρου 2 εκατοστών</li>
<li>Ανθεκτικότητα στο χρόνο λόγω ψημένου πηλού (cotta)</li>
<li>Απαιτεί ελάχιστο καθαρισμό με απλή σκόνη και αποφυγή χημικών καθαριστικών</li>
</ul>"
284635,simple,0413123,5208067183352,"Διακόσμηση Vase Decant",1,0,visible,,"<p>Ανακαλύψτε την τέχνη του μινιμαλισμού με το χειροποίητο βάζο DECANT, ένα έργο μοναδικής αισθητικής. Η φυσική ομορφιά της τερακότας σε βυσσινί απόχρωση δημιουργεί μια εντυπωσιακή αντίθεση που θα αναδείξει κάθε γωνιά του χώρου σας, είτε πρόκειται για το σαλόνι, το γραφείο ή το υπνοδωμάτιο.</p> <p>Με τις κομψές του αναλογίες (17x6.5x20 εκ.) και το διακριτικό στόμιο διαμέτρου 2 εκατοστών, το DECANT προσφέρει μια αισθητική ισορροπία που ταιριάζει σε κάθε στυλ διακόσμησης. Η επιλογή της τερακότας ως υλικό εγγυάται την αυθεντικότητα και τη διαχρονικότητα, ενώ η χειροποίητη επεξεργασία προσδίδει μοναδική προσωπικότητα σε κάθε κομμάτι.</p>",,,taxable,,1,34,,0,0,1.6,6.5,17,20,1,,,"17,9",Διακόσμηση,βάζο,,https://eboy.gr/app/uploads/sites/2/2026/05/epitrapezio-diakosmitiko-bazo-fb9466706m.webp,,,,,,,,,0,B2BMarkt,ύψος,"20 εκ.",1,1,πλάτος,"17 εκ.",1,1,μήκος,"6.5 εκ.",1,1,B2BMarkt,76086,5208067183352,"2026-05-10 00:03:21",B2BMarkt,"<ul>
<li>Κατασκευασμένο αποκλειστικά από κεραμικό υλικό τερακότας</li>
<li>Χρωματισμένο με βυσσινί επίστρωση υψηλής αντοχής</li>
<li>Λιτή, ορθογώνια γεωμετρία με στενό στόμιο διαμέτρου 2εκ.</li>
<li>Φυσικό φινίρισμα επιφάνειας τερακότας</li>
<li>Ανθεκτικό σε καθημερινή χρήση χωρίς χημική συντήρηση</li>
<li>Κατάλληλο για στεγνό καθάρισμα μόνο</li>
</ul>"
284637,simple,0413125,5208067183376,"Διακόσμηση Vase Decant",1,0,visible,,"<div> <p>Εμπλουτίστε το χώρο σας με την εκλεπτυσμένη κομψότητα του DECANT. Ένα χειροποίητο βάζο που συνδυάζει την απλότητα με την πολυτέλεια, ιδανικό για κάθε περιβάλλον. Το μοναδικό design με το διακριτικό κρεμ χρώμα και το σαγρέ φινίρισμα από τερακότα προσδίδει μια διαχρονική αισθητική.</p> <p>Προσθέστε μια πινελιά κομψότητας στους προσωπικούς ή επαγγελματικούς σας χώρους. Η ιδιαίτερη του γραμμή και οι αρμονικές διαστάσεις δημιουργούν ένα εντυπωσιακό οπτικό αποτέλεσμα, μετατρέποντας κάθε αντικείμενο σε έργο τέχνης. Επιλέξτε το DECANT για να αναβαθμίσετε τη διακόσμηση του σπιτιού ή του γραφείου σας με την αυθεντική ομορφιά της χειροποίητης κεραμικής.</p> </div>",,,taxable,,1,43,,0,0,1.71,6.5,17.5,17,1,,,"17,9",Διακόσμηση,βάζο,,https://eboy.gr/app/uploads/sites/2/2026/05/epitrapezio-diakosmitiko-bazo-fb9466702s.webp,,,,,,,,,0,B2BMarkt,ύψος,"17 εκ.",1,1,πλάτος,"17.5 εκ.",1,1,μήκος,"6.5 εκ.",1,1,B2BMarkt,76087,5208067183376,"2026-05-10 00:04:01",B2BMarkt,"<ul>
<li>Κατασκευή από κεραμικό υλικό τερακότας υψηλής ποιότητας.</li>
<li>Χρωματισμός σε κρεμ απόχρωση με σαγρέ επιφάνεια.</li>
<li>Ανθεκτικό στο χρόνο λόγω της διαδικασίας όπτησης του πηλού.</li>
<li>Εύκολο στη συντήρηση - συνιστάται απλό καθάρισμα με ξεσκόνισμα.</li>
<li>Μη πορώδες υλικό που δεν απορροφά υγρασία.</li>
</ul>"
284639,simple,0413187,5208067184007,"Γλάστρα χώρου Frello",1,0,visible,,"<!DOCTYPE html> <html lang=""el""> <head> <meta charset=""UTF-8""> <title>Γλάστρα Frello</title> </head> <body> <p>Δώστε μια μοντέρνα πινελιά στον χώρο σας με τη γλάστρα FRELLO! Η μοναδική σχεδίαση συνδυάζει την κομψότητα του λευκού Fiber Cement με την ποιοτική βάση από ξύλο teak, δημιουργώντας ένα αισθητικά άρτιο αποτέλεσμα. Ιδανική για κάθε εσωτερικό χώρο, προσθέτει στυλ και φρεσκάδα όπου κι αν τοποθετηθεί.</p> <p>Με τις έξυπνες της διαστάσεις (29x29x23,5 εκ.) και το στόμιο διαμέτρου 23 εκατοστών, η FRELLO αποτελεί μια πρακτική επιλογή διακόσμησης που συνδυάζει τέλεια την αισθητική με τη λειτουργικότητα. Η προσοχή στη λεπτομέρεια και η χρήση ποιοτικών υλικών εγγυώνται μακροζωία και αντοχή.</p> </body> </html>",,,taxable,,1,34,,0,0,3.5,29,29,23.5,1,,,"49,9",Διακόσμηση,διακοσμητικό,,https://eboy.gr/app/uploads/sites/2/2026/05/glastra-eschoroy-fb9467402l-leyko-fiber-.webp,,,,,,,,,0,B2BMarkt,ύψος,"23.5 εκ.",1,1,πλάτος,"29 εκ.",1,1,μήκος,"29 εκ.",1,1,B2BMarkt,76088,5208067184007,"2026-05-10 00:04:40",B2BMarkt,"<ul>
<li>Κατασκευή από Fiber Cement ενισχυμένο με ίνες κυτταρίνης για αυξημένη αντοχή και χαμηλή συντήρηση.</li>
<li>Λευκό φινίρισμα με ανθεκτική επιφάνεια σε εξωτερικούς παράγοντες.</li>
<li>Εξοπλισμένη με πρακτική βάση στήριξης από ξύλο teak υψηλής ποιότητας.</li>
<li>Ανθεκτική σε σήψεις, παράσιτα και πυρκαγιά.</li>
<li>Απαιτεί ελάχιστη συντήρηση και καθαρίζεται εύκολα.</li>
</ul>"
284641,simple,0413188,5208067184014,"Γλάστρα χώρου Frello",1,0,visible,,"<!DOCTYPE html> <html lang=""el""> <head> <meta charset=""UTF-8""> <title>Frello Γλάστρα Χώρου</title> </head> <body> <p>Εμπλουτίστε τον προσωπικό σας χώρο με την μοντέρνα γλάστρα FRELLO, ένα μοναδικό διακοσμητικό στοιχείο που συνδυάζει λειτουργικότητα και στυλ. Η χαρακτηριστική της σχεδίαση σε λευκό Fiber Cement συνδυάζεται αρμονικά με τη φυσική ομορφιά του ξύλινου στηρίγματος από teak, δημιουργώντας μια κομψή σύνθεση για το σαλόνι ή το γραφείο σας.</p> <p>Το καινοτόμο design της FRELLO προσφέρει εύκολη συντήρηση και άψογη αισθητική σε κάθε εσωτερικό χώρο. Προτιμήστε την για φυτά εσωτερικού χώρου που απαιτούν ρηχή γλάστρα και αναδείξτε τη δική σας πράσινη γωνιά με στυλ και ποιότητα κατασκευής.</p> </body> </html>",,,taxable,,1,41,,0,0,2.5,26.5,27,12,1,,,"34,9",Διακόσμηση,,,https://eboy.gr/app/uploads/sites/2/2026/05/glastra-eschoroy-fb9467402m-leyko-fiber-.webp,,,,,,,,,0,B2BMarkt,ύψος,"12 εκ.",1,1,πλάτος,"27 εκ.",1,1,μήκος,"26.5 εκ.",1,1,B2BMarkt,76090,5208067184014,"2026-05-10 00:05:21",B2BMarkt,"<ul>
<li>Κατασκευή από Fiber Cement ενισχυμένο με ίνες κυτταρίνης, υλικό γνωστό για την υψηλή αντοχή και ανθεκτικότητα.</li>
<li>Λευκό φινίρισμα υψηλής ποιότητας με ματ υφή.</li>
<li>Συνοδεύεται από ξύλινη βάση από teak, προσφέροντας σταθερή στήριξη και αισθητική αναβάθμιση.</li>
<li>Ανθεκτικό στη σήψη και τα παράσιτα.</li>
<li>Εύκολο στον καθαρισμό και απαιτεί ελάχιστη συντήρηση.</li>
<li>Μη εύφλεκτο υλικό για ασφαλή χρήση σε εσωτερικούς χώρους.</li>
</ul>"
284643,simple,0413189,5208067184021,"Γλάστρα χώρου Frello",1,0,visible,,"<!DOCTYPE html> <html lang=""el""> <head> <meta charset=""UTF-8""> <title>Γλάστρα χώρου Frello</title> <style> body {font-family: Arial, sans-serif;} p {margin: 10px 0; line-height: 1.4} </style> </head> <body> <p>Ανανεώστε το χώρο σας με την κομψή γλάστρα FRELLO! Η ιδιαίτερη αισθητική της συνδυάζεται αρμονικά με τη λειτουργικότητα, προσφέροντας το τέλειο διακοσμητικό στοιχείο για κάθε εσωτερικό χώρο.</p> <p>Κατασκευασμένη από υψηλής ποιότητας Fiber Cement σε διαχρονικό λευκό χρώμα και συνδυαζόμενη με μια πρακτική βάση από φυσικό ξύλο teak, η γλάστρα αυτή είναι η ιδανική επιλογή για τους λάτρεις της μοντέρνας διακόσμησης. Τοποθετήστε τα αγαπημένα σας φυτά και μεταμορφώστε το σπίτι ή το γραφείο σας σε έναν πράσινο παράδεισο.</p> </body> </html>",,,taxable,,1,19,,0,0,1.25,14.5,14.5,16,1,,,"29,9",Διακόσμηση,διακοσμητικό,,https://eboy.gr/app/uploads/sites/2/2026/05/glastra-eschoroy-fb9467402s-leyko-fiber-.webp,,,,,,,,,0,B2BMarkt,ύψος,"16 εκ.",1,1,πλάτος,"14.5 εκ.",1,1,μήκος,"14.5 εκ.",1,1,B2BMarkt,76091,5208067184021,"2026-05-10 00:05:57",B2BMarkt,"<ul>
<li>Κατασκευή από Fiber Cement με ενίσχυση ινών κυτταρίνης</li>
<li>Λευκό χρώμα επιφάνειας, ανθεκτικό στη φθορά</li>
<li>Συνοδεύεται από βάση στήριξης από ξύλο teak υψηλής ποιότητας</li>
<li>Ανθεκτική σε υγρασία εσωτερικών χώρων</li>
<li>Εύκολος καθαρισμός και ελάχιστη συντήρηση απαιτούμενη</li>
<li>Μη εύφλεκτο υλικό</li>
<li>Αδιάβροχη προστασία χάρη στη σύνθεση του Fiber Cement</li>
</ul>"
284645,simple,0413213,5208067184977,"Γλάστρες Tanti Hm4685 Fiber Cement",1,0,visible,,"<!DOCTYPE html> <html lang=""el""> <head> <meta charset=""UTF-8""> <title>Γλάστρες TANTI HM4685</title> </head> <body> <p>Δώστε μια πινελιά κομψότητας στον χώρο σας με τις γλάστρες TANTI HM4685! Τρεις εντυπωσιακές γλάστρες από Fiber Cement, διαθέσιμες σε τρία μοντέρνα χρώματα (πράσινο, κεραμιδί και λευκό), συνδυάζονται αρμονικά με τις ξύλινες βάσεις teak δημιουργώντας ένα μοναδικό διακοσμητικό σύνολο. Η προσεγμένη τους κατασκευή εξασφαλίζει αντοχή στο χρόνο, ενώ η ισορροπημένη αισθητική τους ταιριάζει τέλεια τόσο σε κλασικούς όσο και σε σύγχρονους χώρους.</p> <p>Το σετ συμπληρώνει την εσωτερική διακόσμηση κάθε δωματίου, προσφέροντας μια φυσική νότα που αναζωογονεί τον χώρο σας. Ιδανικές για φυτά εσωτερικού χώρου, αποτελούν μια βιώσιμη επιλογή για λάτρεις της πράσινης ομορφιάς στο σπίτι.</p> </body> </html>",,,taxable,,1,48,,0,0,4,18,18,27,1,,,"89,9",Διακόσμηση,,,https://eboy.gr/app/uploads/sites/2/2026/05/unnamed-file-2.webp,,,,,,,,,0,B2BMarkt,ύψος,"27 εκ.",1,1,πλάτος,"18 εκ.",1,1,μήκος,"18 εκ.",1,1,B2BMarkt,76092,5208067184977,"2026-05-10 00:06:29",B2BMarkt,"<ul>
<li>Κατασκευή από Fiber Cement ενισχυμένο με ίνες κυτταρίνης για αυξημένη αντοχή και διάρκεια ζωής</li>
<li>Διαθέσιμη σε 3 χρώματα: πράσινο, κεραμιδί, λευκό</li>
<li>Περιλαμβάνει ξύλινες βάσεις από teak υψηλής ποιότητας</li>
<li>Προτείνεται η χρήση εσωτερικού δοχείου για επαφή με νερό</li>
<li>Κατάλληλο αποκλειστικά για εσωτερική χρήση</li>
<li>Αδιάβροχο φινίρισμα ανθεκτικό στην υγρασία</li>
</ul>"
284647,simple,0613154,5208067205856,"Πολυθρόνα τραπέζιας Xantion",1,0,visible,,"<p>Ανακαλύψτε την Πολυθρόνα τραπεζαρίας εξωτερικού χώρου XANTION - το απόλυτο αξεσουάρ για τους λάτρεις της κομψής και άνετης χαλάρωσης στον εξωτερικό χώρο. Συνδυάστε στυλ και άνεση με αυτή τη μοναδική πολυθρόνα που μεταμορφώνει κάθε γωνιά του κήπου ή της βεράντας σας σε ένα προσωπικό καταφύγιο ηρεμίας.</p> <p>Με την εντυπωσιακή πλέξη σχοινιού σε ΑΝΟΙΧΤΟ ΓΚΡΙ να πλαισιώνει αρμονικά το ημικυκλικό σχήμα, η XANTION προσφέρει όχι μόνο απαράμιλλη αισθητική αλλά και εξαιρετική στήριξη. Ο ανθεκτικός σκελετός από αλουμίνιο στην ΚΡΕΜ απόχρωση εξασφαλίζει μακροζωία και κομψό σχεδιασμό που εναρμονίζεται με κάθε περιβάλλον. Δημιουργήστε μια μοναδική ατμόσφαιρα φιλοξενίας και απολαύστε στιγμές χαλάρωσης σε υψηλό επίπεδο αισθητικής.</p>",,,taxable,,1,151,,0,0,7,60,59,78,1,,,"199,9","Κήπος & Εξωτερικός Χώρος",πολυθρόνα,,https://eboy.gr/app/uploads/sites/2/2026/05/polythrona-trapezarias-fb9647202-krem-al.webp,,,,,,,,,0,B2BMarkt,ύψος,"78 εκ.",1,1,πλάτος,"59 εκ.",1,1,μήκος,"60 εκ.",1,1,B2BMarkt,76093,5208067205856,"2026-05-10 00:07:01",B2BMarkt,"<ul>
<li>Σκελετός από ανοδιωμένο αλουμίνιο ΚΡΕΜ, ανθεκτικό στις καιρικές συνθήκες</li>
<li>Πλέξη σχοινιού 6mm στην πλάτη σε ΑΝΟΙΧΤΟ ΓΚΡΙ χρώμα για στήριξη και αισθητική</li>
<li>Μαξιλάρι καθίσματος με αφαιρούμενο κάλυμμα OLEFIN (ΑΝΟΙΧΤΟ ΓΚΡΙ) αδιάβροχο και ανθεκτικό στην ηλιακή ακτινοβολία</li>
<li>Ημικυκλική πλάτη που αγκαλιάζει το σώμα προσφέροντας άνεση</li>
<li>Μοντέρνο φινίρισμα με συνδυασμό μεταλλικών και υφαντών στοιχείων</li>
</ul>"
284649,simple,0613160,5208067205955,"Ξαπλώστρα Xantion",1,0,visible,,"<p>Εμπλουτίστε τον εξωτερικό σας χώρο με την κομψότητα της ξαπλώστρας XANTION. Αυτή η μοναδική πρόταση συνδυάζει άψογα το στυλ με την απόλυτη χαλάρωση, δημιουργώντας το ιδανικό σημείο απόδρασης από την καθημερινότητα.</p> <p>Με τις σαγηνευτικές καμπύλες της και τη μοντέρνα σκούρα γκρι απόχρωση, η ξαπλώστρα XANTION μεταμορφώνει κάθε εξωτερικό χώρο σε προσωπικό παράδεισο. Ο ανθεκτικός αλουμινένιος σκελετός συνδυάζεται αρμονικά με την ποιοτική επένδυση από σχοινί 6mm, προσφέροντας όχι μόνο μοναδική αισθητική αλλά και εξαιρετική σταθερότητα. Απολαύστε στιγμές απόλυτης χαλάρωσης στα μαλακά μαξιλάρια με την υποαλλεργική σύνθεση OLEFIN.</p>",,,taxable,,1,10,,0,0,25,210,75,40,1,,,799,"Κήπος & Εξωτερικός Χώρος",ξαπλώστρα,,https://eboy.gr/app/uploads/sites/2/2026/05/xaplostra-fb9647501-aloyminio-schoini-yf.webp,,,,,,,,,0,B2BMarkt,ύψος,"40 εκ.",1,1,πλάτος,"75 εκ.",1,1,μήκος,"210 εκ.",1,1,B2BMarkt,76094,5208067205955,"2026-05-10 00:07:32",B2BMarkt,"<ul>
<li>Σκελετός από αλουμίνιο υψηλής αντοχής σε σκούρο γκρι χρώμα</li>
<li>Επένδυση με ανθεκτικό σχοινί πάχους 6mm στην ίδια απόχρωση για σταθερότητα και αισθητική</li>
<li>Μαξιλάρια με ύφασμα OLEFIN 360g/m2 για αντοχή στις καιρικές συνθήκες και μακροχρόνια χρήση</li>
<li>Προαιρετικό μαξιλάρι κεφαλής για επιπλέον άνεση</li>
<li>Ανθεκτικό φινίρισμα σε όλη την επιφάνεια της ξαπλώστρας</li>
</ul>"
284651,simple,0613153,5208067205870,"Πολυθρόνα τραπεζαρίας Xantion",1,0,visible,,"<!DOCTYPE html> <html lang=""el""> <head> <meta charset=""UTF-8""> <title>Πολυθρόνα Τραπεζαρίας XANTION</title> </head> <body> <p>H πολυθρόνα τραπεζαρίας XANTION μεταμορφώνει τον εξωτερικό σας χώρο σε σημείο χαλάρωσης και φιλοξενίας. Με την κομψή ημικυκλική πλάτη από πλέξη σχοινιού υψηλής ποιότητας, προσφέρει μοναδική άνεση και αισθητική στον κήπο ή τη βεράντα σας.</p> <p>Η μοντέρνα γραμμή και το σκούρο γκρι χρώμα δημιουργούν ένα κομψό σύνολο που συνδυάζει την πολυτέλεια με την ανθεκτικότητα στις καιρικές συνθήκες. Ιδανική επιλογή για όσους αναζητούν μια ποιοτική επένδυση που θα ομορφύνει τον χώρο τους, προσφέροντας στιγμές χαλάρωσης στους αγαπημένους επισκέπτες.</p> </body> </html>",,,taxable,,1,156,,0,0,7,60,59,78,1,,,"199,9","Κήπος & Εξωτερικός Χώρος",πολυθρόνα,,https://eboy.gr/app/uploads/sites/2/2026/05/polythrona-trapezarias-fb9647201-gkri-al.webp,,,,,,,,,0,B2BMarkt,ύψος,"78 εκ.",1,1,πλάτος,"59 εκ.",1,1,μήκος,"60 εκ.",1,1,B2BMarkt,76095,5208067205870,"2026-05-10 00:08:03",B2BMarkt,"<ul>
    <li>Σκελετός από αλουμίνιο με αντοχή στις εξωτερικές συνθήκες και μοντέρνο σχεδιασμό.</li>
    <li>Πλέξη σχοινιού 6mm στην πλάτη για αναπαυτική στήριξη και αισθητική υφή.</li>
    <li>Αφαιρούμενο κάλυμμα μαξιλαριού από ύφασμα Olefin ανθεκτικό στο νερό και την UV ακτινοβολία.</li>
    <li>Μοντέρνο φινίρισμα σε σκούρο γκρι χρώμα που συνδυάζεται με το σχοινένιο σχέδιο της πλάτης.</li>
    <li>Εργονομικός σχεδιασμός με ρυθμιζόμενα μπράτσα ύψους 67εκ.</li>
</ul>"
284653,simple,0413214,5208067184984,"Γλάστρες Tanti",1,0,visible,,"<p>Ανακαλύψτε την κομψότητα των γλαστρών TANTI, ένα έργο τέχνης για κάθε σύγχρονο χώρο. Τρεις μοναδικές γλάστρες σε μαύρο χρώμα από Fiber Cement, συνδυάζονται αρμονικά με φυσικές βάσεις teak, δημιουργώντας μια κομψή σύνθεση που αναβαθμίζει κάθε γωνιά του σπιτιού σας.</p> <p>Η προσεγμένη κατασκευή και η εξαιρετική ποιότητα των υλικών τις καθιστούν ιδανικές για εσωτερικό χώρο, προσφέροντας ένα διαχρονικό στοιχείο διακόσμησης. Με διαστάσεις που ταιριάζουν σε κάθε περίσταση, οι γλάστρες TANTI συνδυάζουν λειτουργικότητα και αισθητική, μετατρέποντας την καθημερινή φροντίδα των φυτών σε μια απολαυστική εμπειρία.</p>",,,taxable,,1,49,,0,0,4,18,18,27,1,,,"89,9",Διακόσμηση,διακοσμητικό,,https://eboy.gr/app/uploads/sites/2/2026/05/set-3-glastres-me-teak-baseis-fb9468501-.webp,,,,,,,,,0,B2BMarkt,ύψος,"27 εκ.",1,1,πλάτος,"18 εκ.",1,1,μήκος,"18 εκ.",1,1,B2BMarkt,76110,5208067184984,"2026-05-10 00:08:35",B2BMarkt,"<ul>
<li>Κατασκευή από Fiber Cement με ενίσχυση ινών κυτταρίνης για αυξημένη ανθεκτικότητα</li>
<li>Ματ μαύρο φινίρισμα επιφάνειας</li>
<li>Συμβατότητα μόνο με εσωτερική χρήση</li>
<li>Περιλαμβάνονται ξύλινες βάσεις από teak για σταθερή τοποθέτηση</li>
<li>Εσωτερικό δοχείο συνιστάται για χρήση σε υγρό περιβάλλον</li>
<li>Ανθεκτική κατασκευή κατάλληλη για μακροχρόνια εξωτερική χρήση</li>
</ul>"
284655,simple,0613322,5208067212564,"Τραπέζι Breccan",1,0,visible,,"<p>Ανακαλύψτε το Τραπέζι Breccan - την επιτομή του μοντέρνου design για τον εξωτερικό σας χώρο. Αυτό το οβάλ τραπέζι τραπεζαρίας εντυπωσιάζει με την αρμονική σύνθεση της κομψής γραμμής και της ανθεκτικής κατασκευής από Fiber Cement σε γκρι απόχρωση, δημιουργώντας ένα εμβληματικό σημείο αναφοράς στη διακόσμηση του κήπου ή της βεράντας σας.</p> <p>Με διαχρονική αισθητική που συνδυάζει τη minimal κομψότητα με την απόλυτη λειτουργικότητα, το Breccan αποτελεί ιδανική επιλογή τόσο για ιδιωτικές όσο και για επαγγελματικές εγκαταστάσεις. Η ανθεκτικότητά του σε διάφορες καιρικές συνθήκες το καθιστά μια αξιόπιστη επένδυση για τον εξωτερικό σας χώρο, προσφέροντας παράλληλα άφθονο χώρο για άνετες συναντήσεις με τους αγαπημένους σας ή επαγγελματικούς δείπνους.</p>",,,taxable,,1,29,,0,0,94,100,200,75,1,,,950,"Κήπος & Εξωτερικός Χώρος",τραπέζι,,https://eboy.gr/app/uploads/sites/2/2026/05/trapezi-trapezarias-obal-fb9657601-gkri-.webp,,,,,,,,,0,B2BMarkt,ύψος,"75 εκ.",1,1,πλάτος,"200 εκ.",1,1,μήκος,"100 εκ.",1,1,B2BMarkt,76116,5208067212564,"2026-05-10 00:09:08",B2BMarkt,"<ul>
<li>Κατασκευή από Fiber Cement υψηλής αντοχής με φυσική υφή και γκρι χρωματισμό</li>
<li>Συμπαγής δομή με ενισχυμένη σταθερότητα για εξωτερική χρήση</li>
<li>Οβάλ επιφάνεια κατάλληλη για κοινωνική συναναστροφή και ροή στον χώρο</li>
<li>Ανθεκτικό φινίρισμα που αντέχει στις καιρικές συνθήκες</li>
<li>Δυνατότητα χρήσης τόσο σε εσωτερικούς όσο και εξωτερικούς χώρους</li>
<li>Ελαφρύ βάρος με στιβαρή κατασκευή</li>
</ul>"
284657,simple,0613325,5208067212625,"Τραπέζι τραπέζιας Oval Breccan",1,0,visible,,"<p>Ανακαλύψτε την τέχνη της κομψής επίπλωσης με το εντυπωσιακό οβάλ τραπέζι Breccan. Συνδυάζει αρμονικά τη σύγχρονη αισθητική με την διαχρονική ποιότητα, δημιουργώντας ένα μοναδικό σημείο αναφοράς στο χώρο σας.</p> <p>Κατασκευασμένο από υψηλής αντοχής Fiber Cement, προσφέρει απαράμιλλη ανθεκτικότητα και μοναδική αίσθηση πολυτέλειας σε εσωτερικούς ή εξωτερικούς χώρους. Το design του εντυπωσιάζει με την κομψότητά του, ενώ η στιβαρή κατασκευή του εγγυάται μακροχρόνια απόλαυση χωρίς συμβιβασμούς στην αισθητική.</p>",,,taxable,,1,29,,0,0,125,100,240,75,1,,,1100,"Σαλόνι & Καθιστικό",τραπέζι,,https://eboy.gr/app/uploads/sites/2/2026/05/trapezi-trapezarias-obal-fb9657701-gkri-.webp,,,,,,,,,0,B2BMarkt,ύψος,"75 εκ.",1,1,πλάτος,"240 εκ.",1,1,μήκος,"100 εκ.",1,1,B2BMarkt,76118,5208067212625,"2026-05-10 00:09:39",B2BMarkt,"<ul>
<li>Κατασκευή από Fiber Cement υψηλής πυκνότητας για εξαιρετική αντοχή και ανθεκτικότητα</li>
<li>Γυαλιστερό φινίρισμα γκρι χρώματος με διακριτικές ιριδίζουσες αντανακλάσεις</li>
<li>Οβάλ γεωμετρία επιφάνειας σχεδιασμένη για άνετη φιλοξενία έως 8 ατόμων</li>
<li>Μονοκόμματη κατασκευή χωρίς ενώσεις για αυξημένη στιβαρότητα και ευκολία καθαρισμού</li>
<li>Αδιάβροχη επεξεργασία κατάλληλη για χρήση σε εσωτερικούς και εξωτερικούς χώρους</li>
<li>Ελάχιστη συντήρηση απαιτούμενη λόγω της ανθεκτικής φύσης του υλικού Fiber Cement</li>
</ul>"
284659,simple,0613326,5208067212687,"Τραπέζι τραπέζιας Oval Breccan",1,0,visible,,"<!DOCTYPE html> <html lang=""el""> <head><meta charset=""UTF-8""></head> <body> <p>Ανακαλύψτε την απόλυτη αρμονία στυλ και αντοχής με το Oval Breccan - το οβάλ τραπέζι που μεταμορφώνει κάθε χώρο σε σημείο αναφοράς.</p> <p>Χαρίστε στο σπίτι σας μια κομψή πινελιά σύγχρονης πολυτέλειας, συνδυάζοντας την εργονομία με την διαχρονική αισθητική. Κατασκευασμένο από υψηλής ποιότητας Fiber Cement, αυτό το τραπέζι προσφέρει όχι μόνο απαράμιλλη αντοχή στις καιρικές συνθήκες αλλά και μια μοναδική υφή που γοητεύει το βλέμμα.</p> </body> </html>",,,taxable,,1,26,,0,0,80,100,160,75,1,,,700,"Κήπος & Εξωτερικός Χώρος",τραπέζι,,https://eboy.gr/app/uploads/sites/2/2026/05/trapezi-trapezarias-obal-fb9657801-gkri-.webp,,,,,,,,,0,B2BMarkt,ύψος,"75 εκ.",1,1,πλάτος,"160 εκ.",1,1,μήκος,"100 εκ.",1,1,B2BMarkt,76119,5208067212687,"2026-05-10 00:10:11",B2BMarkt,"<ul>
<li>Κατασκευή από Fiber Cement υψηλής πυκνότητας</li>
<li>Γυαλιστερό φινίρισμα γκρι απόχρωσης</li>
<li>Αντιδιαβρωτική προστασία για εξωτερική χρήση</li>
<li>Μονοκόμματη, στιβαρή δομή χωρίς ορατές ενώσεις</li>
<li>Ανθεκτικότητα σε ακραίες καιρικές συνθήκες</li>
<li>Εύκολη συντήρηση και καθαρισμός επιφάνειας</li>
</ul>"
284661,simple,0613337,5208067212809,"Τραπέζι ναγιού",1,0,visible,,"<p>Μεταμορφώστε τον εξωτερικό σας χώρο με το μοναδικό τραπέζι τραπεζαρίας NAYU. Η κομψή στρογγυλή του επιφάνεια σε απαλό γκρι χρώμα, συνδυασμένη με την εντυπωσιακή κωνική βάση με τις κομψές καμπύλες, δημιουργεί ένα πραγματικό στολίδι για κάθε βεράντα ή κήπο.</p> <p>Κατασκευασμένο από υψηλής ποιότητας Fiber Cement, προσφέρει αντοχή στις καιρικές συνθήκες και μια διαχρονική minimal αισθητική. Η επιλογή του κατάλληλου τραπεζιού για τον εξωτερικό σας χώρο είναι κρίσιμη - το NAYU συνδυάζει λειτουργικότητα και κομψότητα, δημιουργώντας το ιδανικό σημείο συνάντησης για στιγμές χαλάρωσης με φίλους και οικογένεια. Ιδανικό τόσο για οικιακή όσο και επαγγελματική χρήση, αποτελεί την τέλεια επένδυση για κάθε χώρο υψηλών απαιτήσεων.</p>",,,taxable,,1,27,,0,0,63,120,120,75,1,,,600,"Κήπος & Εξωτερικός Χώρος",τραπέζι,,https://eboy.gr/app/uploads/sites/2/2026/05/trapezi-trapezarias-stroggylo-fb9658301-.webp,,,,,,,,,0,B2BMarkt,ύψος,"75 εκ.",1,1,πλάτος,"120 εκ.",1,1,μήκος,"120 εκ.",1,1,B2BMarkt,76122,5208067212809,"2026-05-10 00:10:45",B2BMarkt,"<ul>
    <li>Κατασκευή από Fiber Cement με φυσική υφή και υψηλή αντοχή.</li>
    <li>Επιφάνεια και κωνική βάση ενιαίας κατασκευής.</li>
    <li>Γκρι χρώμα με minimal αισθητική και στιβαρή εμφάνιση.</li>
    <li>Συμπαγές σχέδιο με εξαιρετική σταθερότητα.</li>
    <li>Αντοχή για χρήση σε εξωτερικούς και εσωτερικούς χώρους.</li>
    <li>Στρογγυλή επιφάνεια που προωθεί την κοινωνική αλληλεπίδραση.</li>
</ul>"
284663,simple,0613358,5208067212953,"Τραπέζι σαλόνιου Oval Breccan",1,0,visible,,"<!DOCTYPE html> <html lang=""el""> <head> <meta charset=""UTF-8""> <title>Τραπέζι Oval Breccan</title> <style> body {font-family:'Segoe UI',sans-serif;} h1 {color: #284569;} </style> </head> <body> <p>Εμπνευσμένο από τη σύγχρονη αρχιτεκτονική, το Τραπέζι Oval Breccan μεταμορφώνει τον χώρο σας σε ένα κομψό καταφύγιο. Η οβάλ επιφάνεια από υψηλής ποιότητας Fiber Cement σε απαλό μπεζ τόνο, συνδυάζει την αισθητική αρτιότητα με τη διαχρονική αντοχή. Απολαύστε έναν άνετο και φιλόξενο χώρο, όπου η minimal κομψότητα συναντά την πρακτικότητα - ιδανικό για κάθε γωνιά του σπιτιού σας. Το ιδιαίτερο design του προσθέτει μια κομψή πινελιά στον εσωτερικό σας σχεδιασμό.</p> </body> </html>",,,taxable,,1,24,,0,0,40,70,130,40,1,,,400,"Σαλόνι & Καθιστικό",τραπέζι,,https://eboy.gr/app/uploads/sites/2/2026/05/trapezi-salonioy-obal-fb9659402-mpez-fib.webp,,,,,,,,,0,B2BMarkt,ύψος,"40 εκ.",1,1,πλάτος,"130 εκ.",1,1,μήκος,"70 εκ.",1,1,B2BMarkt,76123,5208067212953,"2026-05-10 00:11:17",B2BMarkt,"<ul>
<li>Κατασκευή από Fiber Cement υψηλής πυκνότητας και αντοχής.</li>
<li>Φυσικό φινίρισμα με πέτρινη υφή στην επιφάνεια.</li>
<li>Ανθεκτικό σε καθημερινή χρήση και εξωτερικές συνθήκες.</li>
<li>Σταθερή βάση για ασφαλή στήριξη.</li>
<li>Οβάλ επιφάνεια με ομαλές ακμές.</li>
<li>Επεξεργασία επιφάνειας για ανθεκτικότητα στη φθορά.</li>
</ul>"
284665,simple,0613359,5208067212922,"Τραπέζι σαλόνιου Oval Breccan",1,0,visible,,"<!DOCTYPE html> <html lang=""el""> <head> <meta charset=""UTF-8""> <title>Τραπέζι Oval Breccan</title> </head> <body> <p>Ανακαλύψτε το απόλυτο κομμάτι για τον χώρο σας: Το Τραπέζι Σαλονιού Oval BRECCAN είναι η κομψή επιλογή που συνδυάζει λειτουργικότητα και στυλ. Με την ξεχωριστή, οβάλ επιφάνειά του σε γκρι fiber cement, μεταμορφώνει κάθε καθιστικό σε σημείο αναφοράς της σύγχρονης αισθητικής.</p> <p>Η ανθεκτική κατασκευή από υψηλής ποιότητας fiber cement χαρίζει στο τραπέζι μοναδική υφή και διαχρονική κομψότητα. Ιδανικό για όσους αναζητούν ένα έπιπλο που συνδυάζει την αισθητική του μινιμαλιστικού σχεδιασμού με τη στιβαρότητα που αντέχει στον χρόνο, το Oval Breccan αποτελεί την τέλεια επιλογή τόσο για εσωτερικούς όσο και εξωτερικούς χώρους.</p> </body> </html>",,,taxable,,1,29,,0,0,40,70,130,40,1,,,400,"Σαλόνι & Καθιστικό",τραπέζι,,https://eboy.gr/app/uploads/sites/2/2026/05/trapezi-salonioy-obal-fb9659401-gkri-fib.webp,,,,,,,,,0,B2BMarkt,ύψος,"40 εκ.",1,1,πλάτος,"130 εκ.",1,1,μήκος,"70 εκ.",1,1,B2BMarkt,76124,5208067212922,"2026-05-10 00:11:49",B2BMarkt,"<ul>
<li>Κατασκευή από Fiber Cement υψηλής αντοχής και πυκνότητας.</li>
<li>Φυσικό φινίρισμα με γκρι απόχρωση και υφή.</li>
<li>Ανθεκτική συμπαγής επιφάνεια κατάλληλη για καθημερινή χρήση.</li>
<li>Προσφέρει σταθερότητα και αντοχή σε εξωτερικές συνθήκες (IP-rated: N/A).</li>
<li>Εύκολη συντήρηση λόγω της ανθεκτικής φύσης του υλικού Fiber Cement.</li>
</ul>"
284667,simple,0613316,5208067212496,"Τραπέζι τραπέζιας στρογγυλό Raiko",1,0,visible,,"<p>Ανακαλύψτε το μοναδικό στυλ και την ποιότητα του τραπεζιού RAIKO, ειδικά σχεδιασμένου για να μεταμορφώσει τους εξωτερικούς χώρους σας. Με τη χαρακτηριστική στρογγυλή επιφάνεια και την κομψή κωνική βάση από FIBER CEMENT σε εκλεπτυσμένο μπεζ χρώμα, αυτό το τραπέζι συνδυάζει λειτουργικότητα και αισθητική.</p> <p>Η στιβαρή κατασκευή του το καθιστά ιδανική επιλογή τόσο για βεράντες και κήπους όσο και για επαγγελματικούς χώρους. Η ανθεκτικότητά του και η minimal σχεδίαση προσφέρουν ένα μοντέρνο αποτέλεσμα που θα εντυπωσιάσει. Το RAIKO είναι ο ιδανικός σύντροφος για στιγμές χαλάρωσης, επαγγελματικές συναντήσεις ή εορταστικές συγκεντρώσεις - κατάλληλος τόσο για εξωτερικό όσο και εσωτερικό χώρο, δημιουργώντας πάντα μια κομψή ατμόσφαιρα.</p>",,,taxable,,1,1,,0,0,65,130,130,75,1,,,"699,9","Κήπος & Εξωτερικός Χώρος",τραπέζι,,https://eboy.gr/app/uploads/sites/2/2026/05/trapezi-trapezarias-stroggylo-fb9657302-.webp,,,,,,,,,0,B2BMarkt,ύψος,"75 εκ.",1,1,πλάτος,"130 εκ.",1,1,μήκος,"130 εκ.",1,1,B2BMarkt,76128,5208067212496,"2026-05-10 00:12:22",B2BMarkt,"<ul>
<li>Κατασκευή από Fiber Cement υψηλής αντοχής και πυκνότητας.</li>
<li>Επιφάνεια με φυσική υφή και συμπαγές φινίρισμα.</li>
<li>Ανθεκτικό σε εξωτερικές συνθήκες (καιρός, υγρασία).</li>
<li>Διαθέσιμο σε μπεζ χρώμα με σταθερή απόδοση στο χρόνο.</li>
<li>Σχεδιασμός με κωνική βάση για σταθερότητα.</li>
<li>Κατάλληλο για συχνή χρήση και επαγγελματική χρήση.</li>
</ul>"
284669,simple,0613365,5208067213103,"Τραπέζι κιορά",1,0,visible,,"<p>Ανακαλύψτε το μοναδικό Τραπέζι Kiora, τον ιδανικό σύμμαχο για τους λάτρεις του εξωτερικού χώρου. Με την αυθεντική αισθητική του γκρι χρώματος και την ανθεκτική κατασκευή από Fiber Cement, αυτό το τραπέζι συνδυάζει μοναδικά τη μοντέρνα σχεδίαση με την εξαιρετική αντοχή στις καιρικές συνθήκες.</p> <p>Η ξεχωριστή ορθογώνια επιφάνεια με τις κομψές στρογγυλεμένες γωνίες δημιουργεί μια εντυπωσιακή οπτική εντύπωση στον κήπο ή τη βεράντα σας. Τα τέσσερα στιβαρά πόδια από το ίδιο υλικό εξασφαλίζουν σταθερότητα και διαχρονική ποιότητα. Το Kiora δεν είναι απλά ένα τραπέζι - είναι η τέλεια επιλογή για στιγμές χαλάρωσης, μετατρέποντας τον εξωτερικό σας χώρο σε έναν προσωπικό παράδεισο.</p>",,,taxable,,1,19,,0,0,141,100,200,75,1,,,1000,"Κήπος & Εξωτερικός Χώρος",τραπέζι,,https://eboy.gr/app/uploads/sites/2/2026/05/trapezi-trapezarias-fb9659701-gkri-fiber.webp,,,,,,,,,0,B2BMarkt,ύψος,"75 εκ.",1,1,πλάτος,"200 εκ.",1,1,μήκος,"100 εκ.",1,1,B2BMarkt,76133,5208067213103,"2026-05-10 00:12:53",B2BMarkt,"<ul>
<li>Κατασκευασμένο από FIBER CEMENT υψηλής αντοχής για εξωτερική χρήση</li>
<li>Ορθογώνια επιφάνεια με στρογγυλεμένες γωνίες για αυξημένη ασφάλεια</li>
<li>4 σταθερά, στρογγυλά πόδια από fiber cement στις γωνίες</li>
<li>Ανθεκτικό φινίρισμα σε γκρι χρώμα με προστασία για εξωτερικούς χώρους</li>
<li>Σχεδιασμός που επιτρέπει χρήση τόσο εντός όσο και εκτός οικίας</li>
<li>Ελαφρύ βάρος λόγω κατασκευής από fiber cement</li>
</ul>"
284671,simple,0613370,5208067213011,"Τραπέζι Azami",1,0,visible,,"<!DOCTYPE html> <html lang=""el""> <head> <meta charset=""UTF-8""> <title>Τραπέζι Azami</title> </head> <body> <p>Ανακαλύψτε το Azami, ένα τραπέζι τραπεζαρίας που συνδυάζει άψογα λειτουργικότητα και στυλ για τον εξωτερικό σας χώρο. Το μοναδικό design με την ορθογώνια επιφάνεια από Fiber Cement σε Μπεζ απόχρωση δημιουργεί μια κομψή παρουσία στον κήπο ή τη βεράντα σας.</p> <p>Απολαύστε γεύματα κάτω από τον ανοιχτό ουρανό, περιβαλλόμενοι από φύση, χάρη στο στιβαρό αλλά ελαφρύ σχεδιασμό του. Η υψηλή αντοχή του στη φθορά και τις καιρικές συνθήκες εξασφαλίζει μακροχρόνια χρήση χωρίς ανησυχίες. Το Azami μεταμορφώνει κάθε εξωτερικό χώρο σε ένα κομψό σημείο συνάντησης.</p> </body> </html>",,,taxable,,1,34,,0,0,111,100,240,75,1,,,1200,"Κήπος & Εξωτερικός Χώρος",τραπέζι,,https://eboy.gr/app/uploads/sites/2/2026/05/trapezi-trapezarias-fb9660002-mpez-fiber.webp,,,,,,,,,0,B2BMarkt,ύψος,"75 εκ.",1,1,πλάτος,"240 εκ.",1,1,μήκος,"100 εκ.",1,1,B2BMarkt,76134,5208067213011,"2026-05-10 00:13:26",B2BMarkt,"<ul>
<li>Κατασκευή από Fiber Cement υψηλής αντοχής για εξωτερική χρήση</li>
<li>Επιφάνεια με φαλτσοκομμένη ορθογώνια σχεδίαση και στρογγυλεμένες γωνίες</li>
<li>Δυο τετραγωνικές συμπαγείς βάσεις στήριξης από το ίδιο υλικό (Fiber Cement)</li>
<li>Ανθεκτικό μπεζ φινίρισμα στην επιφάνεια που προσφέρει σύγχρονη αισθητική</li>
<li>Σχεδιασμός κατάλληλος για χρήση σε εξωτερικούς αλλά και εσωτερικούς χώρους</li>
<li>Σταθερή κατασκευή με έμφαση στη μακροχρόνια αντοχή στις εξωτερικές συνθήκες</li>
</ul>"
284673,simple,0613328,5208067213370,"Τραπέζι μέσης στρογγυλό Kyoko",1,0,visible,,"<!DOCTYPE html> <html lang=""el""> <head> <meta charset=""UTF-8""> </head> <body> <p>Αναβαθμίστε τον εσωτερικό σας χώρο με το κομψό στρογγυλό τραπέζι μέσης Kyoko. Ένα σύγχρονο έπιπλο που συνδυάζει την αισθητική τελειότητα με τη λειτουργικότητα. Κατασκευασμένο από υψηλής ποιότητας fiber cement σε εκλεπτυσμένο μπεζ χρώμα, προσφέρει διαχρονική κομψότητα στο σαλόνι ή το γραφείο σας.</p> <p>Η minimal σχεδίασή του και η καινοτόμος τοποθέτησή του χωρίς πόδια, δημιουργούν μια κομψή οπτική συνέχεια με την επιφάνεια χρήσης, ενώ παράλληλα προσθέτουν μία μοντέρνα νότα στον χώρο σας. Ιδανικό για όσους αναζητούν ένα έπιπλο που συνδυάζει κομψότητα, αντοχή και μοναδική αισθητική.</p> </body> </html>",,,taxable,,1,18,,0,0,55,90,90,34,1,,,300,"Σαλόνι & Καθιστικό",τραπέζι,,https://eboy.gr/app/uploads/sites/2/2026/05/trapezi-mesis-stroggylo-fb9657902-mpez-f.webp,,,,,,,,,0,B2BMarkt,ύψος,"34 εκ.",1,1,πλάτος,"90 εκ.",1,1,μήκος,"90 εκ.",1,1,B2BMarkt,76136,5208067213370,"2026-05-10 00:13:57",B2BMarkt,"<ul>
<li>Fiber cement ως κύριο υλικό κατασκευής για υψηλή αντοχή και σταθερότητα</li>
<li>Χρώμα μπεζ με ομοιόμορφο φινίρισμα χωρίς εμφανείς αρμούς</li>
<li>Σχεδιασμός χωρίς πόδια που επιτρέπει άμεση επαφή με το έδαφος</li>
<li>Ελαφρύ βάρος λόγω ειδικής σύνθεσης τσιμέντου με ενισχυτικές ίνες</li>
<li>Ανθεκτικότητα στην εξωτερική χρήση και τις καιρικές συνθήκες</li>
<li>Λεία, ανθεκτική επιφάνεια κατάλληλη για καθημερινή χρήση</li>
<li>Σταθερή βάση χωρίς μεταλλικά ή ξύλινα στοιχεία</li>
</ul>"
284675,simple,0613373,5208067213073,"Τραπέζι Azami",1,0,visible,,"<!DOCTYPE html> <html lang=""el""> <head> <meta charset=""UTF-8""> <title>Τραπέζι Azami</title> </head> <body> <p>Το Τραπέζι Azami είναι ο ιδανικός σύμμαχος για τις στιγμές σας στον εξωτερικό χώρο. Σχεδιασμένο με έμφαση στη διαχρονική αισθητική, συνδυάζει την ανθεκτικότητα με τη μοντέρνα γραμμή. Η μοναδική ορθογώνια επιφάνειά του σε μπεζ απόχρωση απο Fiber Cement προσδίδει μια κομψή και εκλεπτυσμένη παρουσία στον κήπο ή το μπαλκόνι σας.</p> <p>Αφήστε το να γίνει το επίκεντρο των συναντήσεών σας, προσφέροντας άφθονο χώρο για απολαυστικά γεύματα με φίλους και οικογένεια. Η ποιότητα κατασκευής του και τα στιβαρά υλικά εγγυώνται μακροχρόνια χρήση, ενώ η μοντέρνα αισθητική του το καθιστά την τέλεια επιλογή για κάθε εξωτερικό χώρο.</p> </body> </html>",,,taxable,,1,8,,0,0,137,112,300,75,1,,,1500,"Κήπος & Εξωτερικός Χώρος",τραπέζι,,https://eboy.gr/app/uploads/sites/2/2026/05/trapezi-trapezarias-fb9660102-mpez-fiber.webp,,,,,,,,,0,B2BMarkt,ύψος,"75 εκ.",1,1,πλάτος,"300 εκ.",1,1,μήκος,"112 εκ.",1,1,B2BMarkt,76139,5208067213073,"2026-05-10 00:14:30",B2BMarkt,"<ul>
<li>Κατασκευή από Fiber Cement με υψηλή αντοχή στη φθορά και τις καιρικές συνθήκες.</li>
<li>Επιφάνεια με φαλτσοκομμένο ορθογώνιο σχήμα και στρογγυλεμένες γωνίες για ασφάλεια και μοντέρνο σχεδιασμό.</li>
<li>Δύο σταθερές τετραγωνικές βάσεις στήριξης από το ίδιο υλικό (Fiber Cement) για αυξημένη σταθερότητα.</li>
<li>Μπεζ χρώμα Fiber Cement που προσφέρει ανθεκτικότητα στην UV ακτινοβολία και διατηρεί την αισθητική του μακροχρόνια.</li>
<li>Σχεδιασμός κατάλληλος για εξωτερική χρήση με πιστοποίηση αντοχής σε εξωτερικές συνθήκες.</li>
</ul>"
284677,simple,0413084,5208067182898,"Διακόσμηση δαπέδου Nebula Fiber Cement",1,0,visible,,"<!DOCTYPE html> <html lang=""el""> <head> <meta charset=""UTF-8""> <title>Διακόσμηση δαπέδου Nebula Fiber Cement</title> </head> <body> <p>Αναβαθμίστε τη διακόσμηση του χώρου σας με το μοναδικό βάζο δαπέδου NEBULA, μια κομψή προσθήκη για κάθε εσωτερικό χώρο. Η εξαιρετική ποιότητα κατασκευής από fiber cement σε μαύρο χρώμα συνδυάζεται αρμονικά με τον φυσικό λαιμό από ξύλο Teak, δημιουργώντας ένα εντυπωσιακό αισθητικό αποτέλεσμα.</p> <p>Με το επιβλητικό του ύψος και τη σύγχρονη αισθητική του, αυτό το χειροποίητο διακοσμητικό ξεχωρίζει ως σημείο αναφοράς στο σπίτι ή τον επαγγελματικό χώρο. Η ευελιξία του το καθιστά ιδανικό για κάθε στυλ διακόσμησης, προσφέροντας μια διαχρονική πινελιά πολυτέλειας σε κάθε δωμάτιο.</p> </body> </html>",,,taxable,,1,13,,0,0,28,45,45,172,1,,,"339,9",Διακόσμηση,διακοσμητικό,,https://eboy.gr/app/uploads/sites/2/2026/05/diakosmitiko-bazo-dapedoy-fb9466001l-fib.webp,,,,,,,,,0,B2BMarkt,ύψος,"172 εκ.",1,1,πλάτος,"45 εκ.",1,1,μήκος,"45 εκ.",1,1,B2BMarkt,76140,5208067182898,"2026-05-10 00:15:02",B2BMarkt,"<ul>
<li>Κατασκευή από Fiber Cement ενισχυμένο με ίνες κυτταρίνης</li>
<li>Τελείωμα σε μαύρο χρώμα με αντοχή στη φθορά</li>
<li>Λαιμός κατασκευασμένος από ποιοτικό ξύλο Teak</li>
<li>Ανθεκτικό σε υγρασία και περιβαλλοντικούς παράγοντες</li>
<li>Μη εύφλεκτο υλικό</li>
<li>Εύκολο στον καθαρισμό με ελάχιστη συντήρηση</li>
<li>Φυσική αντοχή στη σήψη και τα παράσιτα</li>
</ul>"
284679,simple,0413085,5208067182904,"Διακόσμηση δαπέδου Nebula Fiber Cement",1,0,visible,,"<!DOCTYPE html> <html lang=""el""> <head> <meta charset=""UTF-8""> <title>NEBULA Fiber Cement - Διακοσμητικό Βάζο Δαπέδου</title> <style> body {font-family:'Segoe UI', sans-serif;} h1 {color:#333; text-align:center} </style> </head> <body> <p>Αναβαθμίστε το interior design του σπιτιού σας με το μοναδικό NEBULA Fiber Cement. Το χειροποίητο βάζο δαπέδου σε γήινο TAUPE τόνο, συνδυάζει την μοντέρνα αισθητική με την ποιοτική κατασκευή από ανθεκτικό fiber cement και φυσικό ξύλο Teak στο λαιμό.</p> <p>Με εντυπωσιακό ύψος 172 εκατοστών και διάμετρο που προσφέρει ιδανική προβολή στον χώρο σας (Φ45 εκ.), το NEBULA προσθέτει μια κομψή νότα κομψότητας. Η διακριτική του παρουσία δημιουργεί ατμόσφαιρα και στυλ, καθιστώντας το ιδανικό για κάθε σύγχρονο εσωτερικό χώρο.<br /> *Κατάλληλο αποκλειστικά για εσωτερική χρήση*</p> </body> </html>",,,taxable,,1,13,,0,0,28,45,45,172,1,,,"339,9",Διακόσμηση,διακοσμητικό,,https://eboy.gr/app/uploads/sites/2/2026/05/diakosmitiko-bazo-dapedoy-fb9466005l-fib.webp,,,,,,,,,0,B2BMarkt,ύψος,"172 εκ.",1,1,πλάτος,"45 εκ.",1,1,μήκος,"45 εκ.",1,1,B2BMarkt,76141,5208067182904,"2026-05-10 00:15:32",B2BMarkt,"<ul>
<li>Κατασκευή από Fiber Cement ενισχυμένο με ίνες κυτταρίνης</li>
<li>Χρώμα TAUPE (γκρι) με φυσική υφή</li>
<li>Νεαρού ξύλου λαιμός από Teak υψηλής ποιότητας</li>
<li>Ανθεκτικό σε περιβαλλοντικές συνθήκες και φθορά</li>
<li>Μη εύφλεκτο υλικό</li>
<li>Εύκολο στον καθαρισμό με απλή σκόνη</li>
<li>Αδιάβροχο φινίρισμα</li>
</ul>"
284681,simple,0413087,5208067182928,"Διακόσμηση Nebula",1,0,visible,,"<p>Αναβαθμίστε το σαλόνι ή την είσοδο του σπιτιού σας με το μοναδικό διακοσμητικό βάζο δαπέδου NEBULA. Αυτό το χειροποίητο αριστούργημα συνδυάζει αρμονικά τη σύγχρονη αισθητική με την παραδοσιακή κομψότητα, δημιουργώντας ένα εντυπωσιακό κέντρο προσοχής στον χώρο σας. Το μαύρο Fiber Cement και η φυσική απόχρωση Teak δημιουργούν μια διαχρονική αντίθεση που θα γοητεύσει κάθε επισκέπτη.</p> <p>Με το επιβλητικό του ύψος (148εκ) και τον διακριτικά μοντέρνο σχεδιασμό του, το NEBULA δεν είναι απλά ένα διακοσμητικό αντικείμενο - είναι μια δήλωση στυλ. Ιδανικό για τους λάτρεις της κομψότητας, προσφέρει την τέλεια ισορροπία μεταξύ λειτουργικότητας και αισθητικής, μετατρέποντας κάθε χώρο σε ένα σημείο έμπνευσης.</p>",,,taxable,,1,11,,0,0,30.8,45,45,148,1,,,"299,9",Διακόσμηση,διακοσμητικό,,https://eboy.gr/app/uploads/sites/2/2026/05/diakosmitiko-bazo-dapedoy-fb9466001m-fib.webp,,,,,,,,,0,B2BMarkt,ύψος,"148 εκ.",1,1,πλάτος,"45 εκ.",1,1,μήκος,"45 εκ.",1,1,B2BMarkt,76142,5208067182928,"2026-05-10 00:16:01",B2BMarkt,"<ul>
<li>Κατασκευή από Fiber Cement ενισχυμένο με ίνες κυτταρίνης για εξαιρετική αντοχή και χαμηλή συντήρηση.</li>
<li>Επεξεργασία επιφάνειας σε μαύρο χρώμα με ανθεκτικό φινίρισμα.</li>
<li>Διακόσμηση λαιμού με ξύλο Teak υψηλής ποιότητας.</li>
<li>Αδιάβροχο και μη εύφλεκτο υλικό κατάλληλο μόνο για εσωτερικούς χώρους.</li>
<li>Αντοχή στη σήψη και τα παράσιτα, απαιτεί ελάχιστη συντήρηση (απλό ξεσκόνισμα).</li>
</ul>"
284683,simple,0413090,5208067182959,"Βάζο δαπέδου Nebula Fiber Cement",1,0,visible,,"<!DOCTYPE html> <html lang=""el""> <head> <meta charset=""UTF-8""> </head> <body> <p>Ανακαλύψτε το NEBULA, το εντυπωσιακό βάζο δαπέδου που μεταμορφώνει τον χώρο σας. Ένα μοναδικό χειροποίητο έργο τέχνης από Fiber Cement σε βαθύ μαύρο χρώμα, πλαισιωμένο αριστοτεχνικά με ξύλο Teak στον λαιμό του. Το επιβλητικό του ύψος 115 εκατοστών προσφέρει μια καθηλωτική οπτική εμπειρία, ενώ οι διαστάσεις Φ45 εκ. το καθιστούν ιδανικό για κάθε γωνιά του σπιτιού σας.</p> <p>Το NEBULA δεν είναι απλά ένα διακοσμητικό αντικείμενο - είναι μια statement επιλογή που συνδυάζει την υψηλή αισθητική με την ποιότητα κατασκευής. Ιδανικό για λάτρεις της minimal διακόσμησης και όχι μόνο, προσθέτει πολυτέλεια και χαρακτήρα σε κάθε εσωτερικό χώρο. Δημιουργήστε μια ατμόσφαιρα κομψότητας με αυτό το ξεχωριστό κομμάτι τέχνης.</p> </body> </html>",,,taxable,,1,11,,0,0,23.5,45,45,115,1,,,"269,9",Διακόσμηση,βάζο,,https://eboy.gr/app/uploads/sites/2/2026/05/diakosmitiko-bazo-dapedoy-fb9466001s-fib.webp,,,,,,,,,0,B2BMarkt,ύψος,"115 εκ.",1,1,πλάτος,"45 εκ.",1,1,μήκος,"45 εκ.",1,1,B2BMarkt,76143,5208067182959,"2026-05-10 00:16:31",B2BMarkt,"<ul>
<li>Κατασκευή από Fiber Cement ενισχυμένο με ίνες κυτταρίνης για υψηλή αντοχή και χαμηλή συντήρηση</li>
<li>Μαύρο χρώμα με λεία επιφάνεια ανθεκτική στη φθορά</li>
<li>Διακόσμηση στον λαιμό με ξύλο Teak υψηλής ποιότητας</li>
<li>Αδιάβροχη κατασκευή κατάλληλη μόνο για εσωτερικούς χώρους</li>
<li>Εύκολος καθαρισμός - απαιτείται ελάχιστη συντήρηση</li>
<li>Αντοχή σε υψηλές θερμοκρασίες (μη εύφλεκτο)</li>
<li>Φυσική αντοχή στη σήψη και τα παράσιτα</li>
</ul>"
284685,simple,0413216,5208067185004,"Γλάστρες Seon",1,0,visible,,"<p>Αναβαθμίστε τη διακόσμηση του σπιτιού σας με τις μοναδικές γλάστρες SEON, ένα αριστούργημα που συνδυάζει την παραδοσιακή ομορφιά με τη σύγχρονη αισθητική. Κατασκευασμένες από υψηλής ποιότητας terracotta, διατίθενται σε κομψό λευκό και γήινους τόνους terracotta, προσφέροντας μια φυσική αρμονία στο χώρο σας.</p> <p>Το ξεχωριστό στοιχείο των γλαστρών SEON είναι οι εντυπωσιακές βάσεις από ανθεκτικό ξύλο teak που τις συνοδεύουν. Μια προσεγμένη επιλογή που εξασφαλίζει σταθερότητα και αναδεικνύει κάθε φυτό με τον καλύτερο τρόπο. Σχεδιασμένες για εσωτερικούς χώρους, αποτελούν την τέλεια προσθήκη σε κάθε γωνιά του σπιτιού σας, συνδυάζοντας λειτουργικότητα και ομορφιά.</p>",,,taxable,,1,36,,0,0,5.3,25,25,32,1,,,"84,9",Διακόσμηση,,,https://eboy.gr/app/uploads/sites/2/2026/05/glastres-set-2tmx-fb9468608-terracotta-s.webp,,,,,,,,,0,B2BMarkt,ύψος,"32 εκ.",1,1,πλάτος,"25 εκ.",1,1,μήκος,"25 εκ.",1,1,B2BMarkt,76148,5208067185004,"2026-05-10 00:16:59",B2BMarkt,"<ul>
<li>Κατασκευασμένες από κεραμικό υλικό terracotta με παραδοσιακή οπτοποίηση</li>
<li>Διαθέτουν ανθεκτικό φινίρισμα που βελτιώνεται με την πάροδο του χρόνου</li>
<li>Περιλαμβάνουν ξύλινες βάσεις από teak υψηλής ποιότητας για σταθερή στήριξη</li>
<li>Επιφάνεια κατάλληλη μόνο για εσωτερική χρήση λόγω κατασκευής από πορώδες terracotta</li>
<li>Προσφέρουν φυσικό αερισμό στο ριζικό σύστημα των φυτών (χαρακτηριστικό της τερακότας)</li>
</ul>"
284687,simple,0413215,5208067184991,"Γλάστρες σεον",1,0,visible,,"<p>Ανακαλύψτε τις γλάστρες SEON, την τέλεια επιλογή για να δώσετε μια νότα φυσικού στυλ στο σπίτι σας. Ο μοναδικός συνδυασμός λευκού και ανοιχτό πράσινου terracotta δημιουργεί ένα αρμονικό αποτέλεσμα που ταιριάζει σε κάθε χώρο. Η προσεγμένη λεπτομέρεια έγκειται στις ξύλινες βάσεις από teak που προσθέτουν ζεστασιά και κομψότητα.</p> <p>Αυτές οι γλάστρες δεν είναι απλά διακοσμητικά στοιχεία - αποτελούν μέρος μιας βιώσιμης φιλοσοφίας διακόσμησης, προσφέροντας έναν φυσικό τρόπο να φέρουμε τη φύση στο εσωτερικό μας περιβάλλον. Με την υψηλή ποιότητα κατασκευής τους από terracotta, εξασφαλίζουν μακροχρόνια χρήση και αντοχή στον χρόνο, ενώ η επιλογή των υλικών τους τις καθιστά απόλυτα φιλικές προς το περιβάλλον.</p>",,,taxable,,1,35,,0,0,5.3,25,25,32,1,,,"84,9",Διακόσμηση,διακοσμητικό,,https://eboy.gr/app/uploads/sites/2/2026/05/glastres-set-2tmch-fb9468609-terracotta-.webp,,,,,,,,,0,B2BMarkt,ύψος,"32 εκ.",1,1,πλάτος,"25 εκ.",1,1,μήκος,"25 εκ.",1,1,B2BMarkt,76149,5208067184991,"2026-05-10 00:17:28",B2BMarkt,"<ul>
<li>Κατασκευασμένες από κεραμικό υλικό τερακότα υψηλής ποιότητας με παραδοσιακή επεξεργασία οπτής γης</li>
<li>Λευκό και ανοιχτό πράσινο χρώμα, χαρακτηριστικό της παραδοσιακής τεχνικής παραγωγής τερακότας</li>
<li>Ολοκληρωμένο σετ που περιλαμβάνει γλάστρες και χειροποίητες βάσεις από ξύλο teak</li>
<li>Ακατάλληλες για εξωτερική χρήση - προορίζονται αποκλειστικά για εσωτερικούς χώρους</li>
<li>Φυσική υφή επιφάνειας τερακότας με πατίνα που εξελίσσεται με το χρόνο</li>
<li>Εργονομικό στόμιο διαμέτρου Φ20 εκ. (μεγάλη) και Φ16 εκ. (μικρή) για εύκολη φροντίδα φυτών</li>
</ul>"
284689,simple,0413182,5208067185103,"Βάζο Mibo",1,0,visible,,"<p>Ανακαλύψτε το MIBO, ένα κομψό διακοσμητικό βάζο που συνδυάζει την κλασική γοητεία με τη σύγχρονη αισθητική. Η μαύρη απόχρωση του, σε συνδυασμό με τα φυσικά χερούλια από rattan, προσδίδει μια εκλεπτυσμένη νότα στον χώρο σας.</p> <p>Το μοναδικό design του επιτρέπει εύκολη τοποθέτηση τόσο στο σπίτι όσο και σε επαγγελματικούς χώρους, αναβαθμίζοντας την ατμόσφαιρα κάθε δωματίου. Με τις αρμονικές του διαστάσεις (Φ16,5x26Υεκ.) ταιριάζει τέλεια στη διακόσμηση που ονειρεύεστε. Μια προσεγμένη επιλογή για τους λάτρεις της κομψής αισθητικής.</p>",,,taxable,,1,54,,0,0,1.5,16.5,16.5,26,1,,,"34,9",Διακόσμηση,βάζο,,https://eboy.gr/app/uploads/sites/2/2026/05/diakosmitiko-bazo-fb9468801m-terakota-ma.webp,,,,,,,,,0,B2BMarkt,ύψος,"26 εκ.",1,1,πλάτος,"16.5 εκ.",1,1,μήκος,"16.5 εκ.",1,1,B2BMarkt,76150,5208067185103,"2026-05-10 00:17:56",B2BMarkt,"<ul>
<li>Κατασκευή από κεραμικό υλικό τερακότα</li>
<li>Φυσικό φινίρισμα στην επιφάνεια με ματ υφή</li>
<li>Ανθεκτικότητα σε εσωτερικούς χώρους λόγω της φύσης του υλικού</li>
<li>Διαθέτει δύο χειρολαβές από φυσικό ρατάν για εύκολη μεταφορά</li>
<li>Μαύρο χρώμα με ομοιόμορφη απόχρωση τερακότας</li>
<li>Κατάλληλο για χρήση ως διακοσμητικό αντικείμενο</li>
</ul>"
284691,simple,0603364,5208067217439,"Γωνιακός καναπές Coven",1,0,visible,,"<!DOCTYPE html> <html lang=""el""> <head><meta charset=""UTF-8""></head> <body> <p>Ο καναπές Coven αποτελεί την ιδανική επιλογή για όσους αναζητούν έναν μοναδικό χώρο χαλάρωσης. Με τη μοντέρνα του σχεδίαση και τα εντυπωσιακά χρώματα, μεταμορφώνει το σαλόνι σας σε ένα ζεστό και φιλόξενο περιβάλλον.</p> <p>Η ξεχωριστή του γωνία αγκαλιάζει τον χρήστη προσφέροντας άνετη θέση, ενώ η καπιτονέ επένδυση με τις κομψές ραφές προσθέτει μια κλασική πολυτέλεια στο σύγχρονο design. Το πράσινο χρώμα, διαχρονικό και αναζωογονητικό, συνδυάζει αρμονικά την αισθητική με την ποιότητα κατασκευής. Δημιουργήστε το σημείο αναφοράς του σπιτιού σας!</p> </body> </html>",,,taxable,,1,1,,0,0,87,102,298,,1,,,999,"Σαλόνι & Καθιστικό",καναπές,,https://eboy.gr/app/uploads/sites/2/2026/05/kanapes-gonia-aristeri-fb9326614l-prasin.webp,,,,,,,,,0,B2BMarkt,πλάτος,"298 εκ.",1,1,μήκος,"102 εκ.",1,1,,,,,B2BMarkt,76151,5208067217439,"2026-05-10 00:18:30",B2BMarkt,"<ul>
<li>Κατασκευή από μεταλλικό σκελετό και ξύλινα πόδια με μαύρο φινίρισμα</li>
<li>Επένδυση με πράσινο ύφασμα υψηλής ποιότητας καπιτονέ με εμφανείς ραφές</li>
<li>Κάθισμα με συνδυασμό αφρού μεσαίας σκληρότητας και ελατηρίων τύπου pocket springs</li>
<li>4 μαξιλάρια πλάτης με ενσωματωμένες μακρόστενες ""καραμέλες"" για στήριξη</li>
<li>3 διακοσμητικά μαξιλαράκια προσθήκης</li>
<li>Χαμηλό προφίλ σχεδιασμού με στυλ ""ποδιάς""</li>
<li>Ενότητα γωνίας με κατακόρυφους αναρτήρες πάνελ</li>
</ul>"
284693,simple,0413219,5208067185172,"Γλάστρα χώρου Tryll Fm4690s",1,0,visible,,"<!DOCTYPE html> <html lang=""el""> <head> <meta charset=""UTF-8""> <title>TRYLL Γλάστρα Χώρου</title> <style> p { font-size: 16px; line-height: 1.4; } </style> </head> <body> <p>Αναβαθμίστε το εσωτερικό σας με την μοντέρνα γλάστρα Tryll Fm4690s! Ιδανική επιλογή για λάτρεις της κομψής διακόσμησης, συνδυάζει άψογα τη μινιμαλιστική αισθητική με τη λειτουργικότητα.</p> <p>Το μοναδικό design σε γκρι αποχρώσεις με λευκό περίγραμμα προσδίδει μια εκλεπτυσμένη νότα στον χώρο σας. Η πρακτική χειρολαβή από ανθεκτικό σχοινί εξασφαλίζει άνετη μεταφορά των φυτών σας. Κατασκευασμένη από υψηλής ποιότητας Fiber Cement, προσφέρει αντοχή και μακροζωία. Με διαστάσεις Φ23x33Υ εκ. (με τα χερούλια), αποτελεί την τέλεια προσθήκη για κάθε εσωτερικό χώρο.</p> </body> </html>",,,taxable,,1,17,,0,0,3,23,23,33,1,,,"45,9",Διακόσμηση,διακοσμητικό,,https://eboy.gr/app/uploads/sites/2/2026/05/glastra-es-choroy-fb94690s-fiber-cement-.webp,,,,,,,,,0,B2BMarkt,ύψος,"33 εκ.",1,1,πλάτος,"23 εκ.",1,1,μήκος,"23 εκ.",1,1,B2BMarkt,76153,5208067185172,"2026-05-10 00:19:10",B2BMarkt,"<ul>
<li>Κατασκευή από Fiber Cement ενισχυμένο με ίνες κυτταρίνης για αυξημένη αντοχή και χαμηλή συντήρηση</li>
<li>Γκρι χρώμα με λευκό περίγραμμα στη βάση του προϊόντος</li>
<li>Ανθεκτικά χερούλια από σχοινί για εύκολη μεταφορά</li>
<li>Στόμιο διαμέτρου 21 εκατοστών για φύτευση/πότισμα</li>
<li>Σχεδιασμός κατάλληλος μόνο για εσωτερική χρήση</li>
<li>Εσωτερική τοποθέτηση δοχείου συνιστάται όταν χρησιμοποιείται με νερό</li>
<li>Ανθεκτικό φινίρισμα που προστατεύει από την υγρασία</li>
</ul>"
284695,simple,0518653,5208067184687,"Καθρέφτης τοίχου Riffe",1,0,visible,,"<!DOCTYPE html> <html lang=""el""> <head> <meta charset=""UTF-8""> <title>Καθρέφτης Riffe</title> </head> <body> <p>Αναβαθμίστε τον προσωπικό σας χώρο με τον ξεχωριστό χειροποίητο καθρέφτη τοίχου RIFFE. Το μοναδικό του design, φτιαγμένο από υψηλής ποιότητας Fiber Cement σε καθαρό λευκό, προσθέτει μια πινελιά πολυτέλειας και μοντέρνας αισθητικής στο σπίτι ή τον επαγγελματικό σας χώρο.</p> <p>Με διαστάσεις 60x13(πάχος)x85 εκατοστά, ο καθρέφτης αποτελεί ιδανική επιλογή για ξενοδοχεία, AirBnB αλλά και κάθε σύγχρονο σπίτι. Η ανθεκτική κατασκευή του εξασφαλίζει μακροχρόνια χρήση και άψογο αποτέλεσμα στην αντανάκλαση του χώρου σας. Προτείνεται αποκλειστικά για εσωτερική τοποθέτηση.</p> </body> </html>",,,taxable,,1,2,,0,0,14.1,13,60,85,1,,,"199,9",Υπνοδωμάτιο,καθρέφτης,,https://eboy.gr/app/uploads/sites/2/2026/05/kathreptis-toichoy-fb9469502-fiber-cemen.webp,,,,,,,,,0,B2BMarkt,ύψος,"85 εκ.",1,1,πλάτος,"60 εκ.",1,1,μήκος,"13 εκ.",1,1,B2BMarkt,76154,5208067184687,"2026-05-10 00:19:46",B2BMarkt,"<ul>
<li>Κατασκευή από Fiber Cement ενισχυμένο με ίνες κυτταρίνης για αυξημένη αντοχή και διάρκεια ζωής.</li>
<li>Λευκό χρώμα σε ματ φινίρισμα με ανθεκτικότητα στη φθορά και τον καθαρισμό.</li>
<li>Ανθεκτική επιφάνεια με προστασία από υγρασία, σήψη και έντομα.</li>
<li>Ελάχιστη απαίτηση συντήρησης - εύκολος καθημερινός καθαρισμός.</li>
<li>Κατάλληλο για εσωτερική χρήση μόνο σύμφωνα με τις προδιαγραφές ασφαλείας του προϊόντος.</li>
</ul>"
284697,simple,0518654,5208067184694,"Καθρέφτης τοίχου Riffe",1,0,visible,,"<!DOCTYPE html> <html lang=""el""> <head> <meta charset=""UTF-8""> <title>Καθρέφτης τοίχου RIFFE</title> </head> <body> <p>Αναβαθμίστε τον χώρο σας με τον μοναδικό καθρέφτη τοίχου RIFFE, ένα χειροποίητο αριστούργημα που συνδυάζει άψογα την αισθητική με τη λειτουργικότητα. Το ιδιαίτερο design του από Fiber Cement σε επιβλητικό γκρι χρώμα προσθέτει μια μοντέρνα νότα σε κάθε εσωτερικό χώρο.</p> <p>Ιδανικός για το σπίτι αλλά και επαγγελματικούς χώρους όπως ξενοδοχεία ή ενοικιαζόμενα δωμάτια, ο καθρέφτης RIFFE αποτελεί επένδυση που θα αναδείξει την αισθητική σας. Με διαστάσεις 60x13(πάχος)x85 εκατοστά, προσφέρει μια κομψή λύση διακόσμησης που ταυτόχρονα εξυπηρετεί πρακτικές ανάγκες.</p> </body> </html>",,,taxable,,1,14,,0,0,14.1,13,60,85,1,,,"199,9",Υπνοδωμάτιο,καθρέφτης,,https://eboy.gr/app/uploads/sites/2/2026/05/kathreptis-toichoy-fb9469503-fiber-cemen.webp,,,,,,,,,0,B2BMarkt,ύψος,"85 εκ.",1,1,πλάτος,"60 εκ.",1,1,μήκος,"13 εκ.",1,1,B2BMarkt,76155,5208067184694,"2026-05-10 00:20:22",B2BMarkt,"<ul>
<li>Κατασκευή από Fiber Cement ενισχυμένο με ίνες κυτταρίνης για αυξημένη αντοχή και διάρκεια ζωής.</li>
<li>Ανθεκτικό στη σήψη, το νερό και τα έντομα χάρη στην ειδική σύνθεση του υλικού.</li>
<li>Επιφάνεια με λεία επεξεργασία που επιτρέπει εύκολο καθαρισμό και ελάχιστη συντήρηση.</li>
<li>Μόνιμο γκρι φινίρισμα σε όλη την επιφάνεια χωρίς δυνατότητα αλλαγής χρώματος.</li>
<li>Ελαφρύ βάρος για εύκολη τοποθέτηση στον τοίχο, σύμφωνα με τις προδιαγραφές εσωτερικών εγκαταστάσεων.</li>
<li>Αντοχή στις διακυμάνσεις θερμοκρασίας και υγρασίας εσωτερικού χώρου.</li>
</ul>"
284699,simple,0518655,5208067184700,"Φανάρι Erantyl",1,0,visible,,"<!DOCTYPE html> <html lang=""el""> <head> <meta charset=""UTF-8""> <title>Φανάρι ERANTYL</title> </head> <body> <p>Αναβαθμίστε τη διακόσμηση του χώρου σας με το μοναδικό φανάρι ERANTYL, ένα έργο τέχνης που συνδυάζει την πρακτικότητα με την κομψότητα. Κατασκευασμένο από υψηλής ποιότητας Fiber Cement σε διαχρονικό λευκό χρώμα, προσφέρει μια κομψή αισθητική που ταιριάζει αρμονικά σε κάθε εσωτερικό χώρο.</p> <p>Με το φυσικό χερούλι από rattan, η μεταφορά του γίνεται εύκολη και άνετη, ενώ η μη εύφλεκτη φύση του υλικού εγγυάται ασφάλεια κατά τη χρήση με κεριά. Η minimal σχεδίασή του προσθέτει μια νότα κομψότητας στο περιβάλλον σας, δημιουργώντας την ιδανική ατμόσφαιρα για χαλάρωση ή εορταστική διακόσμηση. Αποκτήστε ένα φανάρι που συνδυάζει την ομορφιά με την αξιοπιστία.</p> </body> </html>",,,taxable,,1,17,,0,0,2.39,17,17,50,1,,,"39,9",Διακόσμηση,διακοσμητικό,,https://eboy.gr/app/uploads/sites/2/2026/05/epitrapezio-fanari-fb9469602l-leyko-fibe.webp,,,,,,,,,0,B2BMarkt,ύψος,"50 εκ.",1,1,πλάτος,"17 εκ.",1,1,μήκος,"17 εκ.",1,1,B2BMarkt,76156,5208067184700,"2026-05-10 00:20:54",B2BMarkt,"<ul>
<li>Κατασκευή από Fiber Cement ενισχυμένο με συνθετικές ίνες για υψηλή ανθεκτικότητα και αντοχή στη σήψη</li>
<li>Λευκό φινίρισμα Fiber Cement με ματ επιφάνεια</li>
<li>Εργονομικό χερούλι από φυσικό rattan για εύκολη μεταφορά</li>
<li>Ανθεκτικό στόμιο διαμέτρου Φ10 εκ. για ασφαλή τοποθέτηση κεριών</li>
<li>Μη εύφλεκτο υλικό (Fiber Cement) κατάλληλο για χρήση με κεριά</li>
<li>Σχεδιασμός αποκλειστικά για εσωτερική χρήση</li>
</ul>"
284701,simple,0518656,5208067184717,"Φανάρι Erantyl",1,0,visible,,"<!DOCTYPE html> <html lang=""el""> <head> <meta charset=""UTF-8""> <title>Φανάρι ERANTYL</title> </head> <body> <p>Αναβαθμίστε τη διακόσμηση του χώρου σας με το ξεχωριστό φανάρι ERANTYL, ένα έργο τέχνης που συνδυάζει κομψότητα και λειτουργικότητα. Κατασκευασμένο από υψηλής ποιότητας Fiber Cement σε εντυπωσιακό μαύρο χρώμα και με φυσικό χερούλι rattan, αποτελεί την ιδανική επιλογή για μια ζεστή ατμόσφαιρα στον εσωτερικό σας χώρο.</p> <p>Το ERANTYL δεν είναι απλά ένα φωτιστικό - είναι η προσθήκη μιας πινελιάς αυθεντικού στυλ που θα μεταμορφώσει το σαλόνι ή το υπνοδωμάτιό σας. Με μοντέρνα αισθητική και ασφαλή υλικά, προσφέρει την ιδανική λύση για όσους αναζητούν μοναδική διακόσμηση με έμφαση στην ποιότητα και την ασφάλεια.</p> </body> </html>",,,taxable,,1,21,,0,0,2.39,17,17,50,1,,,"39,9",Διακόσμηση,διακοσμητικό,,https://eboy.gr/app/uploads/sites/2/2026/05/epitrapezio-fanari-fb9469601l-mayro-fibe.webp,,,,,,,,,0,B2BMarkt,ύψος,"50 εκ.",1,1,πλάτος,"17 εκ.",1,1,μήκος,"17 εκ.",1,1,B2BMarkt,76157,5208067184717,"2026-05-10 00:21:25",B2BMarkt,"<ul>
<li>Κατασκευή από Fiber Cement με ενισχυμένες συνθετικές ίνες για αυξημένη αντοχή και διάρκεια ζωής</li>
<li>Μαύρο χρώμα Fiber Cement με ανθεκτική επιφάνεια στην καθημερινή χρήση</li>
<li>Εργονομικό χερούλι από φυσικό rattan για εύκολη μεταφορά και χειρισμό</li>
<li>Μη εύφλεκτο υλικό (Fiber Cement) κατάλληλο για τοποθέτηση κεριών με απαραίτητη την προσοχή ασφαλείας</li>
<li>Στρογγυλό στόμιο διαμέτρου 10 εκ. για ασφαλή στήριξη κεριών διαφόρων μεγεθών</li>
<li>Σχεδιασμός για εσωτερική χρήση μόνο</li>
</ul>"
284703,simple,0518657,5208067184731,"Φανάρι Erantyl",1,0,visible,,"<p>Εμπλουτίστε τον χώρο σας με τη διακριτική κομψότητα του φαναρίου ERANTYL. Ένα μοναδικό διακοσμητικό στοιχείο που συνδυάζει την ανθεκτικότητα του Fiber Cement σε μαύρο χρώμα με την φυσική ζεστασιά του χειροποίητου rattan στο χερούλι του. Η ιδιαίτερη αισθητική του το καθιστά ιδανικό για κάθε στυλ διακόσμησης, προσθέτοντας μια πινελιά μοντέρνας πολυτέλειας στο σαλόνι ή την τραπεζαρία σας.</p> <p>Με τις κομψές του διαστάσεις (Φ25x37Υ εκ.) και τον πρακτικό σχεδιασμό μεταφοράς, το ERANTYL προσφέρει ένα ασφαλές περιβάλλον φωτισμού χάρη στην μη εύφλεκτη κατασκευή του. Επιλέξτε το για να δημιουργήσετε μια ατμόσφαιρα χαλάρωσης και στυλ στους αγαπημένους σας χώρους, απολαμβάνοντας την ποιότητα που συνδυάζει λειτουργικότητα και αισθητική.</p>",,,taxable,,1,22,,0,0,2.39,25,25,37,1,,,"39,9",Διακόσμηση,διακοσμητικό,,https://eboy.gr/app/uploads/sites/2/2026/05/epitrapezio-fanari-fb9469601s-mayro-fibe.webp,,,,,,,,,0,B2BMarkt,ύψος,"37 εκ.",1,1,πλάτος,"25 εκ.",1,1,μήκος,"25 εκ.",1,1,B2BMarkt,76158,5208067184731,"2026-05-10 00:21:54",B2BMarkt,"<ul>
<li>Κατασκευή από Fiber Cement με προσθήκη συνθετικών ινών για αυξημένη αντοχή</li>
<li>Μαύρο φινίρισμα ανθεκτικό στη φθορά και το νερό</li>
<li>Εργονομικό χερούλι από φυσικό rattan για εύκολη μεταφορά</li>
<li>Μη εύφλεκτο υλικό (Fiber Cement) κατάλληλο για χρήση με κεριά</li>
<li>Στρογγυλό στόμιο διαμέτρου 10εκ. για ασφαλή τοποθέτηση κεριών</li>
<li>Ανθεκτικό στη σήψη και τα έντομα σύμφωνα με την κατασκευή του</li>
</ul>"
284705,simple,0518658,5208067184724,"Φανάρι Erantyl",1,0,visible,,"<p>Εμπλουτίστε τον χώρο σας με το μοναδικό ERANTYL, ένα κομψό επιτραπέζιο φωτιστικό που συνδυάζει αριστοτεχνικά την απλότητα με τη μοντέρνα αισθητική. Κατασκευασμένο από υψηλής ποιότητας Fiber Cement σε λευκό χρώμα, προσφέρει διαχρονική ομορφιά και αντοχή.<br /> Το χαρακτηριστικό φυσικό χερούλι από rattan προσδίδει μια φυσική πινελιά, καθιστώντας το εύκολη προσθήκη στην καθημερινή σας διακόσμηση. Η ασφάλεια αποτελεί προτεραιότητα μας - το υλικό κατασκευής είναι πλήρως ανθεκτικό στη φωτιά, επιτρέποντάς σας να δημιουργήσετε την ατμόσφαιρα που επιθυμείτε με διάφορα είδη κεριών.</p> <p>Με διαστάσεις 25εκ διάμετρο και 37εκ ύψος (συμπεριλαμβανομένου του χειρολιού), το ERANTYL θα ξεχωρίσει σε κάθε εσωτερικό χώρο. Η διακριτική του παρουσία συμπληρώνει αρμονικά κάθε στυλ διακόσμησης, μεταφέροντας ζεστασιά και κομψότητα όπου κι αν τοποθετηθεί.</p>",,,taxable,,1,13,,0,0,2.39,25,25,37,1,,,"39,9",Διακόσμηση,διακοσμητικό,,https://eboy.gr/app/uploads/sites/2/2026/05/epitrapezio-fanari-fb9469602s-leyko-fibe.webp,,,,,,,,,0,B2BMarkt,ύψος,"37 εκ.",1,1,πλάτος,"25 εκ.",1,1,μήκος,"25 εκ.",1,1,B2BMarkt,76159,5208067184724,"2026-05-10 00:22:25",B2BMarkt,"<ul>
<li>Κατασκευή από Fiber Cement με συνθετικές ίνες για αυξημένη αντοχή και διάρκεια ζωής.</li>
<li>Λευκό φινίρισμα ανθεκτικό στη φθορά, το νερό και τους ρύπους.</li>
<li>Εργονομικό χερούλι από φυσικό rattan για εύκολη μεταφορά.</li>
<li>Μη εύφλεκτο υλικό (Fiber Cement) κατάλληλο για χρήση με κεριά.</li>
<li>Στρογγυλό στόμιο διαμέτρου 10 εκ. για ασφαλή τοποθέτηση κεριών.</li>
<li>Αντοχή σε περιβαλλοντικούς παράγοντες (σήψη, έντομα).</li>
</ul>"
284707,simple,0524000,5208067184502,"Φωτιστικό Luxon",1,0,visible,,"<p> Το φωτιστικό LUXON είναι η ιδανική επιλογή για όσους αναζητούν την τέλεια σύνθεση στυλ και λειτουργικότητας στον εσωτερικό τους χώρο. Με την καινοτόμο ακανόνιστη σχεδίασή του από Fiber Cement σε καθαρό λευκό, προσθέτει μια σύγχρονη πινελιά σε κάθε δωμάτιο. Η μοναδική υφή του δημιουργεί ένα ατμοσφαιρικό αποτέλεσμα που μεταμορφώνει τον χώρο σας. </p> <p> Κατασκευασμένο με προσοχή στη λεπτομέρεια και πιστοποιημένο CE, το LUXON προσφέρει άνετο φωτισμό μέσω της συμβατότητας E27 με λαμπτήρες LED (προτεινόμενη χρήση). Με κομψές διαστάσεις 44x15x42 εκ. και βάρος μόλις 5,33kg, προσαρμόζεται εύκολα σε κάθε περιβάλλον. Η διακριτική του παρουσία εξασφαλίζει ότι θα κλέψει τις εντυπώσεις χωρίς να επισκιάζει τη διακόσμηση σας. </p>",,,taxable,,1,20,,0,0,6.3,15,44,42,1,,,"75,9",Υπνοδωμάτιο,φωτιστικό,,https://eboy.gr/app/uploads/sites/2/2026/05/epitoichio-fotistiko-fb9470102l-fiber-ce.webp,,,,,,,,,0,B2BMarkt,ύψος,"42 εκ.",1,1,πλάτος,"44 εκ.",1,1,μήκος,"15 εκ.",1,1,B2BMarkt,76160,5208067184502,"2026-05-10 00:22:56",B2BMarkt,"<ul>
<li>Κατασκευή από Fiber Cement με ενισχυμένες συνθετικές ίνες για αυξημένη αντοχή και διάρκεια ζωής.</li>
<li>Ανθεκτικό στη σήψη, το νερό και τα έντομα - ιδανική επιλογή χαμηλής συντήρησης.</li>
<li>Λευκό φινίρισμα σε ακανόνιστο σχήμα και υφή για μοντέρνο σχεδιασμό εσωτερικών χώρων.</li>
<li>Συμβατό με λαμπτήρες Ε27 (προτείνεται LED CE Certified).</li>
<li>Βάρος: 5,33 kg - κατάλληλο για εγκατάσταση σε τοίχους.</li>
<li>Ασφαλής χρήση μόνο σε εσωτερικούς χώρους.</li>
</ul>"
284709,simple,0524001,5208067184526,"Φωτιστικο Luxon",1,0,visible,,"<!DOCTYPE html> <html lang=""el""> <head> <meta charset=""UTF-8""> <title>Φωτιστικό Luxon</title> <style> p { font-size: 16px; line-height: 1.4; } </style> </head> <body> <p>Αναβαθμίστε την ατμόσφαιρα του χώρου σας με το εντυπωσιακό φωτιστικό LUXON! Συνδυάζει τέλεια τη μοντέρνα αισθητική με την ποιότητα, προσφέροντας μοναδικό στυλ σε κάθε δωμάτιο.</p> <p>Με καθαρές γραμμές και ακανόνιστο σχήμα από Fiber Cement, δημιουργεί μια κομψή φωτεινή πινελιά. Η λευκή απόχρωση ταιριάζει αρμονικά σε σύγχρονους εσωτερικούς χώρους, ενώ η υφή του προσδίδει χαρακτήρα και προσωπικότητα στη διακόσμηση σας.</p> </body> </html>",,,taxable,,1,21,,0,0,4.4,15,28,28,1,,,"59,9",Υπνοδωμάτιο,φωτιστικό,,https://eboy.gr/app/uploads/sites/2/2026/05/epitoichio-fotistiko-fb9470102m-fiber-ce.webp,,,,,,,,,0,B2BMarkt,ύψος,"28 εκ.",1,1,πλάτος,"28 εκ.",1,1,μήκος,"15 εκ.",1,1,B2BMarkt,76161,5208067184526,"2026-05-10 00:23:26",B2BMarkt,"<ul>
<li>Κατασκευή από Fiber Cement με ενισχυμένες συνθετικές ίνες για αυξημένη ανθεκτικότητα και διάρκεια ζωής.</li>
<li>Λευκό χρώμα με ακανόνιστη υφή που ακολουθεί σύγχρονες σχεδιαστικές τάσεις.</li>
<li>Σπείρωμα λαμπτήρα E27 συμβατό με LED φωτιστικά CE Certified για εξοικονόμηση ενέργειας.</li>
<li>Ανθεκτικό στη σήψη, το νερό και τα έντομα, απαιτώντας ελάχιστη συντήρηση.</li>
<li>Επιτοίχια τοποθέτηση - προορίζεται αποκλειστικά για εσωτερικούς χώρους.</li>
</ul>"
284711,simple,0524002,5208067184540,"Φωτιστικο Luxon",1,0,visible,,"<p>Ανακαλύψτε το LUXON, ένα επιτοίχιο φωτιστικό που συνδυάζει αρμονικά την αισθητική με τη λειτουργικότητα. Με μοναδικό σχεδιασμό από Fiber Cement σε λευκό χρώμα, προσθέτει μια πινελιά κομψότητας στους εσωτερικούς χώρους του σπιτιού ή του γραφείου σας.</p> <p>Εύκολο στην τοποθέτηση και με διαχρονικό στυλ, το LUXON αποτελεί ιδανική επιλογή για όσους αναζητούν κάτι ξεχωριστό. Η απαλή υφή του δημιουργεί ατμόσφαιρα και ταιριάζει σε κάθε σύγχρονο interior design. Η ποιότητα κατασκευής και η πιστοποίησή του CE διασφαλίζουν την ασφάλεια και τη μακροχρόνια χρήση, ενώ η ενεργειακή απόδοση με λαμπτήρα LED προσφέρει εξοικονόμηση ενέργειας.</p>",,,taxable,,1,19,,0,0,3.3,15,28,25,1,,,"49,9",Υπνοδωμάτιο,φωτιστικό,,https://eboy.gr/app/uploads/sites/2/2026/05/epitoichio-fotistiko-fb9470102s-fiber-ce.webp,,,,,,,,,0,B2BMarkt,ύψος,"25 εκ.",1,1,πλάτος,"28 εκ.",1,1,μήκος,"15 εκ.",1,1,B2BMarkt,76162,5208067184540,"2026-05-10 00:23:55",B2BMarkt,"<ul>
<li>Κατασκευή από Fiber Cement με ενισχυμένες συνθετικές ίνες για αυξημένη αντοχή και διάρκεια ζωής.</li>
<li>Ανθεκτικό στη σήψη, το νερό και τα έντομα εξασφαλίζοντας μακροχρόνια χρήση με ελάχιστη συντήρηση.</li>
<li>Λευκό φινίρισμα με ακανόνιστη υφή που ακολουθεί σύγχρονες τάσεις διακόσμησης εσωτερικών χώρων.</li>
<li>Υποδοχή λαμπτήρα Ε27 συμβατή αποκλειστικά με λαμπτήρες LED πιστοποιημένους CE για ενεργειακή απόδοση και ασφάλεια.</li>
<li>Εσωτερική χρήση μόνο σύμφωνα με τις προδιαγραφές ασφαλείας του προϊόντος.</li>
</ul>"
284713,simple,0528000,5208067184519,"Φωτιστικο Luxon",1,0,visible,,"<!DOCTYPE html> <html lang=""el""> <head> <meta charset=""UTF-8""> <title>Φωτιστικό Luxon</title> </head> <body> <p>Εμπνευσμένο από τη σύγχρονη αρχιτεκτονική, το φωτιστικό LUXON συνδυάζει την κομψότητα με τη λειτουργικότητα. Με μοναδικό design σε γκρι Fiber Cement και ακανόνιστο σχήμα που τραβάει τα βλέμματα, αναβαθμίζει κάθε εσωτερικό χώρο.<br><br> Εγκαταστήστε το στον τοίχο και απολαύστε ατμοσφαιρικό φωτισμό που μεταμορφώνει το σπίτι ή τον επαγγελματικό σας χώρο. Η υψηλή ποιότητα κατασκευής και η πιστοποίηση CE εγγυώνται μακροχρόνια χρήση και ασφάλεια.</p> </body> </html>",,,taxable,,1,24,,0,0,6.3,15,44,42,1,,,"75,9",Υπνοδωμάτιο,φωτιστικό,,https://eboy.gr/app/uploads/sites/2/2026/05/epitoichio-fotistiko-fb9470103l-fiber-ce.webp,,,,,,,,,0,B2BMarkt,ύψος,"42 εκ.",1,1,πλάτος,"44 εκ.",1,1,μήκος,"15 εκ.",1,1,B2BMarkt,76163,5208067184519,"2026-05-10 00:24:26",B2BMarkt,"<ul>
<li>Κατασκευή από Fiber Cement με ενισχυμένες συνθετικές ίνες για αυξημένη αντοχή και διάρκεια ζωής.</li>
<li>Ανθεκτικό στη σήψη, το νερό και τα έντομα - χαμηλή συντήρηση απαιτούμενη.</li>
<li>Επιφάνεια με ακανόνιστο σχήμα και υφή για μοντέρνο design (interior trend).</li>
<li>Σπείρωμα λαμπτήρα Ε27 συμβατό κυρίως με LED φωτιστικά CE Certified για εξοικονόμηση ενέργειας.</li>
<li>Χρήση αποκλειστικά σε εσωτερικούς χώρους λόγω κατασκευής από Fiber Cement.</li>
<li>Γκρι χρώμα επιφάνειας, ανθεκτικό στη φθορά και τον καθαρισμό.</li>
</ul>"
284715,simple,0528001,5208067184533,"Φωτιστικό Luxon",1,0,visible,,"<!DOCTYPE html> <html lang=""el""> <head> <meta charset=""UTF-8""> <title>Φωτιστικό Luxon</title> </head> <body> <p>Εμπνευστείτε από τη μοντέρνα αισθητική του επιτοίχιου φωτιστικού Luxon. Με την ιδιαίτερη γκρι υφή Fiber Cement και το δυναμικό design που ακολουθεί τις τελευταίες τάσεις διακόσμησης, μετατρέπει κάθε χώρο σε ένα σύγχρονο καταφύγιο. Η μοναδική του αισθητική προσθέτει χαρακτήρα στο εσωτερικό σας, δημιουργώντας μια αρμονική ατμόσφαιρα.</p> <p>Κατασκευασμένο με προσοχή στη λεπτομέρεια και πιστοποίηση CE, προσφέρει όχι μόνο στυλ αλλά και αξιόπιστη ποιότητα φωτισμού. Ιδανικό για την ενίσχυση της ατμόσφαιρας σε κάθε δωμάτιο του σπιτιού σας.</p> </body> </html>",,,taxable,,1,24,,0,0,4.4,15,28,28,1,,,"59,9",Υπνοδωμάτιο,φωτιστικό,,https://eboy.gr/app/uploads/sites/2/2026/05/epitoichio-fotistiko-fb9470103m-fiber-ce.webp,,,,,,,,,0,B2BMarkt,ύψος,"28 εκ.",1,1,πλάτος,"28 εκ.",1,1,μήκος,"15 εκ.",1,1,B2BMarkt,76164,5208067184533,"2026-05-10 00:24:58",B2BMarkt,"<ul>
<li>Κατασκευή από Fiber Cement υψηλής αντοχής με συνθετικές ίνες</li>
<li>Ανθεκτικό στη σήψη, το νερό και τα έντομα</li>
<li>Επιφάνειά του σε γκρι χρώμα με ακανόνιστο σχέδιο και υφή</li>
<li>Υποδοχή λαμπτήρα Ε27 (προτείνεται LED CE certified)</li>
<li>Βάρος: 3.39 kg</li>
<li>Κατάλληλο αποκλειστικά για εσωτερική χρήση</li>
</ul>"
284717,simple,0613440,5208067213820,"Καρεκλα γραφειου Brief",1,0,visible,,"<p>Ανακαλύψτε την καρέκλα γραφείου Brief, μια κομψή και λειτουργική επιλογή που συνδυάζει τέλεια εργονομία και αισθητική. Με την άνετη επένδυσή της από υψηλής ποιότητας διάτρητο ύφασμα mesh σε διαχρονικό μαύρο χρώμα, προσφέρει εξαιρετική αναπνοή του δέρματος κατά τη χρήση.</p> <p>Η Brief σχεδιάστηκε για να σας στηρίζει καθ' όλη τη διάρκεια της ημέρας. Το ρυθμιζόμενο προσκέφαλο και το αφρώδες κάθισμα εξασφαλίζουν μέγιστη άνεση, ενώ η ρύθμιση ύψους στα μπράτσα και την πλάτη προσαρμόζεται τέλεια στις ανάγκες κάθε χρήστη. Η σύγχρονη αισθητική με τις καθαρές γραμμές συμπληρώνει αρμονικά κάθε επαγγελματικό χώρο, προσφέροντας παράλληλα κορυφαία ποιότητα κατασκευής και ανθεκτικότητα που διαρκεί.</p>",,,taxable,,1,26,,0,0,13.8,64,63,122,1,,,"94,9",Γραφείο,καρέκλα,,https://eboy.gr/app/uploads/sites/2/2026/05/karekla-grafeioy-fb9120601-mayro-mesh-ba.webp,,,,,,,,,0,B2BMarkt,ύψος,"122 εκ.",1,1,πλάτος,"63 εκ.",1,1,μήκος,"64 εκ.",1,1,B2BMarkt,76165,5208067213820,"2026-05-10 00:25:30",B2BMarkt,"<ul>
<li>Ύφασμα καθίσματος: Εξαιρετικά διάτρητο mesh σε μαύρο χρώμα</li>
<li>Προσκέφαλο: Ανεξάρτητο, ρυθμιζόμενο με πολλαπλές θέσεις</li>
<li>Σκελετός & μπράτσα: Κατασκευασμένα από πολυπροπυλένιο μαύρου χρώματος με ρύθμιση ύψους</li>
<li>Βάση: 5-νυχη μεταλλική με διάμετρο Φ32εκ, χρωμιωμένη</li>
<li>Ρόδες: Μεγέθους 50mm από ανθεκτικό nylon μαύρο</li>
<li>Ανάρτηση: Class 3 με αντοχή έως 120 κιλά</li>
<li>Ρυθμίσεις: Ηλεκτρική ανάκλιση και ύψος με μοχλό ελέγχου</li>
<li>Υποστήριξη: Ειδική ενίσχυση μέσης</li>
</ul>"
284719,simple,0613441,5208067213837,"Καρέκλα γραφείου Brief",1,0,visible,,"<!DOCTYPE html> <html lang=""el""> <head> <meta charset=""UTF-8""> <title>Καρέκλα Γραφείου Brief</title> <style> .container { max-width: 600px; margin: 20px auto; text-align: center; } </style> </head> <body> <div class=""container""> <p>Ανακαλύψτε την καρέκλα γραφείου BRIEF, τον ιδανικό σύμμαχο στην καθημερινότητά σας. Με μοντέρνο σχεδιασμό και εργονομικό προφίλ, προσφέρει απαράμιλλη άνεση για ατελείωτες ώρες εργασίας. Το κομψό ΓΚΡΙ mesh ύφασμα συνδυάζεται αρμονικά με το σκούρο ΜΑΥΡΟ μέταλλο, δημιουργώντας ένα εντυπωσιακό αισθητικό αποτέλεσμα.</p> <p>Η BRIEF προσαρμόζεται στις ανάγκες σας χάρη στο ρυθμιζόμενο προσκέφαλο και ύψος, εξασφαλίζοντας την τέλεια στήριξη του αυχένα και της μέσης. Η προηγμένη τεχνολογία ανάρτησης εξασφαλίζει μέγιστη σταθερότητα, ενώ η άνετη έδρα με αφρώδες υλικό προσφέρει ξεκούραστη καθιστική θέση. Μια πολυτελής επιλογή που συνδυάζει στυλ και ποιότητα σε κάθε λεπτομέρεια.</p> </div> </body> </html>",,,taxable,,1,26,,0,0,13.8,64,63,122,1,,,"94,9",Γραφείο,καρέκλα,,https://eboy.gr/app/uploads/sites/2/2026/05/karekla-grafeioy-fb9120602-gkri-mesh-bas.webp,,,,,,,,,0,B2BMarkt,ύψος,"122 εκ.",1,1,πλάτος,"63 εκ.",1,1,μήκος,"64 εκ.",1,1,B2BMarkt,76166,5208067213837,"2026-05-10 00:26:05",B2BMarkt,"<ul>
<li>Ύφασμα καθίσματος: Εξαιρετικά διάτρητο mesh σε γκρι χρώμα με υψηλή διαπνοή.</li>
<li>Προσκέφαλο: Ανεξάρτητο, ρυθμιζόμενο καθ' ύψος και βάθος.</li>
<li>Σκελετός & Μπράτσα: Κατασκευασμένα από ανθεκτικό πολυπροπυλένιο μαύρου χρώματος με ρύθμιση ύψους 5 θέσεων.</li>
<li>Βάση: 5-νυχη χρωμιωμένη μεταλλική με διάμετρο Φ32εκ και ρόδες Nylon διαμέτρου 50mm μαύρου χρώματος για εύκολη μετακίνηση.</li>
<li>Ανάρτηση: Μεταλλική Class 3 με αντοχή έως 120kg βάρος.</li>
<li>Ρύθμιση: Μηχανικός έλεγχος ύψους και ανάκλισης μέσω μοχλού.</li>
</ul>"
284721,simple,0613443,5208067213844,"Καρέκλα γραφείου Cuore",1,0,visible,,"<!DOCTYPE html> <html lang=""el""> <head> <meta charset=""UTF-8""> <title>Καρέκλα Γραφείου Cuore</title> </head> <body> <p>Ανακαλύψτε την τελειότητα της εργονομικής άνεσης με τη καρέκλα γραφείου CUORE, τον απόλυτο σύμμαχο στην καθημερινότητά σας. Με επένδυση από διάτρητο μαύρο ύφασμα mesh που προσφέρει ιδανικό εξαερισμό, η CUORE συνδυάζει στυλ και λειτουργικότητα.</p> <p>Η κομψή σχεδίαση στη λεπτομέρεια ξεχωρίζει: Ασημί πολυπροπυλένιο στα μπράτσα με ρυθμιζόμενο ύψος, ενώ ο στιβαρός χρωμιωμένος σκελετός υποστηρίζει κάθε σας κίνηση. Η ανάκλιση με μοχλό και η ρύθμιση ύψους εξασφαλίζουν την τέλεια θέση εργασίας. Το αναπαυτικό κάθισμα και η υποστήριξη μέσης φροντίζουν για την υγεία σας καθ' όλη τη διάρκεια της ημέρας.</p> </body> </html>",,,taxable,,1,22,,0,0,15.3,61,63,125,1,,,"99,9",Γραφείο,καρέκλα,,https://eboy.gr/app/uploads/sites/2/2026/05/karekla-grafeioy-fb9120701-mayros-skelet.webp,,,,,,,,,0,B2BMarkt,ύψος,"125 εκ.",1,1,πλάτος,"63 εκ.",1,1,μήκος,"61 εκ.",1,1,B2BMarkt,76167,5208067213844,"2026-05-10 00:26:37",B2BMarkt,"<ul>
    <li>Επένδυση με διάτρητο ύφασμα mesh μαύρο, ανθεκτικό στην φθορά.</li>
    <li>Ανεξάρτητα ρυθμιζόμενο προσκέφαλο για εξατομικευμένη υποστήριξη.</li>
    <li>Ανατομικός αφρός στο κάθισμα για αυξημένη άνεση.</li>
    <li>Σκελετός και μπράτσα από πολυπροπυλένιο σε ασημί χρώμα με ρύθμιση ύψους.</li>
    <li>5-νυχη βάση διαμέτρου Φ32εκ από χρωμιωμένο μέταλλο υψηλής αντοχής.</li>
    <li>Ροδάκια 50mm από μαύρο nylon για ομαλή κίνηση.</li>
</ul>"
284723,simple,0613442,5208067213851,"Καρέκλα γραφείου Cuore",1,0,visible,,"<!DOCTYPE html> <html lang=""el""> <head><meta charset=""UTF-8""></head> <body> <p>Ανακαλύψτε την καρέκλα γραφείου Cuore - το επίκεντρο του σύγχρονου εργασιακού χώρου. Συνδυάζει κομψότητα και εργονομία σε απόλυτη αρμονία. Η ξεχωριστή σχεδίασή της, με τον εντυπωσιακό συνδυασμό γκρι υφάσματος mesh και ασήμι μπράτσων, αναβαθμίζει κάθε επαγγελματικό χώρο. Η Cuore προσφέρει κορυφαία άνεση χάρη στο ρυθμιζόμενο προσκέφαλο και το ανατομικό κάθισμα που υποστηρίζει τέλεια τη μέση σας. Με εύκολη ρύθμιση ύψους και ανάκλισης μέσω μοχλού, προσαρμόζεται στις ανάγκες κάθε χρήστη. Η ποιότητα κατασκευής της αντανακλάται στη στιβαρή βάση χρωμίου και τα ανθεκτικά nylon ροδάκια της.</p> </body> </html>",,,taxable,,1,28,,0,0,15.3,61,63,125,1,,,"99,9",Γραφείο,καρέκλα,,https://eboy.gr/app/uploads/sites/2/2026/05/karekla-grafeioy-fb9120702-mayros-skelet.webp,,,,,,,,,0,B2BMarkt,ύψος,"125 εκ.",1,1,πλάτος,"63 εκ.",1,1,μήκος,"61 εκ.",1,1,B2BMarkt,76168,5208067213851,"2026-05-10 00:27:09",B2BMarkt,"<ul>
<li>Ύφασμα επένδυσης mesh από διάτρητο υλικό σε γκρι χρώμα με αντοχή στη φθορά</li>
<li>Ανεξάρτητος ρυθμιστής προσκέφαλου για εξατομικευμένη στήριξη</li>
<li>Κάθισμα με αφρώδες αναπαυτικό υλικό</li>
<li>Σκελετός και μπράτσα από πολυπροπυλένιο σε ασημί χρώμα με ρύθμιση ύψους</li>
<li>Βάση 5-νυχη διαμέτρου Φ32mm από χρωμιωμένο μέταλλο για σταθερότητα</li>
<li>Ροδάκια από nylon μαύρο, σκληρής κατασκευής για ομαλή κίνηση</li>
<li>Ανάρτηση Class 3 με αντοχή έως 120 κιλά βάρος</li>
<li>Σύστημα ρύθμισης ύψους και ανάκλισης με μοχλό</li>
<li>Ειδική υποστήριξη μέσης</li>
</ul>"
284725,simple,0613444,5208067213868,"Καρεκλα γραφειου Kram",1,0,visible,,"<p>Ανακαλύψτε την KRAM, μια καρέκλα γραφείου που συνδυάζει άψογα στυλ και άνεση. Σχεδιασμένη για να σας προσφέρει μια μοναδική εμπειρία εργασίας, η KRAM εντυπωσιάζει με το μοντέρνο μαύρο mesh ύφασμα της, δημιουργώντας ένα κομψό περιβάλλον στο χώρο σας.</p> <p>Η εργονομική σχεδίαση της KRAM θα γίνει ο καθημερινός σας σύντροφος στην εργασία. Με ρυθμιζόμενα στοιχεία που προσαρμόζονται στις ανάγκες σας και ενισχυμένη υποστήριξη μέσης, εξασφαλίζει μέγιστη άνεση για ατελείωτες ώρες παραγωγικότητας. Η ποιοτική κατασκευή από ανθεκτικά υλικά σε μαύρο χρώμα προσδίδει διαχρονική κομψότητα στο γραφείο σας.</p>",,,taxable,,1,41,,0,0,12.5,64,64,100,1,,,"89,9",Γραφείο,καρέκλα,,https://eboy.gr/app/uploads/sites/2/2026/05/karekla-grafeioy-fb9120801-mayros-skelet.webp,,,,,,,,,0,B2BMarkt,ύψος,"100 εκ.",1,1,πλάτος,"64 εκ.",1,1,μήκος,"64 εκ.",1,1,B2BMarkt,76169,5208067213868,"2026-05-10 00:27:38",B2BMarkt,"<ul>
<li>Επένδυση με διάτρητο ύφασμα mesh μαύρου χρώματος για αερισμό και άνεση</li>
<li>Ανατομικό αφρώδες υλικό στο κάθισμα για μέγιστη υποστήριξη και άνεση</li>
<li>Σκελετός και μπράτσα από πολυπροπυλένιο μαύρου χρώματος με ρυθμιζόμενο ύψος 5 θέσεων</li>
<li>Βάση 5-νυχη διαμέτρου Φ32εκ από ανθεκτικό nylon μαύρο χρώμα</li>
<li>Ροδάκια διαμέτρου 50mm από nylon για ομαλή κίνηση χωρίς θόρυβο</li>
<li>Σύστημα ανάρτησης Class 3 για επιπλέον σταθερότητα</li>
<li>Διπλή ρύθμιση: ύψους και ανάκλισης με μοχλό για εξατομικευμένη θέση εργασίας</li>
<li>Ενσωματωμένη υποστήριξη μέσης για προστασία της σπονδυλικής στήλης</li>
</ul>"
284727,simple,0535713,5208067182690,"Τραπέζι σαλονιού Perral",1,0,visible,,"<!DOCTYPE html> <html lang=""el""> <head> <meta charset=""UTF-8""> <title>Τραπέζι Perral</title> </head> <body> <p>Ανακαλύψτε το μοναδικό τραπέζι σαλονιού PERRAL, μια κομψή προσθήκη στον χώρο σας. Με τη σύγχρονη κυκλική του μορφή και την εκλεπτυσμένη διακόσμηση από φυσικό Rattan στη βάση, προσφέρει μια αίσθηση πολυτέλειας και στυλ σε κάθε δωμάτιο.</p> <p>Κατασκευασμένο από ανθεκτικό Fiber Cement σε λευκό χρώμα, συνδυάζει αισθητική τελειότητα με πρακτικότητα. Ιδανικό για το σπίτι αλλά και επαγγελματικούς χώρους όπως ξενοδοχεία ή Airbnb, το τραπέζι PERRAL αναβαθμίζει την ατμόσφαιρα και δημιουργεί άνετους χώρους συνάντησης. Η μοναδική του σχεδίαση εξασφαλίζει αρμονία σε κάθε εσωτερικό χώρο.</p> </body> </html>",,,taxable,,1,26,,0,0,13,55,55,45,1,,,"159,9","Σαλόνι & Καθιστικό",τραπέζι,,https://eboy.gr/app/uploads/sites/2/2026/05/trapezi-salonioy-fb91816402l-fiber-cemen.webp,,,,,,,,,0,B2BMarkt,ύψος,"45 εκ.",1,1,πλάτος,"55 εκ.",1,1,μήκος,"55 εκ.",1,1,B2BMarkt,76170,5208067182690,"2026-05-10 00:28:09",B2BMarkt,"<ul>
<li>Κατασκευή από Fiber Cement ενισχυμένο με ίνες κυτταρίνης για υψηλή αντοχή και ανθεκτικότητα στη σήψη, το νερό και τα έντομα</li>
<li>Φυσικό Rattan στην βάση προσφέρει αισθητική διακόσμηση και αντιστέκεται στην υγρασία</li>
<li>Λευκό φινίρισμα από Fiber Cement παρέχει ομοιόμορφο χρώμα και εύκολη συντήρηση</li>
<li>Στρογγυλό σχήμα σε μορφή ανάποδου κώνου με διάμετρο βάσης 28 εκ.</li>
<li>Εσωτερική χρήση μόνο, κατάλληλο για οικιακούς και επαγγελματικούς χώρους</li>
</ul>"
284729,simple,0535715,5208067182713,"Βοηθητικό τραπέζι Perral",1,0,visible,,"<!DOCTYPE html> <html lang=""el""> <head> <meta charset=""UTF-8""> <title>Βοηθητικό Τραπέζι Perral</title> </head> <body> <p>Εμπλουτίστε τον χώρο σας με το μοναδικό βοηθητικό τραπεζάκι PERRAL, ένα κομψό αξεσουάρ για κάθε εσωτερικό χώρο. Η ιδιαίτερη σχεδίασή του σε σχήμα ανάποδου κώνου από Fiber Cement και η φυσική ομορφιά του Rattan στη βάση του, δημιουργούν έναν αρμονικό συνδυασμό υψηλής αισθητικής και αντοχής.</p> <p>Ιδανικό για το σπίτι ή επαγγελματικούς χώρους όπως ξενοδοχεία και AirBnB, το PERRAL προσφέρει επιπλέον λειτουργικότητα χωρίς να θυσιάζει την κομψότητα. Η λευκή απόχρωσή του και οι προσεγμένες διαστάσεις του (Φ42x36Υ εκ., βάση Φ23εκ.) το καθιστούν απαραίτητο αξεσουάρ που ξεχωρίζει για την ποιότητα και τη διαχρονικότητά του.</p> </body> </html>",,,taxable,,1,25,,0,0,9.3,42,42,36,1,,,"109,9","Σαλόνι & Καθιστικό",τραπέζι,,https://eboy.gr/app/uploads/sites/2/2026/05/trapezi-boithitiko-fb91816402s-fiber-cem.webp,,,,,,,,,0,B2BMarkt,ύψος,"36 εκ.",1,1,πλάτος,"42 εκ.",1,1,μήκος,"42 εκ.",1,1,B2BMarkt,76171,5208067182713,"2026-05-10 00:28:39",B2BMarkt,"<ul>
<li>Κατασκευή από Fiber Cement ενισχυμένο με ίνες κυτταρίνης για αυξημένη αντοχή και διάρκεια ζωής</li>
<li>Φυσικό Rattan στην βάση που προσφέρει φυσική αισθητική και αντιδιαβρωτική προστασία</li>
<li>Λευκό φινίρισμα Fiber Cement με ανθεκτικότητα στη σήψη και το νερό</li>
<li>Στρογγυλό σχήμα σε μορφή ανάποδου κώνου για εργονομική χρήση</li>
<li>Ανθεκτική βάση διαμέτρου 23εκ. που εξασφαλίζει σταθερότητα</li>
<li>Χαμηλή συντήρηση λόγω της φύσης των υλικών κατασκευής</li>
</ul>"
284731,simple,0535712,5208067182683,"Τραπέζι σαλονιού Perral",1,0,visible,,"<p>Εμπλουτίστε τον χώρο σας με το μοναδικό Τραπέζι Perral. Η καινοτόμος σχεδίασή του σε σχήμα ανάποδου κώνου, συνδυαζόμενη με την φυσική ομορφιά του Rattan στη βάση και την μοντέρνα αισθητική του Γκρι Fiber Cement, δημιουργεί ένα αριστούργημα διακόσμησης. Το στρογγυλό τραπέζι, με διάμετρο 55εκ., προσφέρει άνεση χώρου για κάθε περίσταση.</p> <p>Ιδανικό τόσο για το σπίτι όσο και για επαγγελματικούς χώρους όπως ξενοδοχεία ή AirBnB, το Perral συνδυάζει λειτουργικότητα και στυλ. Η κομψή του παρουσία προσθέτει μια νότα κομψότητας στον χώρο σας, ενώ η ποιότητά του εγγυάται μακροχρόνια χρήση. Με διακριτικό σχεδιασμό που ταιριάζει σε κάθε διακοσμητική επιλογή, μεταμορφώνει τον καθημερινό χώρο σε έναν κομψό προορισμό για χαλάρωση.</p>",,,taxable,,1,20,,0,0,13,55,55,45,1,,,"159,9","Σαλόνι & Καθιστικό",τραπέζι,,https://eboy.gr/app/uploads/sites/2/2026/05/trapezi-salonioy-fb91816403l-fiber-cemen.webp,,,,,,,,,0,B2BMarkt,ύψος,"45 εκ.",1,1,πλάτος,"55 εκ.",1,1,μήκος,"55 εκ.",1,1,B2BMarkt,76172,5208067182683,"2026-05-10 00:29:11",B2BMarkt,"<ul>
<li>Κατασκευή από Fiber Cement ενισχυμένο με ίνες κυτταρίνης για εξαιρετική αντοχή και ανθεκτικότητα στη σήψη, το νερό και τα έντομα.</li>
<li>Επιφάνεια σε γκρι χρώμα με φινίρισμα που μιμείται φυσικά υλικά (Rattan) μόνο στην βάση</li>
<li>Στρογγυλό σχήμα ανάποδου κώνου με διάμετρο βάσης 28 εκ.</li>
<li>Χαμηλή συντήρηση υλικού λόγω της φύσης του Fiber Cement</li>
<li>Προοριζόμενο αποκλειστικά για εσωτερική χρήση</li>
<li>Κατάλληλο για οικιακή και επαγγελματική χρήση (ξενοδοχεία, AirBnB)</li>
</ul>"
284733,simple,0613413,5208067216524,"Κουρτίνα πέργκολας Quito",1,0,visible,,"<p>Μεταμορφώστε τον εξωτερικό σας χώρο με την κουρτίνα πέργκολας Quito, το καινοτόμο σύστημα σκίασης που συνδυάζει άψογα λειτουργικότητα και κομψότητα. Σχεδιασμένη ειδικά για πέργκολες αλουμινίου, ενσωματώνεται αρμονικά στο χώρο σας προσφέροντας προστασία από έντομα και ήλιο.</p> <p>Η μοναδική κατασκευή της περιλαμβάνει ανθεκτικό δίχτυ 40g/m² σε μαύρο χρώμα για αποτελεσματική απωθητική εντόμων και πολυεστερική κουρτίνα 160g/m² σε γήινο μπεζ τόνο που προσθέτει κομψότητα στον εξωτερικό σας χώρο. Διαθέτει σύστημα εύκολης ανάρτησης με δέστρες, ενώ μαζεύεται έξυπνα στις κολώνες της πέργκολας, διατηρώντας πάντα την αισθητική του χώρου σας. Επιλέξτε την ποιότητα Quito και απολαύστε έναν άνετο και καλαίσθητο εξωτερικό χώρο όλο το χρόνο.</p>",,,taxable,,1,17,,0,0,7.6,300,300,240,1,,,199,"Κήπος & Εξωτερικός Χώρος",τραπέζι,,https://eboy.gr/app/uploads/sites/2/2026/05/koynoypiera-koyrtina-fb96613-gia-pergkol.webp,,,,,,,,,0,B2BMarkt,ύψος,"240 εκ.",1,1,πλάτος,"300 εκ.",1,1,μήκος,"300 εκ.",1,1,B2BMarkt,76177,5208067216524,"2026-05-10 00:29:43",B2BMarkt,"<ul>
<li>Κατασκευή από δίχτυ 40g/m² για την κουνουπιέρα και πολυεστερικό ύφασμα 160g/m² για την κουρτίνα</li>
<li>Μαύρο χρώμα στο δίχτυ της κουνουπιέρας, μπεζ χρώμα στην κουρτίνα</li>
<li>Συμβατό με πέργκολες αλουμινίου που διαθέτουν σύστημα «σιδηρόδρομου» και «δέστρων» για εύκολη αποθήκευση</li>
<li>Ανθεκτική κατασκευή με συνολικό βάρος 7.5kg</li>
<li>Πλένεται στο πλυντήριο οικιακών συσκευών</li>
<li>Περιλαμβάνει μεταλλικά πιαστράκια για στερέωση</li>
</ul>"
284735,simple,0613414,5208067216531,"Κουρτίνα πέργκολας Quito",1,0,visible,,"<p>Μεταμορφώστε τον εξωτερικό σας χώρο με την κομψή κουρτίνα πέργκολας Quito - το τέλειο συνδυασμό προστασίας και αισθητικής. Ιδανική επιλογή για να απολαύσετε τον κήπο ή τη βεράντα σας άνετα, προστατεύοντας ταυτόχρονα από τις καιρικές συνθήκες.</p> <p>Ο μοναδικός σχεδιασμός της συνδυάζει λειτουργικότητα και στυλ: η κουνουπιέρα από ανθεκτικό δίχτυ 40g/m² σε μαύρο χρώμα προσφέρει αποτελεσματική προστασία, ενώ η απαλή πολυεστερική κουρτίνα 160g/m² στο μπεζ χρώμα προσθέτει μια νότα κομψότητας. Εύχρηστη και πρακτική, τοποθετείται εύκολα στις υπάρχουσες μεταλλικές δομές με τα ειδικά κλιπς, προσφέροντας άνεση και σκιά όποτε τη χρειάζεστε.</p>",,,taxable,,1,12,,0,0,9,400,300,240,1,,,"229,9","Κήπος & Εξωτερικός Χώρος",ομπρέλα,,https://eboy.gr/app/uploads/sites/2/2026/05/koynoypiera-koyrtina-fb96614-gia-pergkol.webp,,,,,,,,,0,B2BMarkt,ύψος,"240 εκ.",1,1,πλάτος,"300 εκ.",1,1,μήκος,"400 εκ.",1,1,B2BMarkt,76178,5208067216531,"2026-05-10 00:30:28",B2BMarkt,"<ul>
<li>Κατασκευή από δίχτυ 40g/m² με μαύρο χρώμα για την κουνουπιέρα.</li>
<li>Πολυεστερικό ύφασμα 160g/m² σε μπεζ χρώμα για την κύρια κουρτίνα.</li>
<li>Σχεδιασμός με ενσωματωμένο ""σιδηρόδρομο"" και ""δέστρες"" για εύκολη τοποθέτηση και αποθήκευση.</li>
<li>Ανθεκτικό στη χρήση εξωτερικού χώρου με κατάλληλη επεξεργασία ενάντια στις καιρικές συνθήκες.</li>
<li>Πλύσιμο στο πλυντήριο για εύκολο καθαρισμό και συντήρηση.</li>
<li>Συνολικό βάρος 8,2kg.</li>
</ul>"
284737,simple,0613378,5208067212274,"Καρέκλα γραφείου Meite",1,0,visible,,"<p>Ανακαλύψτε την MEITE, την καρέκλα γραφείου που συνδυάζει άριστη εργονομία με απαράμιλλη αισθητική. Σχεδιασμένη για να μεταμορφώσει τον χώρο εργασίας σας σε ένα σύγχρονο γραφείο υψηλής ποιότητας.</p> <p>Με το μοναδικό ανάγλυφο PU δέρμα και τα σταθερά μπράτσα που προσφέρουν υποστήριξη χωρίς συμβιβασμούς στην άνεση, η MEITE αποτελεί την ιδανική επιλογή για επαγγελματίες που αναζητούν ισορροπία μεταξύ στυλ και λειτουργικότητας. Η ρυθμιζόμενη θέση καθίσματος και πλάτης με σύστημα κλειδώματος 3 σημείων εξασφαλίζει μέγιστη προσαρμογή στις ανάγκες σας.</p>",,,taxable,,1,13,,0,0,19.4,71,66,127,1,,,"149,9",Γραφείο,καρέκλα,,https://eboy.gr/app/uploads/sites/2/2026/05/karekla-grafeioy-fb91835301-mayro-pu-der.webp,,,,,,,,,0,B2BMarkt,ύψος,"127 εκ.",1,1,πλάτος,"66 εκ.",1,1,μήκος,"71 εκ.",1,1,B2BMarkt,76179,5208067212274,"2026-05-10 00:31:03",B2BMarkt,"<ul>
<li>Επιφάνεια καθίσματος και πλάτης από ανάγλυφο PU δέρμα σε μαύρο χρώμα με υφή λινού υφάσματος</li>
<li>Σταθερά μπράτσα με επένδυση από PU δέρμα μαύρου χρώματος</li>
<li>Μεταλλική βάση 5-νυχη Φ35mm από χρωμιωμένο μέταλλο</li>
<li>Ροδάκια με επίστρωση πολυουρεθάνης μαύρου χρώματος για ομαλή κύλιση</li>
<li>Ανάρτηση χρωμίου Class 3 με αντοχή έως 120 κιλά βάρος</li>
<li>Σύστημα ρύθμισης ύψους και ανάκλισης 3 σημείων με δυνατότητα κλειδώματος</li>
</ul>"
284739,simple,0613380,5208067212281,"Καρέκλα γραφείου Meite",1,0,visible,,"<!DOCTYPE html> <html lang=""el""> <head> <meta charset=""UTF-8""> <title>Meite Καρέκλα Γραφείου</title> </head> <body> <p>Ανακαλύψτε την πολυτελή άνεση Meite - την καρέκλα γραφείου που μεταμορφώνει τον καθημερινό σας χώρο σε ένα κομψό και λειτουργικό περιβάλλον εργασίας. Με εντυπωσιακή επένδυση από ανάγλυφο PU δέρμα σε απαλό μπεζ τόνο, η Meite συνδυάζει άψογα το στυλ με την εργονομία.</p> <p>Η προσεγμένη κατασκευή της, από υψηλής ποιότητας υλικά, προσφέρει μοναδική υποστήριξη στη μέση και στους ώμους χάρη στο αφρώδες υλικό και τον ανατομικό σχεδιασμό. Η πολυλειτουργική ρύθμιση ύψους και ανάκλισης με σύστημα κλειδώματος εξασφαλίζει την τέλεια θέση εργασίας καθ' όλη τη διάρκεια της ημέρας. Ένα πραγματικό στολίδι για κάθε επαγγελματικό χώρο, που συνδυάζει αισθητική αρτιότητα και εργονομική αριστεία.</p> </body> </html>",,,taxable,,1,8,,0,0,19.4,71,66,127,1,,,"149,9",Γραφείο,καρέκλα,,https://eboy.gr/app/uploads/sites/2/2026/05/karekla-grafeioy-fb91835302-mpez-pu-derm.webp,,,,,,,,,0,B2BMarkt,ύψος,"127 εκ.",1,1,πλάτος,"66 εκ.",1,1,μήκος,"71 εκ.",1,1,B2BMarkt,76180,5208067212281,"2026-05-10 00:31:34",B2BMarkt,"<ul>
<li>Επένδυση καθίσματος και πλάτης με ανάγλυφο PU δέρμα σε μπεζ χρώμα, υφή λινού υφάσματος</li>
<li>Σταθερά μπράτσα από PU δέρμα στο ίδιο μπεζ χρώμα</li>
<li>Μεταλλική βάση 5-νυχη διαμέτρου Φ35εκ χρωμιωμένη</li>
<li>Ροδάκια με επίστρωση πολυουρεθάνης μαύρου χρώματος για ομαλή κίνηση</li>
<li>Ανάρτηση χρωμίου κατηγορίας Class 3 με αντοχή έως 120 κιλά</li>
<li>Σύστημα ρύθμισης ύψους και ανάκλισης 3 σημείων με δυνατότητα κλειδώματος</li>
<li>Εσωτερικό ανατομικό αφρώδες υλικό στο κάθισμα για άνεση</li>
</ul>"
284741,simple,0603367,5208067217491,"Ταμπουρε υποποδιο Coven",1,0,visible,,"<!DOCTYPE html> <html lang=""el""> <head> <meta charset=""UTF-8""> <title>Ταμπουρέ Υποπόδιο COVEN</title> <style> p { font-size: 1em; line-height: 1.4; margin: 15px 0; } </style> </head> <body> <p>Ανακαλύψτε το ταμπουρέ υποπόδιο COVEN, ένα μοναδικό κομμάτι που συνδυάζει στυλ και λειτουργικότητα για τον σύγχρονο χώρο σας. Το ξεχωριστό καπιτονέ σχέδιο και η ζεστασιά του κεραμιδί υφάσματος δημιουργούν μια κομψή ατμόσφαιρα στο σαλόνι ή την τραπεζαρία σας.</p> <p>Μετατρέψτε αυτό το κομψό ταμπουρέ σε πρακτικό υποπόδιο, extra κάθισμα ή statement έπιπλο - η ευελιξία του το καθιστά απαραίτητο για κάθε χώρο. Η υψηλή ποιότητα κατασκευής και τα ανθεκτικά υλικά εγγυώνται μακροχρόνια απόλαυση, ενώ ο ιδιαίτερος σχεδιασμός του θα γίνει το επίκεντρο της διακόσμησης σας.</p> </body> </html>",,,taxable,,1,8,,0,0,13,65,100,37,1,,,"199,9","Σαλόνι & Καθιστικό",,,https://eboy.gr/app/uploads/sites/2/2026/05/tampoyre-ypopodio-fb9334202-keramidi-yfa.webp,,,,,,,,,0,B2BMarkt,ύψος,"37 εκ.",1,1,πλάτος,"100 εκ.",1,1,μήκος,"65 εκ.",1,1,B2BMarkt,76181,5208067217491,"2026-05-10 00:32:05",B2BMarkt,"<ul>
<li>Κατασκευή από ανθεκτικό ύφασμα υψηλής ποιότητας με ανάγλυφη υφή</li>
<li>Χρήση κεραμιδί βαφής για το ύφασμα, με σταθερή απόδοση χρωματισμού</li>
<li>Ελαφριά κατασκευή με πολύ χαμηλά μαύρα ξύλινα πόδια 4 σημείων στήριξης</li>
<li>Αντιολισθητική λειτουργία λόγω της χαμηλής διάταξης των ποδιών</li>
<li>Καπιτονέ ραφές για ενισχυμένη αντοχή και αισθητική πληρότητα</li>
<li>Ανθεκτική ξύλινη βάση υποστήριξης υψηλής στιβαρότητας</li>
</ul>"
284743,simple,0603366,5208067217507,"Ταμπουρε υποποδιο Coven",1,0,visible,,"<!DOCTYPE html> <html lang=""el""> <head> <meta charset=""UTF-8""> <title>COVEN Ταμπουρέ Υποπόδιο</title> </head> <body> <p>Ανανεώστε το σαλόνι σας με το μοναδικό COVEN Ταμπουρέ Υποπόδιο, μια κομψή επιλογή που συνδυάζει στυλ και άνεση. Το εντυπωσιακό καπιτονέ σχέδιο σε ΠΡΑΣΙΝΟ ανάγλυφο ύφασμα μεταμορφώνει τον χώρο σας σε ένα μοντέρνο καταφύγιο.</p> <p>Επενδύστε σε ένα προϊόν υψηλής αισθητικής που προσφέρει πολλαπλές χρήσεις: ως υποπόδιο για ξεκούραση, επιπλέον κάθισμα ή statement στοιχείο διακόσμησης. Η ποιοτική του κατασκευή εγγυάται μακροχρόνια χρήση και άνεση, ενώ το ξεχωριστό design του θα γίνει το επίκεντρο της προσοχής στο σπίτι σας.</p> </body> </html>",,,taxable,,1,4,,0,0,13,65,100,37,1,,,"199,9","Σαλόνι & Καθιστικό",,,https://eboy.gr/app/uploads/sites/2/2026/05/tampoyre-ypopodio-fb9334204-prasino-yfas.webp,,,,,,,,,0,B2BMarkt,ύψος,"37 εκ.",1,1,πλάτος,"100 εκ.",1,1,μήκος,"65 εκ.",1,1,B2BMarkt,76182,5208067217507,"2026-05-10 00:32:38",B2BMarkt,"<ul>
<li>Κατασκευή από ανθεκτικό, ελαστικό ύφασμα με ανάγλυφη υφή.</li>
<li>Χρήση πράσινου υφάσματος υψηλής ποιότητας για το καπιτονέ φινίρισμα.</li>
<li>Υποστηρίζεται από χαμηλά μεταλλικά πόδια σε μαύρο χρώμα για αυξημένη σταθερότητα.</li>
<li>Εσωτερική δομή με ενισχυμένα στοιχεία για σθεναρή και άνετη χρήση.</li>
<li>Επιφάνεια κατάλληλη για κάθισμα ή τοποθέτηση ποδιών, με μαλακή υφή.</li>
<li>Προσφέρει ευελιξία στη χρήση ως υποπόδιο, επιπλέον κάθισμα ή διακοσμητικό στοιχείο.</li>
</ul>"
284745,simple,9995186,,"Ομπρέλα Cannopy Flower Base",1,0,visible,,"<!DOCTYPE html> <html lang=""el""> <head> <meta charset=""UTF-8""> <title>Προϊόν - Ομπρέλα Cannopy Flower Base</title> </head> <body> <p>Δώστε στυλ και προστασία στον εξωτερικό σας χώρο με την εντυπωσιακή ομπρέλα CANNOPY σε σχήμα λουλουδιού! Αυτή η μοναδική κατασκευή συνδυάζει την υψηλή αισθητική με την άριστη ποιότητα και ανθεκτικότητα.</p> <p>Με ηλεκτροστατική βαφή αλουμινίου και βάση από γρανίτη, η ομπρέλα προσφέρει κομψότητα που αντέχει στη φθορά του χρόνου. Ιδανική για κήπους, πισίνες, ξενοδοχεία ή καφετέριες, δημιουργεί ένα εντυπωσιακό σημείο αναφοράς ενώ παράλληλα παρέχει αποτελεσματική σκιά. Η μοντέρνα της σχεδίαση συνδυάζεται αρμονικά με κάθε περιβάλλον, προσθέτοντας μια ξεχωριστή πινελιά στυλ.</p> </body> </html>",,,taxable,,1,22,,0,0,160,220,238,,1,,,1550,"Κήπος & Εξωτερικός Χώρος",ομπρέλα,,https://eboy.gr/app/uploads/sites/2/2026/05/omprela-me-basi-flower-fb92128601-aloymi.webp,,,,,,,,,0,B2BMarkt,πλάτος,"238 εκ.",1,1,μήκος,"220 εκ.",1,1,,,,,B2BMarkt,76183,,"2026-05-10 00:33:11",B2BMarkt,"<ul>
<li>Κατασκευή από ηλεκτροστατικά βαμμένο αλουμίνιο για αυξημένη αντοχή στη διάβρωση και τις καιρικές συνθήκες.</li>
<li>Επιφάνεια σκίασης από ακρυλικό ύφασμα ανθεκτικό στην ηλιακή ακτινοβολία με διατήρηση αισθητικής.</li>
<li>Μηχανισμός αυτόματου ανοίγματος με gas lift από ανοξείδωτο ατσάλι 304 SS για εύκολη λειτουργία.</li>
<li>Περιστροφή 360 μοιρών για πλήρη κάλυψη σε όλες τις κατευθύνσεις.</li>
<li>Βάση κατασκευασμένη από γρανίτη για αυξημένη σταθερότητα και αντοχή στο χρόνο.</li>
</ul>"
284747,simple,0615476,5208067214179,"Πολυθρόνα τραπεζαρίας Elara",1,0,visible,,"<p>Η ELARA είναι η πολυθρόνα που μεταμορφώνει τον εξωτερικό σας χώρο σε ένα κομψό σαλόνι. Με μοντέρνο σχεδιασμό που συνδυάζει τη φυσική ζεστασιά του teak με την ανθεκτικότητα του αλουμινίου, αποτελεί την ιδανική επιλογή για τους λάτρεις της αισθητικής και της ποιότητας.</p> <p>Απολαύστε στιγμές χαλάρωσης χάρη στον ειδικά σχεδιασμένο αφρό 25D και το ανθεκτικό κάλυμμα OLEFIN που προσφέρουν αξεπέραστη άνεση καθ' όλη τη διάρκεια του χρόνου. Η στιβαρή κατασκευή της επιτρέπει εύκολη αποθήκευση, διατηρώντας πάντα την κομψότητα και πρακτικότητά της.</p>",,,taxable,,1,206,,0,0,3.6,62,56,78,1,,,"99,9","Κήπος & Εξωτερικός Χώρος",πολυθρόνα,,https://eboy.gr/app/uploads/sites/2/2026/05/polythrona-trapezarias-fb9641401-gkri-al.webp,,,,,,,,,0,B2BMarkt,ύψος,"78 εκ.",1,1,πλάτος,"56 εκ.",1,1,μήκος,"62 εκ.",1,1,B2BMarkt,76184,5208067214179,"2026-05-10 00:33:41",B2BMarkt,"<ul>
<li>Σκελετός από αλουμίνιο σκούρο γκρι με ενισχυμένες προδιαγραφές για εξωτερική χρήση.</li>
<li>Πλάτη κατασκευασμένη εξ ολοκλήρου από αλουμίνιο για μέγιστη αντοχή στην υγρασία και τη φθορά.</li>
<li>Μαξιλάρι καθίσματος με κάλυμμα OLEFIN ανθεκτικό στους λεκέδες και την UV ακτινοβολία.</li>
<li>Αφρός 25D υψηλής ελαστικότητας για άνεση και διατήρηση σχήματος.</li>
<li>Διακοσμητικά στοιχεία από ξύλο teak στα μπράτσα για φυσική αισθητική και προστασία.</li>
<li>Στοιβαζόμενη σχεδίαση για εύκολη μεταφορά και αποθήκευση.</li>
</ul>"
284749,simple,0615477,5208067214193,"Πολυθρόνα τραπεζαρίας Elara",1,0,visible,,"<p>Ανακαλύψτε την τέλεια ισορροπία μεταξύ στυλ και λειτουργικότητας με την ELARA, μια πολυθρόνα τραπεζαρίας σχεδιασμένη για τον εξωτερικό χώρο του σπιτιού σας. Με σύγχρονη αισθητική και ανθεκτικά υλικά, αποτελεί ιδανική επιλογή για τους λάτρεις της άνεσης και του design.</p> <p>Η ELARA ξεχωρίζει χάρη στον κομψό σκελετό αλουμινίου σε απόχρωση μπεζ που προσφέρει εξαιρετική αντοχή στις καιρικές συνθήκες. Τα ξύλινα τελειώματα teak στα μπράτσα προσδίδουν μια φυσική ζεστασιά, συνδυάζοντας την αισθητική αξία με την ποιότητα. Το άνετο μαξιλάρι, φτιαγμένο από ανθεκτικό ύφασμα OLEFIN και αφρό υψηλής πυκνότητας, εξασφαλίζει ξεκούραση που διαρκεί. Επιπλέον, η δυνατότητα στοίβαξης καθιστά εύκολη τη μεταφορά και αποθήκευσή της.</p>",,,taxable,,1,111,,0,0,3.6,62,56,78,1,,,"99,9","Κήπος & Εξωτερικός Χώρος",πολυθρόνα,,https://eboy.gr/app/uploads/sites/2/2026/05/polythrona-trapezarias-fb9641405-mpez-al.webp,,,,,,,,,0,B2BMarkt,ύψος,"78 εκ.",1,1,πλάτος,"56 εκ.",1,1,μήκος,"62 εκ.",1,1,B2BMarkt,76185,5208067214193,"2026-05-10 00:34:15",B2BMarkt,"<ul>
<li>Σκελετός από αλουμίνιο μπεζ με ενισχυμένη δομή 40x18x1.2mm για μέγιστη αντοχή στις εξωτερικές συνθήκες</li>
<li>Πλάτη κατασκευασμένη εξ ολοκλήρου από αλουμίνιο για αυξημένη σταθερότητα και διάρκεια ζωής</li>
<li>Μαξιλάρι καθίσματος με κάλυμμα OLEFIN ανθεκτικό στην υγρασία και τον ήλιο, σε μπεζ χρώμα</li>
<li>Αφρός 25D υψηλής πυκνότητας για άνεση και διατήρηση σχήματος</li>
<li>Προδιαγραφές ποδιών που επιτρέπουν εύκολη μετακίνηση στο έδαφος</li>
<li>Στοιβαζόμενη σχεδίαση για εξοικονόμηση χώρου κατά την αποθήκευση</li>
<li>Διακόσμηση με ξύλινα τελειώματα teak στα μπράτσα για φυσική αισθητική</li>
</ul>"
284751,simple,0615478,5208067214230,"Πολυθρόνα Elara",1,0,visible,,"<!DOCTYPE html> <html lang=""el""> <head> <meta charset=""UTF-8""> <title>Πολυθρόνα Elara - Η Τέλεια Επιλογή για τον Εξωτερικό Χώρο</title> </head> <body> <p>Ανακαλύψτε την πολυθρόνα ELARA, το απόλυτο αξεσουάρ για να μεταμορφώσετε τον εξωτερικό σας χώρο. Συνδυάζει αρμονικά τη μοντέρνα αισθητική με την αντοχή στις καιρικές συνθήκες, προσφέροντας έναν κομψό και λειτουργικό καναπέ κήπου.</p> <p>Με ανθεκτικό σκελετό αλουμινίου σε φρέσκο πράσινο χρώμα και ξύλινα στοιχεία teak στα μπράτσα, η ELARA αποτελεί ένα έργο τέχνης στον κήπο ή τη βεράντα σας. Το άνετο μαξιλάρι από υψηλής ποιότητας Olefin ύφασμα σε απαλό μπεζ χρώμα εξασφαλίζει ξεκούραση υψηλών προδιαγραφών, ενώ η δυνατότητα στοίβαξης την καθιστά ιδανική για εύκολη αποθήκευση. Δημιουργήστε το απόλυτο σημείο χαλάρωσης!</p> </body> </html>",,,taxable,,1,40,,0,0,3.6,62,56,78,1,,,"99,9","Κήπος & Εξωτερικός Χώρος",πολυθρόνα,,https://eboy.gr/app/uploads/sites/2/2026/05/polythrona-trapezarias-fb9641406-prasino.webp,,,,,,,,,0,B2BMarkt,ύψος,"78 εκ.",1,1,πλάτος,"56 εκ.",1,1,μήκος,"62 εκ.",1,1,B2BMarkt,76186,5208067214230,"2026-05-10 00:34:48",B2BMarkt,"<ul>
<li>Σκελετός από πράσινο αλουμίνιο με διαστάσεις ποδιών 40x18mm, ανθεκτικός στις εξωτερικές συνθήκες</li>
<li>Πλάτη κατασκευασμένη εξ ολοκλήρου από αλουμίνιο για μέγιστη αντοχή και σταθερότητα</li>
<li>Μαξιλάρι καθίσματος με κάλυμμα OLEFIN σε μπεζ χρώμα, αδιάβροχο και ανθεκτικό στην UV ακτινοβολία</li>
<li>Αφρός 25D υψηλής πυκνότητας για άνεση και μακροχρόνια διατήρηση σχήματος</li>
<li>Δυνατότητα στοίβαξης για εύκολη αποθήκευση και μεταφορά</li>
<li>Τελειώματα από ξύλο teak στα μπράτσα για φυσική αισθητική και προστασία από την υγρασία</li>
</ul>"
284753,simple,0615479,5208067214254,"Πολυθρόνα τραπεζαρίας Elara",1,0,visible,,"<!DOCTYPE html> <html lang=""el""> <head> <meta charset=""UTF-8""> <title>Πολυθρόνα Elara</title> </head> <body> <p>Αναβαθμίστε την αισθητική του εξωτερικού σας χώρου με την πολυθρόνα ELARA, μια κομψή προσθήκη που συνδυάζει τέλεια το μοντέρνο design με την ανθεκτικότητα. Η καινοτόμος κατασκευή από αλουμίνιο σε κεραμιδί τόνο εξασφαλίζει μακροχρόνια αντοχή στις καιρικές συνθήκες, ενώ η ξύλινη λεπτομέρεια στα μπράτσα προσδίδει μοναδική κομψότητα και ζεστασιά στον χώρο σας.</p> <p>Απολαύστε μέγιστη άνεση στο μαξιλάρι υψηλής ποιότητας με το αναπνεύσιμο κάλυμμα Olefin που αντιστέκεται στους λεκέδες. Η πολυθρόνα, σχεδιασμένη για καθημερινή χρήση, είναι παράλληλα έξυπνα κατασκευασμένη ώστε να αποθηκεύεται εύκολα όταν δεν χρησιμοποιείται, προσφέροντας πρακτικότητα χωρίς συμβιβασμούς στην αισθητική.</p> </body> </html>",,,taxable,,1,13,,0,0,3.6,62,56,78,1,,,"99,9","Κήπος & Εξωτερικός Χώρος",πολυθρόνα,,https://eboy.gr/app/uploads/sites/2/2026/05/polythrona-trapezarias-fb9641407-keramid.webp,,,,,,,,,0,B2BMarkt,ύψος,"78 εκ.",1,1,πλάτος,"56 εκ.",1,1,μήκος,"62 εκ.",1,1,B2BMarkt,76187,5208067214254,"2026-05-10 00:35:22",B2BMarkt,"<ul>
<li>Σκελετός από αλουμίνιο με επίστρωση κεραμιδί, ανθεκτικός στις εξωτερικές συνθήκες.</li>
<li>Μαξιλάρι καθίσματος με κάλυμμα OLEFIN σε μπεζ χρώμα και αφρό 25D για άνεση και αντοχή στη χρήση.</li>
<li>Πλάτη κατασκευασμένη εξ ολοκλήρου από αλουμίνιο για μέγιστη σταθερότητα και διάρκεια ζωής.</li>
<li>Διακοσμητικά στοιχεία από ξύλο teak στα μπράτσα, προσφέροντας φυσική αισθητική και προστασία.</li>
<li>Στοιβαζόμενη σχεδίαση για εύκολη αποθήκευση και μεταφορά.</li>
</ul>"
284755,simple,0615482,5208067214216,"Πολυθρόνα τραπεζαρίας Elara",1,0,visible,,"<p>Ανακαλύψτε την πολυθρόνα τραπεζαρίας ELARA - την ιδανική επιλογή για τον εξωτερικό σας χώρο! Συνδυάζει αρμονικά το μοντέρνο design με την ανθεκτικότητα και την άνεση, δημιουργώντας έναν ξεχωριστό χώρο χαλάρωσης. Με σκελετό από αλουμίνιο που αντέχει στις καιρικές συνθήκες και ξύλινα διακοσμητικά στοιχεία teak στα μπράτσα, η ELARA προσφέρει μια κομψή αισθητική που θα αναδείξει κάθε εξωτερικό χώρο.</p> <p>Απολαύστε στιγμές χαλάρωσης χάρη στο μαξιλάρι υψηλής ποιότητας με το ανθεκτικό κάλυμμα OLEFIN σε απαλό μπεζ χρώμα. Η ιδιαίτερη κατασκευή της επιτρέπει την εύκολη αποθήκευση, ενώ οι διαστάσεις 56x62x7 cm εξασφαλίζουν τέλεια εφαρμογή στον κήπο ή τη βεράντα σας. Επιλέξτε την ELARA για ποιότητα, στυλ και μοναδική εμπειρία χαλάρωσης εξωτερικού χώρου.</p>",,,taxable,,1,200,,0,0,3.6,62,56,78,1,,,"99,9","Κήπος & Εξωτερικός Χώρος",πολυθρόνα,,https://eboy.gr/app/uploads/sites/2/2026/05/polythrona-trapezarias-fb9641402-leyko-a.webp,,,,,,,,,0,B2BMarkt,ύψος,"78 εκ.",1,1,πλάτος,"56 εκ.",1,1,μήκος,"62 εκ.",1,1,B2BMarkt,76188,5208067214216,"2026-05-10 00:35:55",B2BMarkt,"<ul>
<li>Σκελετός από αλουμίνιο υψηλής αντοχής με διαστάσεις ποδιών 40x18x1.2mm</li>
<li>Πλάτη κατασκευασμένη εξ ολοκλήρου από αλουμίνιο για αυξημένη σταθερότητα</li>
<li>Μαξιλάρι καθίσματος με κάλυμμα OLEFIN αδιάβροχο και ανθεκτικό στην ηλιακή ακτινοβολία σε μπεζ χρώμα</li>
<li>Αφρός καθίσματος κατηγορίας 25D για βέλτιστη άνεση</li>
<li>Δυνατότητα στοίβαξης για εύκολη αποθήκευση και μεταφορά</li>
<li>Τελείωμα ξύλου teak στα μπράτσα για φυσική αισθητική και προστασία από την υγρασία</li>
</ul>"
284757,simple,9995184,,"Ομπρέλα Cannopy Base",1,0,visible,,"<p>Ανακαλύψτε την ομπρέλα CANNOPY Base - το κομψό καταφύγιο για τον εξωτερικό σας χώρο! Με την απαράμιλλη αισθητική της σε μολυβί απόχρωση και τη στιβαρή βάση γρανίτη, αποτελεί το απόλυτο διακοσμητικό στοιχείο που συνδυάζει λειτουργικότητα και πολυτέλεια.</p> <p>Σχεδιασμένη για να αντέχει στις προκλήσεις του καιρού, η CANNOPY είναι κατασκευασμένη από υψηλής ποιότητας αλουμίνιο με ηλεκτροστατική βαφή. Προσφέρει ολοκληρωμένη προστασία από την ηλιοφάνεια και τις βροχοπτώσεις, ενώ ο μηχανισμός gas lift επιτρέπει εύκολη ρύθμιση ύψους. Ιδανική επιλογή για κάθε εξωτερικό χώρο, όπως κήπους, πισίνες ή επαγγελματικούς χώρους, συνδυάζει άνεση, ανθεκτικότητα και εκλεπτυσμένο στυλ.</p>",,,taxable,,1,24,,0,0,156.5,220,220,,1,,,1450,"Κήπος & Εξωτερικός Χώρος",ομπρέλα,,https://eboy.gr/app/uploads/sites/2/2026/05/omprela-me-basi-fb92128501-aloyminio-gra.webp,,,,,,,,,0,B2BMarkt,πλάτος,"220 εκ.",1,1,μήκος,"220 εκ.",1,1,,,,,B2BMarkt,76189,,"2026-05-10 00:36:27",B2BMarkt,"<ul>
<li>Κατασκευή από ηλεκτροστατικά βαμμένο αλουμίνιο για αυξημένη αντοχή στη διάβρωση και τις καιρικές συνθήκες.</li>
<li>Σκίαστρο από ακρυλικό ύφασμα ανθεκτικό στην ηλιακή ακτινοβολία με διατήρηση αισθητικής.</li>
<li>Μηχανισμός περιστροφής 360° για πλήρη κάλυψη γωνιών.</li>
<li>Αυτόματο υδραυλικό άνοιγμα (gas lift) από ανοξείδωτο ατσάλι 304 για εύκολη και ακριβή ρύθμιση σκίασης.</li>
<li>Βάση από φυσικό γρανίτη με αντοχή έως 120kg.</li>
<li>Μολυβί ηλεκτροστατική βαφή για προστασία του μεταλλικού μέρους.</li>
</ul>"
284759,simple,9995187,,"Ομπρέλα Cannopy Flower",1,0,visible,,"<p>Ανακαλύψτε την ομπρέλα Cannopy Flower - μια κομψή προσθήκη στον εξωτερικό σας χώρο! Με κομψό λουλουδένιο σχήμα και λευκή απόχρωση που μαγνητίζει το βλέμμα, μεταμορφώνει κάθε χώρο σε ένα μοναδικό σημείο εστίασης. Η στιβαρή κατασκευή από αλουμίνιο υψηλής ποιότητας και η βάση γρανίτη εγγυώνται μακροχρόνια αντοχή στις καιρικές συνθήκες.</p> <p>Χαρίστε στον κήπο σας, την πισίνα ή τον επαγγελματικό σας χώρο μια αισθητική πινελιά πολυτέλειας. Η CANNOPY Flower συνδυάζει άψογα τη λειτουργικότητα με το στυλ, προσφέροντας σκιά όπου χρειάζεται ενώ παράλληλα αποτελεί ένα εντυπωσιακό διακοσμητικό στοιχείο. Ιδανική επιλογή για όσους αναζητούν τόσο ποιότητα όσο και μοναδική αισθητική στον εξωτερικό τους χώρο.</p>",,,taxable,,1,25,,0,0,160,220,238,,1,,,1550,"Κήπος & Εξωτερικός Χώρος",ομπρέλα,,https://eboy.gr/app/uploads/sites/2/2026/05/omprela-me-basi-flower-fb92128602-aloymi.webp,,,,,,,,,0,B2BMarkt,πλάτος,"238 εκ.",1,1,μήκος,"220 εκ.",1,1,,,,,B2BMarkt,76190,,"2026-05-10 00:36:58",B2BMarkt,"<ul>
<li>Κατασκευή από ηλεκτροστατικά βαμμένο αλουμίνιο για αντοχή στη διάβρωση και τις καιρικές συνθήκες</li>
<li>Επιφάνεια από ακρυλικό ύφασμα υψηλής αντοχής στην ηλιακή ακτινοβολία</li>
<li>Μηχανισμός περιστροφής 360 μοιρών για πλήρη κάλυψη του χώρου</li>
<li>Αυτόματο υδραυλικό άνοιγμα με μηχανισμό gas lift από ανοξείδωτο ατσάλι 304 ss</li>
<li>Βάση κατασκευασμένη από φυσικό γρανίτη για σταθερή τοποθέτηση</li>
</ul>"
284761,simple,0615480,5208067214278,"Τραπέζι σαλονιού Sympo",1,0,visible,,"<!DOCTYPE html> <html lang=""el""> <head> <meta charset=""UTF-8""> <title>Τραπέζι SYMPO</title> </head> <body> <p>Αναβαθμίστε το εξωτερικό σας χώρο με το μοντέρνο τραπέζι SYMPO, που συνδυάζει την πρακτικότητα με τον κομψό σχεδιασμό. Κατασκευασμένο από ανθεκτικό αλουμίνιο σε γκρι απόχρωση, προσφέρει υψηλή ποιότητα και διαχρονικό στυλ.</p> <p>Το επεκτεινόμενο σχέδιο του ταιριάζει ιδανικά στις ανάγκες κάθε κοινωνικής συγκέντρωσης, ενώ οι αρμονικές καμπύλες του προσδίδουν μια κομψή νότα στον κήπο ή τη βεράντα σας. Η minimal αισθητική του εναρμονίζεται άψογα με φυσικά περιβάλλοντα, δημιουργώντας έναν όμορφο χώρο χαλάρωσης για εσάς και τους αγαπημένους σας.</p> </body> </html>",,,taxable,,1,12,,0,0,48.1,100,300,75,1,,,800,"Κήπος & Εξωτερικός Χώρος",τραπέζι,,https://eboy.gr/app/uploads/sites/2/2026/05/trapezi-epekteinomeno-fb9641501-gkri-alo.webp,,,,,,,,,0,B2BMarkt,ύψος,"75 εκ.",1,1,πλάτος,"300 εκ.",1,1,μήκος,"100 εκ.",1,1,B2BMarkt,76191,5208067214278,"2026-05-10 00:37:29",B2BMarkt,"<ul>
<li>Κατασκευή από ανοδιωμένο αλουμίνιο γκρι χρώματος με αντοχή στις καιρικές συνθήκες.</li>
<li>Επιφάνεια με λεπτό φινίρισμα ""γραμμών"" στο μέταλλο πάχους 2.5mm.</li>
<li>Επεκτάσιμο σχέδιο με δυνατότητα προσαρμογής μήκους από 220εκ έως 300εκ.</li>
<li>Διατομή ποδιών από αλουμίνιο διαστάσεων 70x50x1.35mm για αυξημένη σταθερότητα.</li>
<li>Λιτός σχεδιασμός με καμπυλωμένες γωνίες για μοντέρνο αισθητικό αποτέλεσμα.</li>
</ul>"
284763,simple,0615481,5208067214285,"Τραπέζι σαλονιού Sympo",1,0,visible,,"<!DOCTYPE html> <html lang=""el""> <head> <meta charset=""UTF-8""> <title>Τραπέζι Σαλονιού SYMPO</title> <style> body { font-family: 'Segoe UI', Arial, sans-serif; } .container { max-width: 600px; margin: 40px auto; } </style> </head> <body class=""container""> <p>Μεταμορφώστε τον εξωτερικό σας χώρο με το SYMPO, ένα εκλεπτυσμένο επεκτεινόμενο τραπέζι σαλονιού από ανθεκτικό αλουμίνιο σε κομψό μπεζ τόνο. Ο minimal σχεδιασμός του με τις προσεγμένες καμπύλες και την ιδιαίτερη υφές στην επιφάνεια, συνδυάζει λειτουργικότητα και αισθητική με μοναδικό τρόπο.</p> <p>Ιδανικό για στιγμές χαλάρωσης με φίλους ή οικογένεια, το SYMPO προσαρμόζεται στις ανάγκες σας - επεκτεινόμενο όταν χρειάζεται περισσότερος χώρος και συμπαγές όταν δεν τον χρειάζεστε. Η επιλογή αυτή θα αναβαθμίσει αισθητικά κάθε εξωτερικό χώρο, προσφέροντας ένα κομψό σημείο συνάντησης που συνδυάζει ποιότητα, αντοχή και στυλ.</p> </body> </html>",,,taxable,,1,4,,0,0,38.8,100,300,75,1,,,800,"Κήπος & Εξωτερικός Χώρος",τραπέζι,,https://eboy.gr/app/uploads/sites/2/2026/05/trapezi-epekteinomeno-fb9641505-mpez-alo.webp,,,,,,,,,0,B2BMarkt,ύψος,"75 εκ.",1,1,πλάτος,"300 εκ.",1,1,μήκος,"100 εκ.",1,1,B2BMarkt,76192,5208067214285,"2026-05-10 00:37:58",B2BMarkt,"<ul>
<li>Κατασκευή από ανοδιωμένο αλουμίνιο σε μπεζ χρώμα με πάχος 2.5mm στην επιφάνεια</li>
<li>Καμπυλωμένο προφίλ ποδιών διαστάσεων 70x50x1.35mm για αυξημένη σταθερότητα</li>
<li>Επεκτάσιμο σχεδιασμό που επιτρέπει προσαρμογή μήκους από 220-300cm</li>
<li>Αισθητική επιφάνεια με διακριτικές ""γραμμές"" στο υλικό του αλουμινίου</li>
<li>Ανθεκτικό φινίρισμα κατάλληλο για εξωτερική χρήση</li>
<li>Βάθος ποδιών 75mm για επαρκή στήριξη και σταθερότητα</li>
</ul>"
284765,simple,0535693,5208067182492,"Τραπέζι σαλονιού Pirson",1,0,visible,,"<p>Ανακαλύψτε το απόλυτο διακοσμητικό statement στο σαλόνι σας με το μοναδικό Τραπέζι Pirson! Ένα αληθινό αριστούργημα σύγχρονης αισθητικής, σχεδιασμένο για να μεταμορφώσει τον χώρο σας. Η καθαρή γραμμή και η στρογγυλή του φόρμα δημιουργούν μια αίσθηση κομψότητας που συνδυάζει αρμονικά λειτουργικότητα και τέχνη.</p> <p>Κατασκευασμένο από υψηλής ποιότητας Fiber Cement σε διαχρονικό λευκό χρώμα, το τραπέζι Pirson αναδεικνύεται ως ιδανική επιλογή τόσο για κατοικίες όσο και για επαγγελματικούς χώρους φιλοξενίας. Η ανθεκτικότητά του και η ευκολία συντήρησής του το καθιστούν εξαιρετική επένδυση για το μέλλον. Διαθέτοντας εκλεπτυσμένη παρουσία με τις διακριτικές του αναλογίες (Φ60x36Y εκ.), συμπληρώνει κάθε διακόσμηση ενώ παράλληλα προσφέρει πρακτικότητα στην καθημερινή χρήση.</p>",,,taxable,,1,22,,0,0,27.2,60,60,36,1,,,"149,9","Σαλόνι & Καθιστικό",τραπέζι,,https://eboy.gr/app/uploads/sites/2/2026/05/trapezi-salonioy-fb91815502-fiber-cement.webp,,,,,,,,,0,B2BMarkt,ύψος,"36 εκ.",1,1,πλάτος,"60 εκ.",1,1,μήκος,"60 εκ.",1,1,B2BMarkt,76193,5208067182492,"2026-05-10 00:38:27",B2BMarkt,"<ul>
<li>Κατασκευή από Fiber Cement ενισχυμένο με ίνες κυτταρίνης, υλικό ανθεκτικό στη σήψη και το νερό.</li>
<li>Λευκό φινίρισμα υψηλής αντοχής στις περιβαλλοντικές συνθήκες.</li>
<li>Ανθεκτικότητα σε έντομα και παράσιτα.</li>
<li>Μη εύφλεκτο υλικό για αυξημένη ασφάλεια.</li>
<li>Εύκολη συντήρηση με ελάχιστη φροντίδα καθαρισμού.</li>
<li>Σταθερή στρογγυλή επιφάνεια διαμέτρου 60 εκ. με ενισχυμένη βάση διαμέτρου 34,5 εκ.</li>
<li>Συνολικό βάρος: 25 kg</li>
</ul>"
284767,simple,0613381,5208067212298,"Καρέκλα γραφείου Sonty",1,0,visible,,"<!DOCTYPE html> <html lang=""el""> <head> <meta charset=""UTF-8""> </head> <body> <p>Αναβαθμίστε την εμπειρία εργασίας με την καρέκλα γραφείου SONTY, τον τέλειο συνδυασμό λειτουργικότητας και στυλ. Σχεδιασμένη για να προσφέρει απόλυτη άνεση κατά τη διάρκεια της ημέρας, υποστηρίζει σωστά τη σπονδυλική στήλη χάρη στην προσεγμένη εργονομία της. Η υψηλής ποιότητας κατασκευή της εξασφαλίζει αντοχή στο χρόνο, ενώ η κομψή της γραμμή μεταμορφώνει κάθε επαγγελματικό χώρο σε ένα περιβάλλον κομψότητας.</p> <p>Η επιλογή της καρέκλας SONTY είναι μια επένδυση που συνδυάζει την επαγγελματική υπεροχή με την άνεση. Προσφέρει μια μοναδική εμπειρία χαλάρωσης, διατηρώντας παράλληλα το στυλ και την αξιοπιστία που αναζητάτε για το γραφείο σας.</p> </body> </html>",,,taxable,,1,27,,0,0,20.4,68,64,117,1,,,"129,9",Γραφείο,καρέκλα,,https://eboy.gr/app/uploads/sites/2/2026/05/karekla-grafeioy-fb91835401-mayro-pu-der.webp,,,,,,,,,0,B2BMarkt,ύψος,"117 εκ.",1,1,πλάτος,"64 εκ.",1,1,μήκος,"68 εκ.",1,1,B2BMarkt,76195,5208067212298,"2026-05-10 00:38:56",B2BMarkt,"<ul>
<li>Επένδυση καθίσματος και πλάτης με ανάγλυφο PU δέρμα υψηλής ποιότητας σε μαύρο χρώμα</li>
<li>Ανατομικό αφρώδες υλικό στο κάθισμα και το προσκέφαλο για μέγιστη άνεση</li>
<li>Σταθερά μπράτσα από PU δέρμα μαύρου χρώματος με ενσωματωμένη στήριξη χεριών</li>
<li>Βάση 5-νυχη διαμέτρου Φ35εκ από χρωμιωμένο μέταλλο για αυξημένη σταθερότητα</li>
<li>Ροδάκια με επίστρωση πολυουρεθάνης για ομαλή και αθόρυβη κίνηση</li>
<li>Σύστημα ανάρτησης Class 3 Χρωμίου για απορρόφηση κραδασμών</li>
<li>Ηλεκτρική ρύθμιση ύψους και ανάκλισης 3 θέσεων</li>
</ul>"
284769,simple,0613382,5208067212304,"Καρεκλα γραφειου Sonty",1,0,visible,,"<p>Αναβαθμίστε το επαγγελματικό σας περιβάλλον με την καρέκλα γραφείου SONTY - την ιδανική επιλογή για όσους αναζητούν τον τέλειο συνδυασμό λειτουργικότητας και στυλ. Η SONTY δεν είναι απλά μια καρέκλα, αλλά ένα εμβληματικό κομμάτι που μεταμορφώνει κάθε χώρο εργασίας.</p> <p>Με έμφαση στην εργονομία και την κομψότητα, η συγκεκριμένη καρέκλα αποτελεί επένδυση ποιότητας στον προσωπικό σας χώρο γραφείου. Προσφέρει απαράμιλλη άνεση κατά τη διάρκεια μακροχρόνιων εργασιών, ενώ η κομψή της σχεδίαση προσδίδει κύρος στο επαγγελματικό περιβάλλον. Η επιλογή της SONTY σημαίνει επιλογή ενός προϊόντος που συνδυάζει την προηγμένη τεχνολογία με την αισθητική αρτιότητα, δημιουργώντας μια μοναδική εμπειρία εργασίας.</p>",,,taxable,,1,15,,0,0,20.4,68,64,117,1,,,"129,9",Γραφείο,καρέκλα,,https://eboy.gr/app/uploads/sites/2/2026/05/karekla-grafeioy-fb91835402-mpez-pu-derm.webp,,,,,,,,,0,B2BMarkt,ύψος,"117 εκ.",1,1,πλάτος,"64 εκ.",1,1,μήκος,"68 εκ.",1,1,B2BMarkt,76196,5208067212304,"2026-05-10 00:39:26",B2BMarkt,"<ul>
<li>Επένδυση καθίσματος και πλάτης με ανάγλυφο PU δέρμα σε μπεζ χρώμα</li>
<li>Ανατομικό αφρώδες υλικό στο κάθισμα και το προσκέφαλο για αυξημένη άνεση</li>
<li>Σταθερά μπράτσα από PU δέρμα σε μπεζ χρωματισμό</li>
<li>Βάση 5-νυχη διαμέτρου Φ35εκ από χρωμιωμένο μέταλλο</li>
<li>Ροδάκια με επίστρωση πολυουρεθάνης για ομαλή κίνηση</li>
<li>Σύστημα ανάρτησης Class 3 από χρώμιο για σταθερότητα</li>
<li>Ηλεκτρική ρύθμιση ύψους και ανάκλισης 3 σημείων</li>
</ul>"
284771,simple,0613383,5208067212311,"Καρέκλα γραφείου Sonty",1,0,visible,,"<p>Η καρέκλα γραφείου SONTY αποτελεί την ιδανική επιλογή για όσους αναζητούν τον τέλειο συνδυασμό λειτουργικότητας και κομψότητας. Με τη μοναδική της σχεδίαση, μεταμορφώνει κάθε επαγγελματικό χώρο σε ένα περιβάλλον υψηλής αισθητικής και άνεσης. Η προσεγμένη κατασκευή από ανθεκτικά υλικά εξασφαλίζει μακροχρόνια χρήση χωρίς συμβιβασμούς στην ποιότητα.</p> <p>Απολαύστε εργονομική στήριξη που ενισχύει την παραγωγικότητα καθ' όλη τη διάρκεια της ημέρας. Η επιλογή του ανοιχτού γκρι αποπνέει επαγγελματισμό και κομψότητα, δημιουργώντας μια αρμονική ατμόσφαιρα στο γραφείο σας. Επενδύστε σε μια καρέκλα που συνδυάζει την άνεση με το κύρος - η SONTY είναι η έξυπνη επιλογή για κάθε απαιτητικό επαγγελματία.</p>",,,taxable,,1,17,,0,0,20.4,68,64,117,1,,,"129,9",Γραφείο,καρέκλα,,https://eboy.gr/app/uploads/sites/2/2026/05/karekla-grafeioy-fb91835410-anoichto-gkr.webp,,,,,,,,,0,B2BMarkt,ύψος,"117 εκ.",1,1,πλάτος,"64 εκ.",1,1,μήκος,"68 εκ.",1,1,B2BMarkt,76197,5208067212311,"2026-05-10 00:39:55",B2BMarkt,"<ul>
<li>Επένδυση με ανάγλυφο PU δέρμα υψηλής ποιότητας σε Ανοιχτό Γκρι χρώμα</li>
<li>Ανατομικό κάθισμα και ψηλή πλάτη με προσκέφαλο από αφρώδες υλικό</li>
<li>Σταθερά μπράτσα με επένδυση από PU δέρμα στην ίδια χρωματική παλέτα</li>
<li>Βάση 5-νυχη διαμέτρου Φ35εκ από χρωμιωμένο μέταλλο υψηλής αντοχής</li>
<li>Ροδάκια με επίστρωση πολυουρεθάνης για ομαλή κύλιση</li>
<li>Σύστημα ανάρτησης Class 3 από χρώμιο για ενισχυμένη σταθερότητα</li>
<li>Μηχανισμός ρύθμισης ύψους</li>
</ul>"
284773,simple,9995185,,"Ομπρέλα Cannopy",1,0,visible,,"<p>Παρουσιάζουμε το CANNOPY, μια ομπρέλα εξωτερικού χώρου που μεταμορφώνει τους εξωτερικούς σας χώρους σε σημεία απόλαυσης. Με τη μοναδική αισθητική της και την κορυφαία ποιότητα κατασκευής, αποτελεί το ιδανικό αξεσουάρ για τον κήπο, την πισίνα ή τον επαγγελματικό σας χώρο.</p> <p>Η σύγχρονη γραμμή της συνδυάζεται άψογα με τη στιβαρή κατασκευή από αλουμίνιο υψηλής αντοχής, προσφέροντας απόλυτη προστασία από τις καιρικές συνθήκες. Το κομψό design σε λευκό χρώμα, μαζί με τη βάση γρανίτη και τον καινοτόμο μηχανισμό gas lift, δημιουργούν μια κομψή παρουσία που ταιριάζει σε κάθε χώρο.</p>",,,taxable,,1,24,,0,0,440.5,220,220,,1,,,1450,"Κήπος & Εξωτερικός Χώρος",ομπρέλα,,https://eboy.gr/app/uploads/sites/2/2026/05/omprela-me-basi-fb92128502-aloyminio-gra.webp,,,,,,,,,0,B2BMarkt,πλάτος,"220 εκ.",1,1,μήκος,"220 εκ.",1,1,,,,,B2BMarkt,76198,,"2026-05-10 00:40:25",B2BMarkt,"<ul>
<li>Κατασκευή από ηλεκτροστατικά βαμμένο αλουμίνιο για αυξημένη αντοχή στη διάβρωση</li>
<li>Πλαίσιο με μηχανισμό gas lift από ανοξείδωτο ατσάλι 304 (SS) για αυτόματο και ακριβές άνοιγμα</li>
<li>Υφασμάτινο σκίαστρο από ακρυλικό υλικό ανθεκτικό στην ηλιακή ακτινοβολία</li>
<li>Βάση στήριξης από φυσικό γρανίτη βάρους 120kg για σταθερή τοποθέτηση</li>
<li>Περιστροφή 360 μοιρών για πλήρη κάλυψη του χώρου</li>
<li>Φινίρισμα σε λευκό χρώμα με ηλεκτροστατική βαφή (powder coating) για μακροχρόνια προστασία</li>
</ul>"
284775,simple,0613094,5208067205221,"Σαλόνι Stream",1,0,visible,,"<p>Μεταμορφώστε τον εξωτερικό σας χώρο σε έναν προσωπικό παράδεισο χαλάρωσης με το Σαλόνι Stream! Ετοιμαστείτε να απολαύσετε μοναδικές στιγμές στο μπαλκόνι, τη βεράντα ή τον κήπο σας, δημιουργώντας ένα αριστούργημα μοντέρνας αισθητικής. Το σετ σαλονιού Stream ξεχωρίζει για την πολυτέλεια και την ανθεκτικότητα του, προσφέροντας την τέλεια σύνθεση μεταξύ στυλ και πρακτικότητας.</p> <p>Χαρίστε στον εαυτό σας και τους αγαπημένους σας στιγμές χαλάρωσης σε έναν χώρο που συνδυάζει κομψότητα και άνεση. Το σαλόνι αυτό είναι σχεδιασμένο για να αντέχει στις καιρικές συνθήκες, διατηρώντας πάντα την ομορφιά του. Δημιουργήστε μια ατμόσφαιρα πολυτέλειας με τα προσεκτικά επιλεγμένα κομμάτια, μετατρέποντας τον εξωτερικό σας χώρο στο αγαπημένο σημείο συνάντησης της ημέρας.</p>",,,taxable,,1,5,,0,0,87.1,81,224,85,1,,,1575,"Κήπος & Εξωτερικός Χώρος",τραπέζι,,https://eboy.gr/app/uploads/sites/2/2026/05/set-saloni-5tmch-fb9642601-anthraki-aloy.webp,,,,,,,,,0,B2BMarkt,ύψος,"85 εκ.",1,1,πλάτος,"224 εκ.",1,1,μήκος,"81 εκ.",1,1,B2BMarkt,76200,5208067205221,"2026-05-10 00:40:55",B2BMarkt,"<ul>
<li>Σκελετός από αλουμίνιο με ηλεκτροστατική βαφή υψηλής αντοχής σε ανθρακί χρώμα.</li>
<li>Πλέξη καθισμάτων: ανθεκτικό σχοινί Strap σε ανθρακί απόχρωση.</li>
<li>Μαξιλάρια με αφαιρούμενα καλύμματα από Olefin ύφασμα, εύκολα στο καθάρισμα.</li>
<li>Επιφάνειες τραπεζιών από 3D printed glass με ανθεκτική κατασκευή.</li>
<li>Μπράτσα κατασκευασμένα από φυσικό ξύλο Teak με φυσική αντοχή στη φθορά.</li>
</ul>"
284777,simple,0613095,5208067205252,"Σετ σαλονιού Stream",1,0,visible,,"<p>Αναβαθμίστε τη διακόσμηση του εξωτερικού σας χώρου με το σετ σαλονιού Stream - την ιδανική επιλογή για στιγμές χαλάρωσης στην αυλή ή τη βεράντα. Δημιουργήστε ένα κομψό περιβάλλον που συνδυάζει άνεση και στυλ, φέρνοντας την αίσθηση ενός elegant καθιστικού στον κήπο σας.</p> <p>Το STREAM συνδυάζει καλαίσθητες γραμμές σε κρεμ αποχρώσεις με διακριτικές πινελιές μπεζ, προσφέροντας μια αρμονική σύνθεση που ταιριάζει σε κάθε εξωτερικό χώρο. Η ποιότητα των υλικών και η ανθεκτική κατασκευή του το καθιστούν ιδανική επιλογή για μακροχρόνια χρήση. Ζήστε μοναδικές στιγμές με τους αγαπημένους σας, απολαμβάνοντας την ομορφιά ενός προσεκτικά σχεδιασμένου εξωτερικού καθιστικού.</p>",,,taxable,,1,5,,0,0,87.1,81,224,85,1,,,1575,"Κήπος & Εξωτερικός Χώρος",τραπέζι,,https://eboy.gr/app/uploads/sites/2/2026/05/set-saloni-5tmch-fb9642602-krem-aloymini.webp,,,,,,,,,0,B2BMarkt,ύψος,"85 εκ.",1,1,πλάτος,"224 εκ.",1,1,μήκος,"81 εκ.",1,1,B2BMarkt,76201,5208067205252,"2026-05-10 00:41:25",B2BMarkt,"<ul>
<li>Σκελετός από αλουμίνιο με ηλεκτροστατική βαφή υψηλής αντοχής σε κρεμ χρώμα.</li>
<li>Πλέξη από ανθεκτικό σχοινί strap σε μπεζ απόχρωση για εξωτερική χρήση.</li>
<li>Μαξιλάρια με αφαιρούμενα καλύμματα από Olefin ύφασμα, αδιάβροχα και ανθεκτικά στην UV ακτινοβολία.</li>
<li>Επιφάνειες τραπεζιών από 3D printed γυαλί (Tempered Glass) με αντιχαρακτική προστασία σε ανοιχτό γκρι χρώμα.</li>
<li>Μπράτσα κατασκευασμένα από φυσικό ξύλο Teak, επεξεργασμένο για εξωτερική χρήση με φυσική αντοχή στο χρόνο.</li>
</ul>"
284779,simple,0613384,5208067212328,"Καρεκλα γραφειου Teeter",1,0,visible,,"<!DOCTYPE html> <html lang=""el""> <head> <meta charset=""UTF-8""> <title>Καρέκλα Γραφείου TEETER</title> </head> <body> <p>Αναβαθμίστε το επαγγελματικό σας περιβάλλον με την καρέκλα γραφείου TEETER - την επιτομή του στυλ και της άνεσης. Κάθε λεπτομέρεια σε αυτή την premium καρέκλα έχει σχεδιαστεί προσεκτικά για να προσφέρει μοναδική εμπειρία εργασίας, συνδυάζοντας αριστοτεχνικά λειτουργικότητα και κομψότητα.</p> <p>Με εκλεπτυσμένη αισθητική που εντυπωσιάζει και αντοχή που διαρκεί, η TEETER μεταμορφώνει τον χώρο σας σε ένα μοντέρνο γραφείο. Η πολυτελής εμφάνιση από υψηλής ποιότητας PU leather εγγυάται άνεση καθ' όλη τη διάρκεια της ημέρας, ενώ το διαχρονικό design την καθιστά ιδανική επιλογή για κάθε επαγγελματία που αναζητά την απόλυτη ισορροπία μεταξύ στυλ και πρακτικής χρήσης.</p> </body> </html>",,,taxable,,1,14,,0,0,17.5,66,67,121,1,,,"124,9",Γραφείο,καρέκλα,,https://eboy.gr/app/uploads/sites/2/2026/05/karekla-grafeioy-fb91835501-mayro-pu-der.webp,,,,,,,,,0,B2BMarkt,ύψος,"121 εκ.",1,1,πλάτος,"67 εκ.",1,1,μήκος,"66 εκ.",1,1,B2BMarkt,76213,5208067212328,"2026-05-10 00:41:52",B2BMarkt,"<ul>
<li>Κατασκευή από ανθεκτικό PU leather υψηλής ποιότητας με αίσθηση δέρματος και εύκολη συντήρηση.</li>
<li>5-άκτινη χρωμιωμένη μεταλλική βάση για μέγιστη σταθερότητα και αντοχή στη χρήση.</li>
<li>Απαλή στην αφή επιφάνεια με ενισχυμένη ανθεκτικότητα σε καθημερινή επαγγελματική χρήση.</li>
<li>Στιβαρή συναρμολόγηση που εξασφαλίζει μακροχρόνια λειτουργία και αξιοπιστία.</li>
<li>Εκλεπτυσμένο φινίρισμα που προσδίδει κύρος στον επαγγελματικό χώρο.</li>
</ul>"
284781,simple,0535714,5208067182706,"Βοηθητικό τραπέζι Perral",1,0,visible,,"<p>Ανακαλύψτε το μοναδικό τραπεζάκι Perral, έναν κομψό συνδυασμό design και πρακτικότητας για τους εσωτερικούς χώρους σας. Το στρογγυλό του σχήμα σε στυλ ανάποδου κώνου, διακοσμημένο με φυσικό Rattan στη βάση, δημιουργεί μια αρμονική ατμόσφαιρα σε κάθε δωμάτιο. Κατασκευασμένο από υψηλής ποιότητας Fiber Cement στο διακριτικό γκρι χρώμα που ταιριάζει αρμονικά σε κάθε χώρο.</p> <p>Ιδανικό για το σπίτι αλλά και επαγγελματικούς χώρους (ξενοδοχεία, AirBnB), το Perral προσφέρει έναν ξεχωριστό τρόπο να αναδείξετε την αισθητική σας ενώ παρέχει πρακτικότητα. Με διαστάσεις που εξασφαλίζουν άνετη χρήση χωρίς να καταλαμβάνουν υπερβολικό χώρο, αποτελεί την τέλεια επιλογή για όσους αναζητούν την ισορροπία μεταξύ στυλ και λειτουργικότητας.</p>",,,taxable,,1,19,,0,0,9.3,42,42,36,1,,,"109,9","Σαλόνι & Καθιστικό",τραπέζι,,https://eboy.gr/app/uploads/sites/2/2026/05/trapezi-boithitiko-fb91816403s-fiber-cem.webp,,,,,,,,,0,B2BMarkt,ύψος,"36 εκ.",1,1,πλάτος,"42 εκ.",1,1,μήκος,"42 εκ.",1,1,B2BMarkt,76214,5208067182706,"2026-05-10 00:42:21",B2BMarkt,"<ul>
<li>Κατασκευή από Fiber Cement ενισχυμένο με ίνες κυτταρίνης για αυξημένη αντοχή και ανθεκτικότητα στη σήψη, το νερό και τα έντομα.</li>
<li>Φυσική επιφάνεια Rattan στην βάση που προσφέρει αισθητικό αποτέλεσμα και φυσική αίσθηση στο χώρο.</li>
<li>Μονόχρωμη βαφή σε γκρι απόχρωση του Fiber Cement.</li>
<li>Στρογγυλό σχήμα με σχεδιασμό ανάποδου κώνου για βέλτιστη σταθερότητα.</li>
<li>Προϊόν χαμηλής συντήρησης με ανθεκτικό φινίρισμα κατάλληλο για εσωτερικούς χώρους.</li>
</ul>"
284783,simple,0613385,5208067212335,"Καρεκλα γραφειου Teeter",1,0,visible,,"<!DOCTYPE html> <html lang=""el""> <head> <meta charset=""UTF-8""> <title>Καρέκλα Γραφείου TEETER</title> </head> <body> <p>Αναβαθμίστε το χώρο εργασίας σας με την premium καρέκλα γραφείου TEETER - την επιτομή του στυλ και της άνεσης. Απολαύστε μια μοναδική εμπειρία καθίσματος που συνδυάζει άψογη αισθητική με απαράμιλλη ποιότητα.</p> <p>Η TEETER δεν είναι απλά μια καρέκλα, αλλά ένα σύμβολο επαγγελματικής αριστείας. Με το εκλεπτυσμένο design της και την premium κατασκευή της, μεταμορφώνει κάθε εργασιακό περιβάλλον σε χώρο έμπνευσης και αποτελεσματικότητας. Η κομψή της παρουσία και η εξαιρετική άνεση που προσφέρει, εξασφαλίζουν ότι θα αποτελέσει το επίκεντρο του γραφείου σας.</p> </body> </html>",,,taxable,,1,19,,0,0,17.5,66,67,121,1,,,"124,9",Γραφείο,καρέκλα,,https://eboy.gr/app/uploads/sites/2/2026/05/karekla-grafeioy-fb91835510-gkri-pu-derm.webp,,,,,,,,,0,B2BMarkt,ύψος,"121 εκ.",1,1,πλάτος,"67 εκ.",1,1,μήκος,"66 εκ.",1,1,B2BMarkt,76215,5208067212335,"2026-05-10 00:42:52",B2BMarkt,"<ul>
<li>Κατασκευή από PU leather υψηλής ποιότητας για αντοχή και εύκολη συντήρηση</li>
<li>5-άκτινη μεταλλική βάση χρωμίου με έμφαση στη σταθερότητα</li>
<li>Απαλή στην αφή επιφάνεια με ανθεκτικότητα σε καθημερινή χρήση</li>
<li>Στιβαρή συναρμολόγηση υλικών για μακροχρόνια διάρκεια ζωής</li>
<li>Εκλεπτυσμένη αισθητική με premium φινίρισμα</li>
</ul>"
284785,simple,0613386,5208067212342,"Καρέκλα γραφείου Teeter",1,0,visible,,"<p>Αναβαθμίστε τον επαγγελματικό σας χώρο με την TEETER, μια καρέκλα γραφείου που συνδυάζει άψογα την άνεση, την αισθητική και την ποιότητα. Η μοναδική της σχεδίαση ξεχωρίζει σε κάθε σύγχρονο γραφείο, προσδίδοντας κύρος και στυλ.</p> <p>Η premium κατασκευή και η εξαιρετική επιλογή υλικών δημιουργούν ένα κάθισμα που όχι μόνο υποστηρίζει τέλεια τη σπονδυλική στήλη, αλλά αποτελεί και σημείο αναφοράς για κάθε χώρο εργασίας. Εμπιστευτείτε την TEETER και απολαύστε μια καθηλωτική εμπειρία καθίσματος που θα σας συνοδεύσει σε ατελείωτες ώρες δημιουργικότητας.</p>",,,taxable,,1,18,,0,0,17.5,66,67,121,1,,,"124,9",Γραφείο,καρέκλα,,https://eboy.gr/app/uploads/sites/2/2026/05/karekla-grafeioy-fb91835502-mpez-pu-derm.webp,,,,,,,,,0,B2BMarkt,ύψος,"121 εκ.",1,1,πλάτος,"67 εκ.",1,1,μήκος,"66 εκ.",1,1,B2BMarkt,76216,5208067212342,"2026-05-10 00:43:23",B2BMarkt,"<ul>
<li>Κατασκευή από υψηλής ποιότητας PU leather με αίσθηση και εμφάνιση δέρματος</li>
<li>Απαλή στην αφή επιφάνεια με ανθεκτικότητα στη καθημερινή χρήση</li>
<li>5-άκτινη χρωμιωμένη μεταλλική βάση για μέγιστη σταθερότητα</li>
<li>Στιβαρή συναρμολόγηση υλικών για μακροχρόνια αντοχή</li>
<li>Εύκολο καθάρισμα και συντήρηση της επιφάνειας PU leather</li>
<li>Προσφέρει premium αισθητική και αίσθηση πολυτέλειας</li>
</ul>"
284787,simple,0613390,5208067212380,"Καρεκλα γραφειου Bekker",1,0,visible,,"<p>Εμπνευσμένη από τις πολυτελείς δερμάτινες πολυθρόνες, η καρέκλα γραφείου BEKKER συνδυάζει άψογα την υψηλή αισθητική με την εργονομική άνεση. Δημιουργήστε έναν επαγγελματικό χώρο που εμπνέει σεβασμό και επαγγελματισμό, επενδύοντας σε ένα κάθισμα που υπερβαίνει τα απλά πρότυπα γραφείου.</p> <p>Με την BEKKER κάθε ώρα εργασίας μετατρέπεται σε μια μοναδική εμπειρία. Η εξαιρετική ποιότητα κατασκευής και ο μοναδικός σχεδιασμός της προσδίδουν κύρος στο περιβάλλον σας, ενώ η αναπαυτική θέση εξασφαλίζει μέγιστη άνεση κατά τις μακρές ώρες δουλειάς. Ετοιμαστείτε να ξεχωρίσετε με ένα έπιπλο που συνδυάζει τέλεια λειτουργικότητα και στυλ.</p>",,,taxable,,1,16,,0,0,25.5,67,67,126,1,,,"179,9",Γραφείο,καρέκλα,,https://eboy.gr/app/uploads/sites/2/2026/05/karekla-grafeioy-fb91835901-mayro-pu-der.webp,,,,,,,,,0,B2BMarkt,ύψος,"126 εκ.",1,1,πλάτος,"67 εκ.",1,1,μήκος,"67 εκ.",1,1,B2BMarkt,76217,5208067212380,"2026-05-10 00:43:54",B2BMarkt,"<ul>
<li>Κατασκευή από PU leather υψηλής ποιότητας για αντοχή και ευκολία συντήρησης.</li>
<li>5-άκτινη χρωμιωμένη μεταλλική βάση με έμφαση στη σταθερότητα.</li>
<li>Απαλή στην αφή επιφάνεια με ανθεκτικότητα σε καθημερινή χρήση.</li>
<li>Στιβαρή συναρμολόγηση υλικών για μακροχρόνια χρήση.</li>
<li>Εκλεπτυσμένο φινίρισμα που προσδίδει επαγγελματική αισθητική.</li>
</ul>"
284789,simple,0613391,5208067212397,"Καρεκλα γραφειου Bekker",1,0,visible,,"<p>Εμπνευστείτε από ένα κομψό και εργονομικό περιβάλλον εργασίας! Η καρέκλα γραφείου Bekker αποτελεί την ιδανική επιλογή για όσους αναζητούν την τέλεια σύνθεση στυλ και λειτουργικότητας στον επαγγελματικό τους χώρο. Με σχεδιασμό που εστιάζει στην πολυτέλεια και την άνεση, μεταμορφώνει τον καθημερινό σας χρόνο στο γραφείο σε μια μοναδική εμπειρία.</p> <p>Απολαύστε την αίσθηση του premium PU leather που συνδυάζει αριστοτεχνικά την κομψότητα με τη μακροζωία. Η προσεγμένη κατασκευή της προσθέτει αξία στον προσωπικό ή επαγγελματικό σας χώρο, δημιουργώντας ένα κέντρο επιτυχίας και δημιουργικότητας.</p>",,,taxable,,1,8,,0,0,25.5,67,67,126,1,,,"179,9",Γραφείο,καρέκλα,,https://eboy.gr/app/uploads/sites/2/2026/05/karekla-grafeioy-fb91835902-mpez-pu-derm.webp,,,,,,,,,0,B2BMarkt,ύψος,"126 εκ.",1,1,πλάτος,"67 εκ.",1,1,μήκος,"67 εκ.",1,1,B2BMarkt,76218,5208067212397,"2026-05-10 00:44:25",B2BMarkt,"<ul>
<li>Κατασκευή από πολυουρεθάνιο υψηλής πυκνότητας (PU) για ανθεκτικό και εύκολο στη συντήρηση φινίρισμα.</li>
<li>5-άκτινη μεταλλική βάση χρωμίου με ενισχυμένη σταθερότητα και αντοχή.</li>
<li>Απαλή στην αφή επιφάνεια PU leather που προσομοιάζει δέρμα, με εξαιρετική αντοχή στη φθορά.</li>
<li>Στιβαρή συναρμολόγηση με έμφαση στην ποιότητα κατασκευής για μακροχρόνια χρήση.</li>
<li>Εργονομικός σχεδιασμός κατάλληλος για εντατική καθημερινή χρήση στο γραφείο.</li>
</ul>"
284791,simple,0613389,5208067212373,"Καρέκλα γραφείου Tomlin",1,0,visible,,"<!DOCTYPE html> <html lang=""el""> <head> <meta charset=""UTF-8""> <title>Καρέκλα Γραφείου Tomlin</title> </head> <body> <p>Αναβαθμίστε το επαγγελματικό σας χώρο με την καρέκλα γραφείου TOMLIN, την επιτομή του στυλ και της άνεσης. Πρόκειται για μια διευθυντική καρέκλα που συνδυάζει τέλεια τη λειτουργικότητα με την πολυτελή αισθητική.</p> <p>Με μοντέρνο σχεδιασμό και προσοχή στη λεπτομέρεια, η TOMLIN αποτελεί επένδυση στην εργονομία και την επαγγελματική εικόνα. Η μοναδική κατασκευή της προσφέρει απαράμιλλη άνεση καθ' όλη τη διάρκεια της ημέρας, ενώ το υψηλής ποιότητας PU leather εξασφαλίζει αντοχή και εύκολο καθαρισμό. Αποκτήστε μια καρέκλα που δεν είναι απλά ένα έπιπλο γραφείου, αλλά σύμβολο επαγγελματικής επιτυχίας.</p> </body> </html>",,,taxable,,1,11,,0,0,26.5,74,72,128,1,,,"244,9",Γραφείο,καρέκλα,,https://eboy.gr/app/uploads/sites/2/2026/05/karekla-grafeioy-fb91835802-mpez-kafe-pu.webp,,,,,,,,,0,B2BMarkt,ύψος,"128 εκ.",1,1,πλάτος,"72 εκ.",1,1,μήκος,"74 εκ.",1,1,B2BMarkt,76219,5208067212373,"2026-05-10 00:44:54",B2BMarkt,"<ul>
<li>Κατασκευή από πολυουρεθάνιο υψηλής πυκνότητας (PU) για αντοχή και εύκολη συντήρηση</li>
<li>5-άκτινη χρωμιωμένη μεταλλική βάση για μέγιστη σταθερότητα</li>
<li>Απαλή επιφάνεια PU leather με αίσθηση δέρματος και υψηλή ανθεκτικότητα</li>
<li>Στιβαρή συναρμολόγηση που εξασφαλίζει μακροχρόνια χρήση</li>
<li>Προδιαγραφές για υποστήριξη μέσης σύμφωνα με διεθνή πρότυπα εργονομίας</li>
<li>Ρυθμιζόμενα στοιχεία (ύψος, βάθος στήριξης, κλίση πλάτης) για εξατομικευμένη άνεση</li>
</ul>"
284793,simple,0613387,5208067212359,"Καρέκλα γραφείου Dramon",1,0,visible,,"<!DOCTYPE html> <html lang=""el""> <head> <meta charset=""UTF-8""> <title>Καρέκλα Γραφείου Dramon</title> </head> <body> <p>Αναβαθμίστε τον επαγγελματικό σας χώρο με την εντυπωσιακή διευθυντική καρέκλα DRAMON - το απόλυτο σύμβολο κομψότητας και επαγγελματισμού στο γραφείο. Η premium κατασκευή της προσφέρει μοναδική άνεση και υποστήριξη, εξασφαλίζοντας άψογη στάση σώματος καθ' όλη τη διάρκεια της εργάσιμης ημέρας.</p> <p>Με την εκλεπτυσμένη σχεδίαση και την εξαιρετική ποιότητα του υλικού PU leather, η καρέκλα Dramon δεν είναι απλά ένα κάθισμα - είναι μια επενδυση που αναδεικνύει το προσωπικό σας στυλ ενώ παράλληλα προσφέρει απόλυτη χαλάρωση μετά από μια απαιτητική μέρα. Επιλέξτε την και μεταμορφώστε τον χώρο εργασίας σας σε έναν περιβάλλον υψηλής αισθητικής και επαγγελματικής υπεροχής.</p> </body> </html>",,,taxable,,1,7,,0,0,31.2,70,66,132.5,1,,,"249,9",Γραφείο,καρέκλα,,https://eboy.gr/app/uploads/sites/2/2026/05/karekla-grafeioy-fb91835602-mpez-kafe-pu.webp,,,,,,,,,0,B2BMarkt,ύψος,"132.5 εκ.",1,1,πλάτος,"66 εκ.",1,1,μήκος,"70 εκ.",1,1,B2BMarkt,76220,5208067212359,"2026-05-10 00:45:25",B2BMarkt,"<ul>
<li>Κατασκευή από πολυουρεθάνιο PU leather υψηλής ποιότητας για αντοχή και ευκολία συντήρησης</li>
<li>5-άκτινη χρωμιωμένη μεταλλική βάση για μέγιστη σταθερότητα</li>
<li>Απαλή στην αφή επιφάνεια με ανθεκτική κατασκευή</li>
<li>Στιβαρή συναρμολόγηση υλικών για μακροχρόνια χρήση</li>
<li>Εργονομικός σχεδιασμός για διευθυντική καρέκλα γραφείου</li>
</ul>"
284795,simple,0613388,5208067212366,"Καρεκλα γραφειου Toren",1,0,visible,,"<p>Αναβαθμίστε το επαγγελματικό σας περιβάλλον με την πολυτελή καρέκλα γραφείου Toren. Μια επιλογή που συνδυάζει άψογα λειτουργικότητα και στυλ, μετατρέποντας κάθε χώρο εργασίας σε κόμβο επαγγελματικής αριστείας.</p> <p>Με εκλεπτυσμένη σχεδίαση και premium υλικά κατασκευής, η TOREN αποτελεί επένδυση στην καθημερινή σας άνεση και τον επαγγελματισμό σας. Η μοναδική αισθητική της αναβαθμίζει κάθε επαγγελματικό χώρο, ενώ προσφέρει την ιδανική υποστήριξη για εντατικές ώρες εργασίας με στυλ και κομψότητα που εντυπωσιάζει.</p>",,,taxable,,1,11,,0,0,26.6,74,66,128,1,,,"199,9",Γραφείο,καρέκλα,,https://eboy.gr/app/uploads/sites/2/2026/05/karekla-grafeioy-fb91835707-prasino-pu-d.webp,,,,,,,,,0,B2BMarkt,ύψος,"128 εκ.",1,1,πλάτος,"66 εκ.",1,1,μήκος,"74 εκ.",1,1,B2BMarkt,76221,5208067212366,"2026-05-10 00:45:56",B2BMarkt,"<ul>
<li>Κατασκευή από συνδυασμό μεταλλικών στοιχείων και υψηλής ποιότητας συνθετικού δέρματος PU leather</li>
<li>5-άκτινη χρωμιωμένη μεταλλική βάση για μέγιστη σταθερότητα</li>
<li>Απαλή επιφάνεια PU leather με εξαιρετική αντοχή στη φθορά και τον καθαρισμό</li>
<li>Στιβαρή συναρμολόγηση που εξασφαλίζει μακροχρόνια χρήση</li>
<li>Ανθεκτική κατασκευή κατάλληλη για εντατική καθημερινή χρήση σε επαγγελματικό περιβάλλον</li>
</ul>"
284797,simple,9995348,,"Ομπρέλα Gladdell",1,0,visible,,"<!DOCTYPE html> <html lang=""el""> <head> <meta charset=""UTF-8""> <title>Ομπρέλα Gladdell</title> </head> <body> <p>Ανακαλύψτε την πολυτέλεια και τη λειτουργικότητα στην Ομπρέλα Gladdell. Με την κομψότητα του ανοιχτού γκρι αλουμινίου και τον διαχρονικό της σχεδιασμό, μεταμορφώνει κάθε εξωτερικό χώρο σε σημείο αναφοράς.<br /> Σχεδιασμένη για να αντέχει στις προκλήσεις του καιρού, η Gladdell συνδυάζει ποιότητα κατασκευής με άψογο στυλ. Ιδανική επιλογή τόσο για επαγγελματικούς χώρους όσο και για το σπίτι σας.</p> </body> </html>",,,taxable,,1,28,,0,0,63.1,4,4,3.73,1,,,"999,9","Κήπος & Εξωτερικός Χώρος",ομπρέλα,,https://eboy.gr/app/uploads/sites/2/2026/05/omprela-me-basi-fb91072401-aloyminio-met.webp,,,,,,,,,0,B2BMarkt,ύψος,"3.73 εκ.",1,1,πλάτος,"4 εκ.",1,1,μήκος,"4 εκ.",1,1,B2BMarkt,76222,,"2026-05-10 00:46:28",B2BMarkt,"<ul>
<li>Κατασκευή από ανοδιωμένο αλουμίνιο για αντοχή στη διάβρωση και τις καιρικές συνθήκες</li>
<li>Ακρυλικό ύφασμα σκίασης με προστασία από την ηλιακή ακτινοβολία</li>
<li>Μηχανισμός αυτόματου ανοίγματος (gas spring) για εύκολη χρήση</li>
<li>Βάση νερού 160kg από πολυαιθυλένιο για μέγιστη σταθερότητα</li>
<li>Φινίρισμα σε ανοιχτό γκρι χρώμα για διαχρονική αισθητική</li>
</ul>"
284799,simple,9995349,,"Ομπρέλα Gladdell",1,0,visible,,"<p>Επαγγελματική πολυτέλεια στον κήπο σας - η ομπρέλα Gladdell μεταμορφώνει κάθε εξωτερικό χώρο σε ένα κομψό καταφύγιο. Με την ιδιαίτερη απόχρωση του μπεζ να κυριαρχεί, αυτή η αλουμινένια κατασκευή συνδυάζει την κλασική αισθητική με τη σύγχρονη λειτουργικότητα.</p> <p>Αντέχει στο χρόνο και τις καιρικές συνθήκες χάρη στην τεχνολογία Heat Transfer και το ανθεκτικό υλικό κατασκευής της. Η αυτόματη λειτουργία ανοίγματος με σύστημα αερίου εξασφαλίζει άνετη χρήση, ενώ η βάση νερού προσφέρει σταθερότητα ακόμα και σε δυνατούς ανέμους. Ιδανική για επαγγελματίες του χώρου αλλά και λάτρεις της ποιότητας, η ομπρέλα Gladdell αποτελεί μια διαχρονική επένδυση που συνδυάζει την κομψότητα με τη λειτουργικότητα.</p>",,,taxable,,1,27,,0,0,63.1,4,4,3.73,1,,,"1004,9","Κήπος & Εξωτερικός Χώρος",ομπρέλα,,https://eboy.gr/app/uploads/sites/2/2026/05/omprela-me-basi-neroy-fb91072402-heat-tr.webp,,,,,,,,,0,B2BMarkt,ύψος,"3.73 εκ.",1,1,πλάτος,"4 εκ.",1,1,μήκος,"4 εκ.",1,1,B2BMarkt,76227,,"2026-05-10 00:46:57",B2BMarkt,"<ul>
<li>Κατασκευή από HEAT TRANSFER αλουμίνιο υψηλής αντοχής στη διάβρωση και τις καιρικές συνθήκες</li>
<li>Επιφάνεια σκίασης από ακρυλικό ύφασμα ανθεκτικό στην ηλιακή ακτινοβολία</li>
<li>Μηχανισμός αυτόματου ανοίγματος με αέριο (gas spring) για εύκολη λειτουργία</li>
<li>Βάση νερού από πολυαιθυλένιο μέγιστης χωρητικότητας 160kg για εξαιρετική σταθερότητα</li>
<li>Επιφανειακό φινίρισμα σε μπεζ χρώμα, κλασικού σχεδιασμού</li>
</ul>"
284801,simple,0603353,5208067216586,"Γωνιακός καναπές Restro",1,0,visible,,"<!DOCTYPE html> <html lang=""el""> <head><meta charset=""UTF-8""></head> <body> <p>Αναβαθμίστε την ατμόσφαιρα του σαλονιού σας με τον καναπέ RESTRO, ένα αριστούργημα σύγχρονης σχεδίασης. Η κομψή γωνιακή του γραμμή και το γκρι πολυεστερικό ύφασμα δημιουργούν μια μοναδική αισθητική που θα κλέψει τις εντυπώσεις. Ο έξυπνος μηχανισμός πέντε σημείων ανάκλισης εξασφαλίζει απόλυτη άνεση, ενώ η ηλεκτρική ρύθμιση της γωνίας με έναν απλό χειρισμό σας προσφέρει την τέλεια θέση χαλάρωσης.</p> <p>Περισσότερο από ένας καναπές - είναι ο προσωπικός σας χώρος ευεξίας και το επίκεντρο των πιο όμορφων στιγμών. Επιλέξτε ποιότητα, στυλ και πρακτικότητα σε ένα προϊόν που θα αγαπήσετε για χρόνια.</p> </body> </html>",,,taxable,,1,6,,0,0,140,92,43,12,1,,,999,"Σαλόνι & Καθιστικό",καναπές,,https://eboy.gr/app/uploads/sites/2/2026/05/kanapes-dexia-gonia-anaklisi-apothchoros.webp,,,,,,,,,0,B2BMarkt,ύψος,"12 εκ.",1,1,πλάτος,"43 εκ.",1,1,μήκος,"92 εκ.",1,1,B2BMarkt,76230,5208067216586,"2026-05-10 00:47:28",B2BMarkt,"<ul>
<li>Κατασκευή από σκελετό αλουμινίου υψηλής αντοχής με επένδυση γκρι πολυεστερικού υφάσματος ανθεκτικού στη φθορά.</li>
<li>Μηχανισμός ανάκλισης 5 σημείων στην πλάτη για άνετη προσαρμογή της θέσης.</li>
<li>Ηλεκτρική ρύθμιση γωνίας μέσω χειριστηρίου στο μπράτσο.</li>
<li>Ενσωματωμένος αποθηκευτικός χώρος στο άκρο του καναπέ (γωνία).</li>
<li>Ύφασμα με αντιστατική επεξεργασία και εύκολη συντήρηση.</li>
</ul>"
284803,simple,0603354,5208067216616,"Γωνιακός καναπές Restro Left",1,0,visible,,"<!DOCTYPE html> <html lang=""el""> <head> <meta charset=""UTF-8""> </head> <body> <div style=""max-width: 600px; margin: 20px auto;""> <p>Ανανεώστε το σαλόνι σας με τον γωνιακό καναπέ RESTRO Left - την ιδανική επιλογή για όσους αναζητούν συνδυασμό στυλ και άνεσης.</p> <p>Σχεδιασμένος για να αποτελέσει το επίκεντρο του χώρου σας, ο καναπές RESTRO προσφέρει πολυτέλεια και πρακτικότητα. Η γκρι απόχρωση από υψηλής ποιότητας ύφασμα δημιουργεί μια κομψή ατμόσφαιρα στο χώρο σας, ενώ η έξυπνη κατασκευή με ρυθμιζόμενη ηλεκτρική ανάκλιση στη γωνία, σας επιτρέπει να τον προσαρμόσετε ακριβώς στις ανάγκες σας. Απολαύστε στιγμές χαλάρωσης σε ένα προϊόν που συνδυάζει άψογα την αισθητική με την ποιότητα κατασκευής, δημιουργώντας το απόλυτο σημείο συνάντησης για τους φίλους και την οικογένεια.</p> </div> </body> </html>",,,taxable,,1,7,,0,0,140,224,284,76,1,,,999,"Σαλόνι & Καθιστικό",καναπές,,https://eboy.gr/app/uploads/sites/2/2026/05/kanapes-aristeri-gonia-anaklisi-apothcho.webp,,,,,,,,,0,B2BMarkt,ύψος,"76 εκ.",1,1,πλάτος,"284 εκ.",1,1,μήκος,"224 εκ.",1,1,B2BMarkt,76231,5208067216616,"2026-05-10 00:47:58",B2BMarkt,"<ul>
<li>Κατασκευή από σκελετό αλουμινίου υψηλής αντοχής για μακροχρόνια χρήση</li>
<li>Επένδυση με πολυεστερικό ύφασμα 100% γκρι, βάρους 340gsm και ανθεκτικότητα στην καθημερινή φθορά</li>
<li>Μηχανισμός ανάκλισης πλάτης σε πέντε σημεία για πολλαπλούς τρόπους χρήσης</li>
<li>Ηλεκτρική ρύθμιση γωνίας μέσω χειριστηρίου στο μπράτσο</li>
<li>Ενσωματωμένος αποθηκευτικός χώρος στη γωνία για επιπλέον λειτουργικότητα</li>
<li>Ανθεκτικό φινίρισμα με προστασία από λεκέδες και εύκολο καθαρισμό</li>
</ul>"
284805,simple,0603356,5208067216647,"Καναπές δεξιά gωνία Restro",1,0,visible,,"<!DOCTYPE html> <html lang=""el""> <head> <meta charset=""UTF-8""> <title>Καναπές Δεξιά Γωνία RESTRO</title> <style> body {font-family: 'Segoe UI', sans-serif;} h1 {color: #2E4053} </style> </head> <body> <p>Ο καναπές RESTRO σε μπεζ απόχρωση είναι η επιτομή του μοντέρνου design και της εργονομικής άνεσης. Δημιουργεί το ιδανικό σημείο συνάντησης για χαλάρωση και κοινωνική αλληλεπίδραση στο σπίτι σας. Η προηγμένη τεχνολογία του, με την ηλεκτρική ρύθμιση στην γωνιακή θέση και τα πέντε σημεία ανάκλισης, προσαρμόζεται στις ανάγκες κάθε στιγμής.</p> <p>Αφήστε τον να γίνει το κεντρικό στοιχείο του σαλονιού σας, προσφέροντας όχι μόνο απαράμιλλη αισθητική αλλά και πρακτικές λύσεις αποθήκευσης. Ετοιμαστείτε να δημιουργήσετε αξέχαστες στιγμές χαλάρωσης στον απόλυτο χώρο υποδοχής της κατοικίας σας!</p> </body> </html>",,,taxable,,1,8,,0,0,140,224,284,76,1,,,999,"Σαλόνι & Καθιστικό",καναπές,,https://eboy.gr/app/uploads/sites/2/2026/05/kanapes-dexia-gonia-anaklisi-apothchoros-1.webp,,,,,,,,,0,B2BMarkt,ύψος,"76 εκ.",1,1,πλάτος,"284 εκ.",1,1,μήκος,"224 εκ.",1,1,B2BMarkt,76232,5208067216647,"2026-05-10 00:48:29",B2BMarkt,"<ul>
    <li>Κατασκευή από σκελετό αλουμινίου υψηλής αντοχής.</li>
    <li>Επένδυση με ανθεκτικό πολυεστερικό ύφασμα 340gsm, κατηγορίας οικιακής χρήσης.</li>
    <li>Μηχανισμός ανάκλισης πλάτης σε πέντε σημεία για ρυθμιζόμενη στήριξη.</li>
    <li>Ηλεκτρική λειτουργία γωνίας μέσω διακόπτη στο μπράτσο.</li>
    <li>Ενσωματωμένος αποθηκευτικός χώρος στη γωνία.</li>
    <li>Αντιστατική επεξεργασία υφάσματος για εύκολο καθαρισμό.</li>
</ul>"
284807,simple,0603355,5208067216678,"Καναπές Restro Left",1,0,visible,,"<p>Ανακαλύψτε τον καναπέ RESTRO Left και μεταμορφώστε το σαλόνι σας σε ένα χώρο απόλυτης χαλάρωσης. Σχεδιασμένος με μοντέρνα γραμμή και άνετη γωνία, προσφέρει την ιδανική λύση για όσους αναζητούν συνδυασμό στυλ και λειτουργικότητας.</p> <p>Η ηλεκτρική ανάκλιση στην γωνιακή θέση και ο μηχανισμός πέντε σημείων εξασφαλίζουν αξεπέραστη άνεση, ενώ ο έξυπνος αποθηκευτικός χώρος στη γωνία σας λύνει τα χέρια καθημερινά. Το μπεζ πολυεστερικό ύφασμα συνδυάζει κομψότητα με ανθεκτικότητα, δημιουργώντας ένα διαχρονικό κομμάτι για το σπίτι σας.</p>",,,taxable,,1,6,,0,0,140,92,43,12,1,,,999,"Σαλόνι & Καθιστικό",καναπές,,https://eboy.gr/app/uploads/sites/2/2026/05/kanapes-aristeri-gonia-anaklisi-apothcho-1.webp,,,,,,,,,0,B2BMarkt,ύψος,"12 εκ.",1,1,πλάτος,"43 εκ.",1,1,μήκος,"92 εκ.",1,1,B2BMarkt,76233,5208067216678,"2026-05-10 00:48:57",B2BMarkt,"<ul>
<li>Κατασκευή από σκελετό αλουμινίου υψηλής αντοχής</li>
<li>Επένδυση με πολυεστερικό ύφασμα μπεζ χρώματος, ανθεκτικό στη φθορά</li>
<li>Μηχανισμός ανάκλισης πλάτης 5 σημείων για πολλαπλούς τρόπους χαλάρωσης</li>
<li>Ηλεκτρική ρύθμιση γωνίας μέσω ενσωματωμένου διακόπτη στο μπράτσο</li>
<li>Ενσωματωμένος αποθηκευτικός χώρος στην αριστερή γωνία</li>
<li>Ύφασμα με αντιστατική επεξεργασία για εύκολο καθάρισμα</li>
</ul>"
284809,simple,0535895,5208067203296,"Καναπές Synthia",1,0,visible,,"<p>Αναβαθμίστε το σαλόνι σας με τον καναπέ SYNTHIA - την απόλυτη επιλογή για όσους αναζητούν συνδυασμό στυλ και λειτουργικότητας. Σχεδιασμένος ως γωνιακό τριθέσιο μοντέλο με αριστοτεχνική κλίση 180° στο αριστερό τμήμα, προσφέρει μοναδική άνεση στον χώρο σας.</p> <p>Διακοσμημένος με εκλεπτυσμένο ανάγλυφο μπεζ ύφασμα υψηλής ποιότητας, δημιουργεί μια ζεστή ατμόσφαιρα που θα γίνει το αγαπημένο σημείο συνάντησης του σπιτιού. Η ηλεκτρική ανακλινόμενη λειτουργία και ο ενσωματωμένος αποθηκευτικός χώρος στην πλάτη, μαζί με το πτυσσόμενο τραπεζάκι, μετατρέπουν τον SYNTHIA σε πολυλειτουργικό σύμμαχο της καθημερινότητάς σας. Ετοιμαστείτε να απολαύσετε αυθεντική χαλάρωση και μοναδική αισθητική στον προσωπικό σας χώρο.</p>",,,taxable,,1,2,,0,0,108,60,70,16,1,,,"699,9","Σαλόνι & Καθιστικό",καναπές,,https://eboy.gr/app/uploads/sites/2/2026/05/kanapes-aristeri-gonia-fb9330801l-anakli.webp,,,,,,,,,0,B2BMarkt,ύψος,"16 εκ.",1,1,πλάτος,"70 εκ.",1,1,μήκος,"60 εκ.",1,1,B2BMarkt,76235,5208067203296,"2026-05-10 00:49:27",B2BMarkt,"<ul>
<li>Κατασκευή από μεταλλικό σκελετό υψηλής αντοχής και ξύλινα πόδια</li>
<li>Επένδυση με ανάγλυφο μπεζ ύφασμα ανθεκτικό στη φθορά</li>
<li>Ηλεκτρικός μηχανισμός ανάκλισης στο δεξί κάθισμα</li>
<li>Ενσωματωμένος αποθηκευτικός χώρος στο μπράτσο του δεξιού καθίσματος</li>
<li>Πτυσσόμενο τραπέζι με δύο ποτηροθήκες που αναδιπλώνεται από το μεσαίο κάθισμα</li>
<li>Αριστερή γωνιακή διάταξη</li>
</ul>"
284811,simple,0535896,5208067203333,"Καναπές δεξιά gωνία Synthia",1,0,visible,,"<p>Απολαύστε τη μοναδική αισθητική και λειτουργικότητα του τριθέσιου καναπέ SYNTHIA με το εκλεπτυσμένο μπεζ ανάγλυφο ύφασμα. Δημιουργεί έναν κομψό χώρο χαλάρωσης όπου η άνεση συναντά την καινοτομία. Ο ηλεκτρικός μηχανισμός ανάκλισης σας προσφέρει εξατομικευμένη εμπειρία καθίσματος, ενώ ο ενσωματωμένος αποθηκευτικός χώρος και το πτυσσόμενο τραπέζι συμπληρώνουν τη λειτουργικότητά του.</p> <p>Ο καναπές Synthia δεν είναι απλώς ένας τόπος ξεκούρασης - είναι το κέντρο της σύγχρονης οικιακής ζωής. Συνδυάζει την ποιότητα κατασκευής με έξυπνα χαρακτηριστικά, δημιουργώντας μια μοναδική ατμόσφαιρα που θα μεταμορφώσει τον προσωπικό σας χώρο σε σημείο αναφοράς για χαλάρωση και φιλοξενία.</p>",,,taxable,,1,4,,0,0,108,60,70,16,1,,,"699,9","Σαλόνι & Καθιστικό",καναπές,,https://eboy.gr/app/uploads/sites/2/2026/05/kanapes-dexia-gonia-fb9330801r-anaklisi-.webp,,,,,,,,,0,B2BMarkt,ύψος,"16 εκ.",1,1,πλάτος,"70 εκ.",1,1,μήκος,"60 εκ.",1,1,B2BMarkt,76236,5208067203333,"2026-05-10 00:49:57",B2BMarkt,"<ul>
<li>Κατασκευή από μεταλλικό σκελετό και ξύλινα στοιχεία στήριξης</li>
<li>Επένδυση με ανάγλυφο μπεζ ύφασμα υψηλής αντοχής</li>
<li>Ηλεκτρικός μηχανισμός ανάκλισης στο αριστερό κάθισμα</li>
<li>Ενσωματωμένος αποθηκευτικός χώρος στο μπράτσο του αριστερού καθίσματος</li>
<li>Πτυσσόμενο τραπέζι με μηχανισμό αναδίπλωσης και 2 ενσωματωμένες ποτηροθήκες</li>
<li>Ανθεκτικό φινίρισμα υφάσματος για εύκολο καθαρισμό</li>
</ul>"
284813,simple,0535898,5208067203418,"Καναπές δεξιά gωνία Synthia",1,0,visible,,"<p>Αναβαθμίστε το σαλόνι σας με τον καναπέ δεξιά γωνία SYNTHIA, μια κομψή επιλογή που συνδυάζει άψογα την αισθητική με την πρακτικότητα. Με την μοναδική του σχεδίαση και τα προηγμένα χαρακτηριστικά, μεταμορφώνει την καθημερινή χαλάρωση σε πολυτελή εμπειρία.</p> <p>Με την διακριτική κομψότητα του ΓΚΡΙ υφάσματος και το αναδιπλούμενο κρεβάτι που προσφέρει επιπλέον άνεση για φιλοξενούμενους, ο SYNTHIA γίνεται το κεντρικό σημείο συνάντησης στο σπίτι σας. Η ηλεκτρική ανάκλιση καθισμάτων και ο ενσωματωμένος αποθηκευτικός χώρος προσθέτουν πρακτική αξία χωρίς να θυσιάζουν το στυλ. Ιδανικός για όσους αναζητούν την τέλεια ισορροπία μεταξύ λειτουργικότητας και κομψής εμφάνισης.</p>",,,taxable,,1,2,,0,0,108,60,70,16,1,,,"699,9","Σαλόνι & Καθιστικό",καναπές,,https://eboy.gr/app/uploads/sites/2/2026/05/kanapes-dexia-gonia-fb9330803r-anaklisi-.webp,,,,,,,,,0,B2BMarkt,ύψος,"16 εκ.",1,1,πλάτος,"70 εκ.",1,1,μήκος,"60 εκ.",1,1,B2BMarkt,76238,5208067203418,"2026-05-10 00:50:28",B2BMarkt,"<ul>
<li>Κατασκευή από μεταλλικό σκελετό και ξύλινα στοιχεία στήριξης</li>
<li>Επένδυση με ανάγλυφο ΓΚΡΙ ύφασμα υψηλής ποιότητας</li>
<li>Ηλεκτρικός μηχανισμός ανάκλισης στο αριστερό κάθισμα</li>
<li>Ενσωματωμένος αποθηκευτικός χώρος στο μπράτσο του αριστερού καθίσματος</li>
<li>Πτυσσόμενο τραπεζάκι με δύο ποτηροθήκες, αναδιπλούμενο από το μεσαίο κάθισμα</li>
<li>Ανθεκτικό φινίρισμα υφάσματος για καθημερινή χρήση</li>
</ul>"
284815,simple,0535899,5208067203456,"Πολυθρόνα Relax Synthia",1,0,visible,,"<p>Χαρίστε στον εαυτό σας στιγμές απόλυτης χαλάρωσης με την πολυθρόνα SYNTHIA. Σχεδιασμένη για να γίνει το αγαπημένο σας σημείο ηρεμίας, συνδυάζει άψογα την κομψότητα με την άνεση σε κάθε γωνιά του σπιτιού σας.</p> <p>Το μπεζ ανάγλυφο ύφασμα της προσδίδει μια εκλεπτυσμένη εμφάνιση που αναβαθμίζει κάθε χώρο. Τα αναπαυτικά μαξιλάρια και η ψηλή πλάτη προσφέρουν πλήρη στήριξη στο σώμα, ενώ τα ενσωματωμένα μαξιλάρια στα μπράτσα συμπληρώνουν την αίσθηση πολυτέλειας. Ιδανική επιλογή για όσους αναζητούν ένα άνετο καταφύγιο μετά από μια απαιτητική ημέρα.</p>",,,taxable,,1,7,,0,0,33,86,75,100,1,,,"249,9","Σαλόνι & Καθιστικό",πολυθρόνα,,https://eboy.gr/app/uploads/sites/2/2026/05/polythrona-relax-me-ilektriki-anaklisi-f.webp,,,,,,,,,0,B2BMarkt,ύψος,"100 εκ.",1,1,πλάτος,"75 εκ.",1,1,μήκος,"86 εκ.",1,1,B2BMarkt,76239,5208067203456,"2026-05-10 00:50:59",B2BMarkt,"<ul>
<li>Κατασκευή από μεταλλικό σκελετό υψηλής αντοχής και επένδυση μπεζ ανάγλυφου υφάσματος</li>
<li>Ηλεκτρικός μηχανισμός ανάκλισης με χειροκίνητο έλεγχο μέσω διακόπτη</li>
<li>Ενσωματωμένα μαξιλάρια στα μπράτσα για επιπλέον άνεση</li>
<li>Πτυσσόμενο υποπόδιο που συμπληρώνει τη λειτουργία χαλάρωσης</li>
<li>Ψηλή πλάτη και βαθύ κάθισμα για μέγιστη υποστήριξη σώματος</li>
</ul>"
284817,simple,0535900,5208067203463,"Πολυθρόνα Relax Synthia",1,0,visible,,"<!DOCTYPE html> <html lang=""el""> <head> <meta charset=""UTF-8""> <title>Πολυθρόνα Relax Synthia</title> <meta name=""description"" content=""Αισθησιακή πολυθρόνα για απόλυτη χαλάρωση""> </head> <body> <p>Ανακαλύψτε την Πολυθρόνα Relax Synthia, το απόλυτο καταφύγιο χαλάρωσης στο σπίτι σας. Με την εκλεπτυσμένη γκρι απόχρωση και το ανάγλυφο ύφασμα που προσδίδει μοναδική υφή, μεταμορφώνει κάθε χώρο σε προσωπικό παράδεισο ευεξίας.</p> <p>Σχεδιασμένη για να προσφέρει αξεπέραστη άνεση, η SYNTHIA αγκαλιάζει το σώμα με τα πλούσια μαξιλάρια της και την ψηλή πλάτη. Ιδανική επιλογή για όσους αναζητούν στιγμές χαλάρωσης μετά από μια απαιτητική ημέρα. Η πολυθρόνα Synthia δεν είναι απλά ένα έπιπλο - είναι ο προσωπικός σας χώρος ηρεμίας.</p> </body> </html>",,,taxable,,1,2,,0,0,33,86,75,100,1,,,"249,9","Σαλόνι & Καθιστικό",πολυθρόνα,,https://eboy.gr/app/uploads/sites/2/2026/05/polythrona-relax-me-ilektriki-anaklisi-f-1.webp,,,,,,,,,0,B2BMarkt,ύψος,"100 εκ.",1,1,πλάτος,"75 εκ.",1,1,μήκος,"86 εκ.",1,1,B2BMarkt,76240,5208067203463,"2026-05-10 00:51:31",B2BMarkt,"<ul>
<li>Κατασκευή από σκελετό αλουμινίου με επένδυση γκρι ανάγλυφου υφάσματος</li>
<li>Ηλεκτρικός μηχανισμός ανάκλισης πλάτης με χειροκίνητο έλεγχο διακόπτη</li>
<li>Ενσωματωμένα μαξιλάρια στα μπράτσα για πρόσθετη άνεση</li>
<li>Πτυσσόμενο υποπόδιο για μέγιστη χαλάρωση</li>
<li>Ψηλή πλάτη και βαθύ κάθισμα για πλήρη υποστήριξη σώματος</li>
<li>Ανθεκτικό ύφασμα με αντιιδρωτική επεξεργασία</li>
</ul>"
284819,simple,0535737,5208067184601,"Φωτιστικο κρεμαστο Jaylen",1,0,visible,,"<p>Αναβαθμίστε το χώρο σας με το εντυπωσιακό κρεμαστό φωτιστικό JAYLEN, την τέλεια επιλογή για όσους αναζητούν μοναδικό στυλ και ποιότητα. Η σύγχρονη γραμμή του και η αριστοτεχνική κατασκευή από υψηλής ποιότητας fiber cement σε καθαρό λευκό χρώμα, συνδυάζονται αρμονικά με την ανθεκτική αλυσίδα αλουμινίου δημιουργώντας μια κομψή σύνθεση που θα αναβαθμίσει κάθε δωμάτιο.</p> <p>Εστιάστε στη δημιουργία ατμόσφαιρας στον χώρο σας, απολαμβάνοντας παράλληλα άριστο φωτισμό μέσω της συμβατής λάμπας E27. Η κομψότητα και η ανθεκτικότητα του JAYLEN το καθιστούν ιδανική επιλογή για μοντέρνες κατοικίες, προσφέροντας όχι μόνο αισθητική αλλά και μακροχρόνια απόλαυση χωρίς συμβιβασμούς στην ποιότητα.</p>",,,taxable,,1,13,,0,0,15.2,55,65,45,1,,,"249,9",Υπνοδωμάτιο,φωτιστικό,,https://eboy.gr/app/uploads/sites/2/2026/05/fotistiko-orofis-kremasto-fb9470302l-fib.webp,,,,,,,,,0,B2BMarkt,ύψος,"45 εκ.",1,1,πλάτος,"65 εκ.",1,1,μήκος,"55 εκ.",1,1,B2BMarkt,76247,5208067184601,"2026-05-10 00:52:05",B2BMarkt,"<ul>
<li>Κατασκευή από Fiber Cement με ενισχυμένες ίνες κυτταρίνης για αυξημένη αντοχή και ανθεκτικότητα στη σήψη, το νερό και τα έντομα</li>
<li>Λευκό φινίρισμα υψηλής ποιότητας με ομοιόμορφη επιφάνεια</li>
<li>Υποδοχή λαμπτήρα τύπου Ε27 (Normal Socket Bulb)</li>
<li>Συμβατό αποκλειστικά με LED λαμπτήρες για ενεργειακή απόδοση</li>
<li>Αλυσίδα κρέμασης από αλουμίνιο για σταθερή και ανθεκτική στήριξη</li>
<li>Πιστοποίηση CE σύμφωνα με τα ευρωπαϊκά πρότυπα ασφαλείας</li>
</ul>"
284821,simple,0535739,5208067184632,"Φωτιστικο οροφης Kremasto Jaylen",1,0,visible,,"<!DOCTYPE html> <html lang=""el""> <head> <meta charset=""UTF-8""> <title>Φωτιστικό Οροφής Kremasto Jaylen</title> </head> <body> <p>Απογειώστε την ατμόσφαιρα του χώρου σας με το εντυπωσιακό κρεμαστό φωτιστικό οροφής JAYLEN. Συνδυάζοντας την κομψότητα του γκρι fiber cement με την πολυτέλεια της μεταλλικής αλυσίδας από αλουμίνιο, δημιουργεί μια διαχρονική αισθητική που θα εντυπωσιάσει.</p> <p>Εμπνευστείτε από τη σύγχρονη σχεδίαση και αναβαθμίστε το εσωτερικό σας με ένα φωτιστικό που συνδυάζει λειτουργικότητα και στυλ. Ιδανικό για όσους αναζητούν κάτι ξεχωριστό, προσφέρει άψογη διάχυση φωτός, δημιουργώντας την τέλεια ατμόσφαιρα στον προσωπικό ή επαγγελματικό σας χώρο.</p> </body> </html>",,,taxable,,1,13,,0,0,17,39,44,30,1,,,"159,9",Υπνοδωμάτιο,φωτιστικό,,https://eboy.gr/app/uploads/sites/2/2026/05/fotistiko-orofis-kremasto-fb9470303s-fib.webp,,,,,,,,,0,B2BMarkt,ύψος,"30 εκ.",1,1,πλάτος,"44 εκ.",1,1,μήκος,"39 εκ.",1,1,B2BMarkt,76248,5208067184632,"2026-05-10 00:52:34",B2BMarkt,"<ul>
<li>Κατασκευή από Fiber Cement ενισχυμένο με ίνες κυτταρίνης, υλικό ανθεκτικό στη σήψη και το νερό</li>
<li>Γκρι φινίρισμα υψηλής ποιότητας με αντοχή στο χρόνο</li>
<li>Υποδοχή λαμπτήρα τύπου E27 (Normal Socket Bulb)</li>
<li>Συμβατό αποκλειστικά με φωτιστικά LED για ενεργειακή απόδοση</li>
<li>Αλυσίδα κρέμασης από αλουμίνιο για σταθερή και ασφαλή τοποθέτηση</li>
<li>Συμμορφώνεται με τις προδιαγραφές CE</li>
</ul>"
284823,simple,0603253,5208067215053,"Στρώμα Hypnottica",1,0,visible,,"<p>Ανακαλύψτε την απόλυτη αίσθηση χαλάρωσης με το νέο στρώμα Hypnottica! Το καινοτόμο design του και η μοναδική τεχνολογία Pocket Springs προσφέρουν μια επαναστατική εμπειρία ύπνου που θα σας συναρπάσει. Σχεδιασμένο ειδικά για να προσαρμόζεται στις φυσικές κινήσεις του σώματός σας κατά τη διάρκεια της νύχτας, εξασφαλίζει ξεκούραση χωρίς περιορισμούς στη θέση του σώματος.</p> <p>Η κομψή μονοπρόσωπη σχεδίαση, σε συνδυασμό με την προηγμένη δομή στήριξης, δημιουργεί το ιδανικό περιβάλλον για έναν αναζωογονητικό ύπνο. Απολαύστε βαθιά χαλάρωση και ξυπνήστε γεμάτοι ενέργεια, γνωρίζοντας ότι επενδύετε στην υγεία και την ευεξία σας. Το Hypnottica δεν είναι απλά ένα στρώμα - είναι η πύλη προς τον πιο ποιοτικό σας εαυτό!</p>",,,taxable,,1,68,,0,0,35,200,160,25,1,,,"199,92",Διακόσμηση,στρώμα,,https://eboy.gr/app/uploads/sites/2/2026/05/stroma-yperdiplo-fb974806-pocket-springs.webp,,,,,,,,,0,B2BMarkt,ύψος,"25 εκ.",1,1,πλάτος,"160 εκ.",1,1,μήκος,"200 εκ.",1,1,B2BMarkt,76249,5208067215053,"2026-05-10 00:53:03",B2BMarkt,"<ul>
<li>Κατασκευή από τεχνολογία POCKET SPRINGS με ανεξάρτητα ελατήρια για προσαρμοσμένη υποστήριξη σε κάθε σημείο του σώματος.</li>
<li>Σχεδιασμός μονής όψης με ομοιόμορφη κατανομή πίεσης που μειώνει την πίεση στους ευαίσθητους σημεία (ώμοι, ισχία, φτέρνες).</li>
<li>Προηγμένη σχεδίαση για διευκόλυνση της φυσικής κίνησης και αλλαγής στάσης κατά τη διάρκεια του ύπνου.</li>
<li>Εγγυημένη καλή κυκλοφορία αίματος λόγω της ειδικής κατασκευής των ελατηρίων.</li>
<li>Αντιμετώπιση προβλημάτων μυοσκελετικού συστήματος χάρη στην προσαρμογή στις κινήσεις του σώματος.</li>
</ul>"
284825,simple,0603252,5208067215046,"Στρώμα Hypnottica",1,0,visible,,"<!DOCTYPE html> <html lang=""el""> <head> <meta charset=""UTF-8""> </head> <body> <p>Ανακαλύψτε την απόλυτη εμπειρία ύπνου με το στρώμα Hypnottica - τον απόλυτο σύμμαχο για έναν αναζωογονητικό και ποιοτικό ύπνο. Σχεδιασμένο με προσοχή στη λεπτομέρεια, προσφέρει μοναδική άνεση κάθε βράδυ.</p> <p>Η επαναστατική τεχνολογία POCKET SPRINGS προσαρμόζεται στις κινήσεις σας κατά τη διάρκεια της νύχτας, επιτρέποντας την ιδανική κατανομή πίεσης και αποτρέποντας πόνους σε μύες και αρθρώσεις. Η κομψή του σχεδίαση το καθιστά ιδανικό για κάθε χώρο, συνδυάζοντας άψογα την αισθητική με την κορυφαία ποιότητα ύπνου.</p> </body> </html>",,,taxable,,1,91,,0,0,32.5,200,150,25,1,,,"184,9",Διακόσμηση,στρώμα,,https://eboy.gr/app/uploads/sites/2/2026/05/stroma-diplo-fb974805-pocket-springs-ley.webp,,,,,,,,,0,B2BMarkt,ύψος,"25 εκ.",1,1,πλάτος,"150 εκ.",1,1,μήκος,"200 εκ.",1,1,B2BMarkt,76250,5208067215046,"2026-05-10 00:53:32",B2BMarkt,"<ul>
<li>Κατασκευή από ανεξάρτητα ελατήρια τύπου POCKET SPRINGS για εξατομικευμένη υποστήριξη.</li>
<li>Μονής όψης σχεδιασμός με δυνατότητα εναλλαγής πλευρών για παρατεταμένο χρόνο χρήσης.</li>
<li>Ανεξάρτητη λειτουργία ελατηρίων που προσαρμόζεται στις κινήσεις του σώματος κατά τη διάρκεια της νύχτας.</li>
<li>Ομοιόμορφη κατανομή πίεσης που μειώνει τους πόνους στους ώμους, ισχία και φτέρνες.</li>
<li>Επιφανειακή επεξεργασία που εξασφαλίζει καλή κυκλοφορία του αίματος.</li>
</ul>"
284827,simple,0603251,5208067215039,"Στρώμα Hypnottica",1,0,visible,,"<!DOCTYPE html> <html lang=""el""> <head> <meta charset=""UTF-8""> </head> <body> <p>Ανακαλύψτε την απόλυτη εμπειρία ύπνου με το καινοτόμο στρώμα HYPNOTTICA! Σχεδιασμένο για να μεταμορφώσει τον ύπνο σας, προσφέρει μοναδική άνεση και υποστήριξη σε κάθε κίνηση του σώματος.</p> <p>Εμπειρία που Μεταμορφώνει: Το HYPNOTTICA είναι η έξυπνη επιλογή για όσους αναζητούν ξεκούραση υψηλής ποιότητας. Η επαναστατική του τεχνολογία επιτρέπει την ελεύθερη κίνηση κατά τη διάρκεια του ύπνου, προσαρμοζόμενη στις φυσικές αλλαγές της στάσης σας – εξασφαλίζοντας ανακούφιση από πόνους και βελτιώνοντας την ποιότητα του ύπνου σας.</p> </body> </html>",,,taxable,,1,69,,0,0,30.5,200,140,25,1,,,"174,9",Διακόσμηση,στρώμα,,https://eboy.gr/app/uploads/sites/2/2026/05/stroma-diplo-fb974804-pocket-springs-ley.webp,,,,,,,,,0,B2BMarkt,ύψος,"25 εκ.",1,1,πλάτος,"140 εκ.",1,1,μήκος,"200 εκ.",1,1,B2BMarkt,76251,5208067215039,"2026-05-10 00:54:03",B2BMarkt,"<ul>
<li>Κατασκευή από ανεξάρτητη τεχνολογία ελατηρίων POCKET SPRINGS για εξατομικευμένη υποστήριξη</li>
<li>Δυνατότητα προσαρμογής στη φυσική κίνηση του σώματος κατά τον ύπνο έως 60 φορές/νύχτα</li>
<li>Ομοιόμορφη κατανομή πίεσης που μειώνει τους πόνους σε ώμους, ισχία και φτέρνες</li>
<li>Μονής όψης σχεδιασμός με ειδική τεχνολογία συγκράτησης ελατηρίων</li>
<li>Εγγυημένη καλή κυκλοφορία αίματος λόγω της ειδικής κατανομής ελατηρίων</li>
<li>Κατασκευή για διπλό κρεβάτι με ενισχυμένη δομή στήριξης</li>
</ul>"
284829,simple,0603250,5208067215022,"Στρώμα Hypnottica",1,0,visible,,"<p>Ετοιμαστείτε να μεταμορφώσετε την καθημερινότητά σας σε ένα ταξίδι ξεκούρασης και χαλάρωσης! Το καινοτόμο στρώμα Hypnottica είναι η ιδανική επιλογή για όσους αναζητούν απόλυτη άνεση στον ύπνο. Η μοναδική του τεχνολογία POCKET SPRINGS εξασφαλίζει εξατομικευμένη υποστήριξη, προσαρμοζόμενη τέλεια στις κινήσεις σας κατά τη διάρκεια της νύχτας.</p> <p>Αφήστε το σώμα σας να απολαύσει την ελευθερία κίνησης που χρειάζεται - χωρίς περιορισμούς και εμπόδια. Με το Hypnottica, κάθε στιγμή ύπνου μετατρέπεται σε μια εμπειρία πολυτέλειας. Η προσεγμένη σχεδίασή του προσφέρει αισθητική αρτιότητα, συνδυάζοντας την ποιότητα με τη διαχρονική κομψότητα στο υπνοδωμάτιο.</p>",,,taxable,,1,67,,0,0,26.5,200,120,25,1,,,"159,9",Διακόσμηση,στρώμα,,https://eboy.gr/app/uploads/sites/2/2026/05/stroma-imidiplo-fb974802-pocket-springs-.webp,,,,,,,,,0,B2BMarkt,ύψος,"25 εκ.",1,1,πλάτος,"120 εκ.",1,1,μήκος,"200 εκ.",1,1,B2BMarkt,76252,5208067215022,"2026-05-10 00:54:33",B2BMarkt,"<ul>
<li>Κατασκευή από ανεξάρτητα ελατήρια POCKET SPRINGS για εξατομικευμένη υποστήριξη</li>
<li>Τεχνολογία μονής όψης με δυνατότητα εναλλαγής κάθε 6 μήνες</li>
<li>Ομοιόμορφη κατανομή πίεσης που μειώνει τους πόνους σε ώμους, ισχία και φτέρνες</li>
<li>Ελαχιστοποίηση εμποδίων στην αλλαγή στάσης ύπνου για βελτιωμένη κυκλοφορία αίματος</li>
<li>Απαλή επιφάνεια επαφής με έμφαση στην άνεση και την υγιεινή του ύπνου</li>
<li>Αντοχή και υποστηρικτική δομή χάρη στα ανεξάρτητα ελατήρια υψηλής πυκνότητας</li>
</ul>"
284831,simple,0603249,5208067215015,"Στρώμα Hypnottica",1,0,visible,,"<!DOCTYPE html> <html lang=""el""> <head> <meta charset=""UTF-8""> <title>Στρώμα Hypnottica - Ο Ύπνος Σας Αξίζει το Καλύτερο</title> </head> <body> <p>Ανακαλύψτε την απόλυτη εμπειρία ύπνου με το στρώμα HYPNOTTICA, τον ιδανικό σας σύντροφο για αναζωογόνηση και ευεξία. Με καινοτόμο σχεδιασμό μονής όψης και τα πρωτοποριακά POCKET SPRINGS, προσφέρει μοναδική άνεση και υποστήριξη σε κάθε κίνηση του σώματος κατά τη διάρκεια της νύχτας.</p> <p>Αφήστε τους πόνους του παρελθόντος πίσω και ξυπνήστε ανανεωμένοι! Το Hypnottica προσαρμόζεται φυσικά στη στάση σας, εξασφαλίζοντας ότι θα απολαύσετε έναν ύπνο χωρίς περιορισμούς. Η προσοχή στη λεπτομέρεια και η εξαιρετική ποιότητα κατασκευής το καθιστούν όχι απλώς ένα στρώμα, αλλά μια επένδυση στην υγεία και την ευεξία σας.</p> </body> </html>",,,taxable,,1,10,,0,0,20.5,190,90,25,1,,,"119,9",Διακόσμηση,στρώμα,,https://eboy.gr/app/uploads/sites/2/2026/05/stroma-mono-fb974801-pocket-springs-leyk.webp,,,,,,,,,0,B2BMarkt,ύψος,"25 εκ.",1,1,πλάτος,"90 εκ.",1,1,μήκος,"190 εκ.",1,1,B2BMarkt,76253,5208067215015,"2026-05-10 00:55:05",B2BMarkt,"<ul>
<li>Κατασκευή από ανεξάρτητα ελατήρια POCKET SPRINGS για εξατομικευμένη στήριξη</li>
<li>Τεχνολογία μονής όψης με δυνατότητα αλλαγής θέσης έως 60 φορές/νύχτα χωρίς περιορισμό</li>
<li>Ομοιόμορφη κατανομή πίεσης που μειώνει τους πόνους σε ώμους, ισχία και φτέρνες</li>
<li>Ελαστικά κυλινδρικά υφάσματα περιβάλλουν τα ελατήρια για μέγιστη άνεση</li>
<li>Βελτιστοποιημένη κυκλοφορία αίματος λόγω της ειδικής δομής των ελατηρίων</li>
</ul>"
284833,simple,0535740,5208067184618,"Φωτιστικό οροφής Jaylen",1,0,visible,,"<!DOCTYPE html> <html lang=""el""> <head> <meta charset=""UTF-8""> <title>Φωτιστικό Οροφής Jaylen</title> </head> <body> <p>Αναβαθμίστε την ατμόσφαιρα του χώρου σας με το εντυπωσιακό φωτιστικό οροφής JAYLEN, την τέλεια επιλογή για όσους αναζητούν μοναδικό στυλ και ποιότητα. Κατασκευασμένο από υψηλής ποιότητας fiber cement σε διακριτικό γκρι χρώμα, συνδυάζεται αρμονικά με κάθε διακόσμηση, προσφέροντας μια αίσθηση πολυτέλειας.</p> <p>Με την κομψή αλυσίδα από αλουμίνιο, το φωτιστικό αυτό αποτελεί σημείο αναφοράς στο χώρο σας. Η απλή αλλά εκλεπτυσμένη σχεδίασή του εξασφαλίζει ομοιόμορφο και ζεστό φωτισμό, δημιουργώντας την ιδανική ατμόσφαιρα για χαλάρωση ή ψυχαγωγία. Η επιλογή αυτή είναι ιδανική για όσους εκτιμούν την αισθητική αρμονία και τη διαχρονική ποιότητα στον εσωτερικό σχεδιασμό.</p> </body> </html>",,,taxable,,1,15,,0,0,21,55,65,45,1,,,"249,9",Υπνοδωμάτιο,φωτιστικό,,https://eboy.gr/app/uploads/sites/2/2026/05/fotistiko-orofis-kremasto-fb9470303l-fib.webp,,,,,,,,,0,B2BMarkt,ύψος,"45 εκ.",1,1,πλάτος,"65 εκ.",1,1,μήκος,"55 εκ.",1,1,B2BMarkt,76254,5208067184618,"2026-05-10 00:55:38",B2BMarkt,"<ul>
<li>Κατασκευή από Fiber Cement με ενισχυμένες ίνες κυτταρίνης για αυξημένη αντοχή και ανθεκτικότητα στη σήψη, το νερό και τα έντομα.</li>
<li>Επιφάνεια σε γκρι χρώμα με ματ φινίρισμα που προσφέρει κομψό αισθητικό αποτέλεσμα.</li>
<li>Υποδοχή λαμπτήρα τύπου Ε27 (Normal Socket Bulb).</li>
<li>Προτείνεται η χρήση LED λαμπτήρων για εξοικονόμηση ενέργειας.</li>
<li>Αλυσίδα κρέμασης κατασκευασμένη από αλουμίνιο υψηλής ποιότητας με αντοχή στη διάβρωση.</li>
<li>Συμμορφώνεται με τις προδιαγραφές ασφαλείας CE.</li>
</ul>"
284835,simple,0603257,5208067215091,"Στρώμα Silentium",1,0,visible,,"<p>Εμπιστευτείτε τον ύπνο σας στο καινοτόμο στρώμα Silentium και μεταμορφώστε την καθημερινότητά σας. Σχεδιασμένο για όσους αναζητούν άριστη ποιότητα ύπνου, προσφέρει μοναδική άνεση και στήριξη καθ' όλη τη διάρκεια της νύχτας. Η τεχνολογία POCKET SPRINGS προσαρμόζεται απόλυτα στις κινήσεις σας, επιτρέποντάς σας να αλλάζετε στάση με απόλυτη ελευθερία, χωρίς περιορισμούς. Απολαύστε βαθύ και αναζωογονητικό ύπνο, απαλλαγμένοι από πόνους και εντάσεις στο σώμα.</p>",,,taxable,,1,89,,0,0,36.5,200,150,30,1,,,"234,9",Διακόσμηση,στρώμα,,https://eboy.gr/app/uploads/sites/2/2026/05/stroma-diplo-fb974905-pocket-springs-ley.webp,,,,,,,,,0,B2BMarkt,ύψος,"30 εκ.",1,1,πλάτος,"150 εκ.",1,1,μήκος,"200 εκ.",1,1,B2BMarkt,76255,5208067215091,"2026-05-10 00:56:13",B2BMarkt,"<ul>
<li>Κατασκευή από ανεξάρτητα ελατήρια POCKET SPRINGS για εξατομικευμένη υποστήριξη</li>
<li>Ελαφρώς σκληρό στρώμα μονής όψης με ομοιόμορφη κατανομή πίεσης</li>
<li>Τεχνολογία ανεξάρτητων ελατηρίων που προσαρμόζεται στις κινήσεις του σώματος</li>
<li>Επιφάνεια με ειδική επεξεργασία για άνετη κυκλοφορία αέρα και αποφυγή υγρασίας</li>
<li>Αντιολισθητική βάση στο κάτω μέρος για σταθερότητα</li>
</ul>"
284837,simple,0603256,5208067215084,"Στρώμα Silentium",1,0,visible,,"<p>Ανακαλύψτε την απόλυτη χαλάρωση με το καινοτόμο στρώμα Silentium! Σχεδιασμένο για όσους αναζητούν έναν πραγματικά αναζωογονητικό ύπνο, προσφέρει μοναδική άνεση και υποστήριξη σε κάθε κίνηση.</p> <p>Με τεχνολογία POCKET SPRINGS και σχεδιασμό μονής όψης, προσαρμόζεται ιδανικά στο σώμα σας. Αφήστε τους πόνους του σώματος να γίνουν παρελθόν χάρη στην ομοιόμορφη κατανομή πίεσης που εξασφαλίζει την καλύτερη δυνατή στήριξη όπου χρειάζεται περισσότερο. Επιτρέψτε στον εαυτό σας μια νύχτα ήρεμου ύπνου χωρίς περιττές ενοχλήσεις, επιτρέποντας τη φυσική αλλαγή θέσεων κατά τη διάρκεια της νύχτας.</p>",,,taxable,,1,71,,0,0,34.5,200,140,30,1,,,"224,9",Διακόσμηση,στρώμα,,https://eboy.gr/app/uploads/sites/2/2026/05/stroma-diplo-fb974904-pocket-springs-ley.webp,,,,,,,,,0,B2BMarkt,ύψος,"30 εκ.",1,1,πλάτος,"140 εκ.",1,1,μήκος,"200 εκ.",1,1,B2BMarkt,76256,5208067215084,"2026-05-10 00:56:43",B2BMarkt,"<ul>
<li>Κατασκευή από ανεξάρτητα ελατήρια POCKET SPRINGS για εξατομικευμένη υποστήριξη</li>
<li>Τεχνολογία μονής όψης με δυνατότητα εναλλαγής πλευρών</li>
<li>Ελαχιστοποίηση σημείων πίεσης μέσω της ομοιόμορφης κατανομής βάρους</li>
<li>Ενίσχυση καλής αιμάτωσης και κυκλοφορίας του αίματος κατά τη διάρκεια του ύπνου</li>
<li>Αθόρυβη λειτουργία χάρη στην ειδική κατασκευή των ελατηρίων (Silentium)</li>
<li>Επιφάνεια με ειδικά υφάσματα για άνεση και αντοχή στη χρήση</li>
</ul>"
284839,simple,0603254,5208067215060,"Στρώμα Silentium",1,0,visible,,"<p>Ανακαλύψτε την απόλυτη εμπειρία ύπνου με το καινοτόμο στρώμα Silentium. Σχεδιασμένο για να σας προσφέρει μοναδική άνεση και ποιότητα ξεκούρασης, αυτό το μοντέρνο στρώμα συνδυάζει άριστα την τεχνολογία με την πολυτέλεια.</p> <p>Επαναστατικά POCKET SPRINGS προσαρμόζονται στις κινήσεις σας κατά τη διάρκεια της νύχτας, επιτρέποντας συνεχείς αλλαγές στάσης χωρίς κόπο. Απολαύστε βαθύ ύπνο και ξυπνήστε κάθε πρωί γεμάτοι ενέργεια και αναζωογονημένοι. Η προσεγμένη αισθητική του προσθέτει μια κομψή πινελιά στο υπνοδωμάτιό σας, ενώ η υψηλή ποιότητα κατασκευής εγγυάται χρόνια άνεσης.</p>",,,taxable,,1,50,,0,0,23,190,90,30,1,,,"149,9",Διακόσμηση,στρώμα,,https://eboy.gr/app/uploads/sites/2/2026/05/stroma-mono-fb974901-pocket-springs-leyk.webp,,,,,,,,,0,B2BMarkt,ύψος,"30 εκ.",1,1,πλάτος,"90 εκ.",1,1,μήκος,"190 εκ.",1,1,B2BMarkt,76257,5208067215060,"2026-05-10 00:57:15",B2BMarkt,"<ul>
<li>Κατασκευή από ανεξάρτητα ελατήρια POCKET SPRINGS για εξατομικευμένη υποστήριξη</li>
<li>Τεχνολογία μονής όψης με δυνατότητα εναλλαγής χρήσης και των δύο πλευρών</li>
<li>Ελαχιστοποίηση πίεσης σημείων υψηλής επαφής (ώμοι, ισχία, πτέρνες) μέσω ειδικής κατανομής ελατηρίων</li>
<li>Ανεμπόδιστη αλλαγή θέσης ύπνου για πρόληψη μυοσκελετικών πόνων</li>
<li>Επιφάνεια με ομοιόμορφη κατανομή πίεσης για βέλτιστη κυκλοφορία αίματος</li>
</ul>"
284841,simple,0603255,5208067215077,"Στρώμα Silentium",1,0,visible,,"<!DOCTYPE html> <html lang=""el""> <head> <meta charset=""UTF-8""> <title>Στρώμα Silentium</title> </head> <body> <p>Ανακαλύψτε την απόλυτη άνεση με το καινοτόμο στρώμα SILENTIUM, σχεδιασμένο για να μεταμορφώσει τον ύπνο σας. Η μοναδική τεχνολογία POCKET SPRINGS προσφέρει εξατομικευμένη υποστήριξη σε κάθε σημείο του σώματος, επιτρέποντας φυσικές κινήσεις κατά τη διάρκεια της νύχτας χωρίς περιορισμούς.</p> <p>Αφήστε τους έντονους ήχους του καθημερινού ρυθμού να σβήσουν με ένα στρώμα που συνδυάζει την προηγμένη τεχνολογία με την απαλή αίσθηση. Ιδανικό για όσους αναζητούν ποιότητα και υγιεινό ύπνο, το Silentium εξασφαλίζει ξεκούραση υψηλής ποιότητας κάθε βράδυ. Εμπιστευτείτε την ευεξία σας στα χέρια ειδικών της νυχτερινής ανάπαυσης.</p> </body> </html>",,,taxable,,1,67,,0,0,30,200,120,30,1,,,"199,9",Διακόσμηση,στρώμα,,https://eboy.gr/app/uploads/sites/2/2026/05/stroma-imidiplo-fb974902-pocket-springs-.webp,,,,,,,,,0,B2BMarkt,ύψος,"30 εκ.",1,1,πλάτος,"120 εκ.",1,1,μήκος,"200 εκ.",1,1,B2BMarkt,76258,5208067215077,"2026-05-10 00:57:51",B2BMarkt,"<ul>
<li>Κατασκευή από ανεξάρτητα ελατήρια POCKET SPRINGS για εξατομικευμένη υποστήριξη σώματος</li>
<li>Μηχανισμός μονής όψης με δυνατότητα άνετης εναλλαγής θέσης κατά τον ύπνο (έως 60 φορές/νύχτα)</li>
<li>Ομοιόμορφη κατανομή πίεσης που μειώνει τους πόνους σε ώμους, ισχία και φτέρνες</li>
<li>Ελαχιστοποίηση σημείων υψηλής πίεσης για βέλτιστη κυκλοφορία αίματος</li>
<li>Ανθεκτική κατασκευή μονής όψης με ενσωματωμένη τεχνολογία ανεξάρτητων ελατηρίων νέας γενιάς</li>
</ul>"
284843,simple,0603258,5208067215107,"Στρώμα Silentium",1,0,visible,,"<!DOCTYPE html> <html lang=""el""> <head> <meta charset=""UTF-8""> </head> <body> <p>Ανακαλύψτε την απόλυτη εμπειρία ύπνου με το Silentium! Ένα στρώμα που μεταμορφώνει τον καθημερινό σας ύπνο σε μια μοναδική αίσθηση χαλάρωσης και ευεξίας. Η πρωτοποριακή τεχνολογία Pocket Springs προσαρμόζεται τέλεια στο σώμα σας, προσφέροντας εξατομικευμένη στήριξη όπου χρειάζεται περισσότερο.</p> <p>Με την έξυπνη σχεδίαση μονής όψης, το Silentium εξασφαλίζει άνετο και αναζωογονητικό ύπνο κάθε βράδυ. Η καινοτόμος δομή του επιτρέπει την απρόσκοπτη κίνηση κατά τη διάρκεια της νύχτας, προστατεύοντας έτσι τη σπονδυλική στήλη και τις αρθρώσεις σας. Επιλέξτε το Silentium για μια πολυτελή εμπειρία ύπνου που συνδυάζει άνεση, ποιότητα και αισθητική αρμονία στο υπνοδωμάτιό σας.</p> </body> </html>",,,taxable,,1,67,,0,0,39.5,200,160,30,1,,,"249,9",Διακόσμηση,στρώμα,,https://eboy.gr/app/uploads/sites/2/2026/05/stroma-diplo-fb974906-pocket-springs-ley.webp,,,,,,,,,0,B2BMarkt,ύψος,"30 εκ.",1,1,πλάτος,"160 εκ.",1,1,μήκος,"200 εκ.",1,1,B2BMarkt,76259,5208067215107,"2026-05-10 00:58:31",B2BMarkt,"<ul>
    <li>Κατασκευή από ανεξάρτητα ελατήρια POCKET SPRINGS για εξατομικευμένη υποστήριξη.</li>
    <li>Διπλή πλευρά με ενιαία διάταξη ελατηρίων για διάρκεια και σταθερότητα.</li>
    <li>Ομοιόμορφη κατανομή πίεσης που μειώνει τους πόνους σε ώμους, ισχία και φτέρνες.</li>
    <li>Ελαχιστοποίηση περιστροφής σώματος χάρη στην ανεξάρτητη λειτουργία των ελατηρίων.</li>
    <li>Επιφάνεια μονής όψης με ειδική επεξεργασία για άνεση και υγιεινή συντήρηση.</li>
</ul>"
284845,simple,0535742,5208067184656,"Φωτιστικό οροφής Logky",1,0,visible,,"<!DOCTYPE html> <html lang=""el""> <head> <meta charset=""UTF-8""> <title>LOGKY Φωτιστικό Οροφής</title> </head> <body> <p>Ανακαλύψτε το LOGKY, ένα φωτιστικό οροφής που μεταμορφώνει κάθε χώρο σε σημείο αναφοράς design και κομψότητας. Η ιδιαίτερη γκρι απόχρωση του fiber cement, συνδυασμένη με την premium αισθητική της αλουμινένιας αλυσίδας, δημιουργεί ένα εντυπωσιακό αποτέλεσμα που ξεχωρίζει.</p> <p>Το κρεμαστό φωτιστικό LOGKY συνδυάζει τέλεια τη σύγχρονη μίνιμαλ αισθητική με industrial στοιχεία, προσφέροντας έναν μοναδικό συνδυασμό ποιότητας και στυλ. Ιδανικό για όσους αναζητούν ένα statement piece που θα αποτελέσει το επίκεντρο του χώρου τους, χωρίς να θυσιάζει την πρακτικότητα ή την αρμονία της διακόσμησης.</p> </body> </html>",,,taxable,,1,16,,0,0,11.59,35,35,67,1,,,"199,9",Υπνοδωμάτιο,φωτιστικό,,https://eboy.gr/app/uploads/sites/2/2026/05/fotistiko-orofis-kremasto-fb9470403l-fib.webp,,,,,,,,,0,B2BMarkt,ύψος,"67 εκ.",1,1,πλάτος,"35 εκ.",1,1,μήκος,"35 εκ.",1,1,B2BMarkt,76260,5208067184656,"2026-05-10 00:59:04",B2BMarkt,"<ul>
<li>Κατασκευή από Fiber Cement, σύνθετο δομικό υλικό με υψηλή αντοχή</li>
<li>Γκρι σαγρέ φινίρισμα για industrial αισθητική</li>
<li>Αλουμινένια αλυσίδα κρέμασης για στήριξη</li>
<li>Υποδοχή λαμπτήρα Ε27 (Normal Socket Bulb)</li>
<li>Συμβατό αποκλειστικά με LED φωτιστικά για ενεργειακή απόδοση</li>
<li>Συνολικό βάρος: 10,59 kg</li>
<li>CE πιστοποιημένο προϊόν</li>
</ul>"
284847,simple,0535745,5208067184649,"Φωτιστικό οροφής Logky",1,0,visible,,"<p>Αναβαθμίστε την αισθητική του χώρου σας με το LOGKY, ένα φωτιστικό οροφής που συνδυάζει άψογα τη σύγχρονη κομψότητα με την industrial γοητεία. Η λιτή γραμμή και η μοναδική υφή από fiber cement σε λευκή απόχρωση δημιουργούν μια ατμόσφαιρα διακριτικής πολυτέλειας. Η προσεκτικά σχεδιασμένη αλουμινένια αλυσίδα κρέμασης προσδίδει σταθερότητα και διαχρονική αισθητική.</p> <p>Το LOGKY δεν είναι απλώς ένα φωτιστικό - είναι ένα statement piece που μεταμορφώνει κάθε δωμάτιο, προσφέροντας ζεστή και ομοιόμορφη φωτιστική απόδοση. Ιδανικό για όσους εκτιμούν την ποιότητα, το ξεχωριστό design και τη δυνατότητα να δημιουργήσουν μια μοναδική ατμόσφαιρα στο σπίτι ή τον επαγγελματικό τους χώρο.</p>",,,taxable,,1,13,,0,0,11.59,35,35,67,1,,,"199,9",Υπνοδωμάτιο,φωτιστικό,,https://eboy.gr/app/uploads/sites/2/2026/05/fotistiko-orofis-kremasto-fb9470402l-fib.webp,,,,,,,,,0,B2BMarkt,ύψος,"67 εκ.",1,1,πλάτος,"35 εκ.",1,1,μήκος,"35 εκ.",1,1,B2BMarkt,76261,5208067184649,"2026-05-10 00:59:33",B2BMarkt,"<ul>
<li>Υλικό κατασκευής: Σύνθετο Fiber Cement με σαγρέ υφή</li>
<li>Χρώμα: Λευκό ματ φινίρισμα</li>
<li>Αλυσίδα κρέμασης: Κατασκευασμένη από αλουμίνιο</li>
<li>Τύπος υποδοχής λαμπτήρα: Ε27 (κανονική υποδοχή)</li>
<li>Προτεινόμενη χρήση: LED λαμπτήρες για βέλτιστη απόδοση</li>
<li>Πιστοποίηση ασφαλείας: CE Certified</li>
<li>Βάρος: 10,59 kg</li>
</ul>"
284849,simple,0535743,5208067184670,"Φωτιστικό οροφής Logky",1,0,visible,,"<!DOCTYPE html> <html lang=""el""> <head> <meta charset=""UTF-8""> <title>Logky - Φωτιστικό Οροφής</title> </head> <body> <p>Ανακαλύψτε το LOGKY, ένα φωτιστικό οροφής που μεταμορφώνει κάθε χώρο σε σύγχρονο καταφύγιο. Με την κομψότητα του κυλινδρικού σχήματος από fiber cement σε διακριτική γκρι απόχρωση και την εκλεπτυσμένη μεταλλική αλυσίδα, το LOGKY προσδίδει μοναδική αισθητική στον εσωτερικό σχεδιασμό σας. Η μίνιμαλ γραμμή του αναδεικνύεται ιδανικά σε μοντέρνες αλλά και πιο κλασικές διαρρυθμίσεις, προσφέροντας διαχρονικό στυλ.</p> <p>Επιλέξτε το για τη διακριτική πολυτέλεια που προσφέρει και την υψηλή ποιότητα κατασκευής. Ένα φωτιστικό που δεν λειτουργεί απλά ως πηγή φωτισμού, αλλά αποτελεί αναπόσπαστο κομμάτι της διακόσμησης, συνδυάζοντας αρμονικά λειτουργικότητα και αισθητική σε κάθε δωμάτιο του σπιτιού ή του επαγγελματικού σας χώρου.</p> </body> </html>",,,taxable,,1,15,,0,0,5.89,24,24,47,1,,,"119,9",Υπνοδωμάτιο,φωτιστικό,,https://eboy.gr/app/uploads/sites/2/2026/05/fotistiko-orofis-kremasto-fb9470403s-fib.webp,,,,,,,,,0,B2BMarkt,ύψος,"47 εκ.",1,1,πλάτος,"24 εκ.",1,1,μήκος,"24 εκ.",1,1,B2BMarkt,76262,5208067184670,"2026-05-10 01:00:04",B2BMarkt,"<ul>
<li>Κατασκευή από Fiber Cement με σαγρέ υφή για industrial αισθητική</li>
<li>Χρώμα: Γκρι απόχρωση υψηλής ποιότητας</li>
<li>Αλυσίδα κρέμασης από αλουμίνιο για αντοχή και μοντέρνο σχεδιασμό</li>
<li>Υποδοχή λαμπτήρα Ε27 (κανονική υποδοχή βολβού)</li>
<li>Προτείνεται η χρήση LED λαμπτήρων για βέλτιστη απόδοση</li>
<li>Συνολικό βάρος: 4.89 kg, κατάλληλο για εσωτερική εγκατάσταση</li>
<li>CE πιστοποιημένο προϊόν</li>
</ul>"
284851,simple,0535744,5208067184663,"Φωτιστικό οροφής Logky",1,0,visible,,"<!DOCTYPE html> <html lang=""el""> <head> <meta charset=""UTF-8""> <title>LOGKY - Φωτιστικό Οροφής</title> </head> <body> <p>Αναβαθμίστε τον χώρο σας με το LOGKY, ένα μοναδικό φωτιστικό οροφής που συνδυάζει αρμονικά τη σύγχρονη αισθητική με την ποιότητα. Η κυλινδρική του μορφή από fiber cement σε καθαρή λευκή απόχρωση, συνδυάζεται άψογα με την μεταλλική αλυσίδα κρέμασης από αλουμίνιο, δημιουργώντας μια κομψή industrial σύνθεση.</p> <p>Απολαύστε διακριτική πολυτέλεια και αναβαθμισμένη ατμόσφαιρα στο σπίτι ή τον επαγγελματικό σας χώρο. Το LOGKY δεν είναι απλά ένα φωτιστικό - είναι ένα statement design piece που προσφέρει εξαιρετικό φωτισμό ενώ ταυτόχρονα αποτελεί σημείο αναφοράς του χώρου σας.</p> </body> </html>",,,taxable,,1,14,,0,0,5.89,24,24,47,1,,,"119,9",Υπνοδωμάτιο,φωτιστικό,,https://eboy.gr/app/uploads/sites/2/2026/05/fotistiko-orofis-kremasto-fb9470402s-fib.webp,,,,,,,,,0,B2BMarkt,ύψος,"47 εκ.",1,1,πλάτος,"24 εκ.",1,1,μήκος,"24 εκ.",1,1,B2BMarkt,76263,5208067184663,"2026-05-10 01:00:45",B2BMarkt,"<ul>
<li>Κατασκευή από Fiber Cement με σαγρέ υφή για industrial αισθητική</li>
<li>Λευκή απόχρωση με ανθεκτική επιφάνεια υψηλής ποιότητας</li>
<li>Αλουμινένια αλυσίδα κρέμασης με στιβαρή κατασκευή</li>
<li>Υποδοχή λαμπτήρα Ε27 (Normal Socket Bulb)</li>
<li>Συνιστάται η χρήση LED λαμπτήρων για βέλτιστη απόδοση</li>
<li>CE Certified προϊόν με πιστοποίηση ασφαλείας</li>
<li>Βάρος: 4.89 kg, κατάλληλο για κρεμαστή τοποθέτηση</li>
</ul>"
284853,simple,0413207,5208067184915,"Γλάστρα εσωτερικού χώρου Rentil",1,0,visible,,"<!DOCTYPE html> <html lang=""el""> <head> <meta charset=""UTF-8""> <title>Γλάστρα RENTIL - Ομορφιά στο Σπίτι σας</title> </head> <body> <p>Αναβαθμίστε τη διακόσμηση του σπιτιού σας με την εντυπωσιακή γλάστρα RENTIL, τον τέλειο συνδυασμό κομψότητας και λειτουργικότητας. Η ιδιαίτερη κατασκευή της από Fiber Cement σε ζεστό ΤΕΡΑΚΟΤΑ χρώμα, συνοδεύεται από μια κομψή βάση teak, δημιουργώντας ένα μοναδικό διακοσμητικό στοιχείο για κάθε χώρο.</p> <p>Το ξεχωριστό design της, μαζί με τις πρακτικές της διαστάσεις (Φ27x66Υ εκ.) και το κομψό στόμιο διαμέτρου 21εκ., την καθιστούν ιδανική επιλογή για να προσθέσετε μια πινελιά χαρακτήρα στο εσωτερικό σας. Με βάρος μόλις 2,86kg, η RENTIL είναι εύκολα μεταφερόμενη, διατηρώντας παράλληλα τη στιβαρή κατασκευή της. Μετατρέψτε το περιβάλλον σας σε ένα ζωντανό καταφύγιο ομορφιάς και φρεσκάδας!</p> </body> </html>",,,taxable,,1,19,,0,0,5.1,27,27,66,1,,,"69,15",Διακόσμηση,διακοσμητικό,,https://eboy.gr/app/uploads/sites/2/2026/05/glastra-esotchoroy-fb9468408l-fiber-ceme.webp,,,,,,,,,0,B2BMarkt,ύψος,"66 εκ.",1,1,πλάτος,"27 εκ.",1,1,μήκος,"27 εκ.",1,1,B2BMarkt,76264,5208067184915,"2026-05-10 01:01:18",B2BMarkt,"<ul>
<li>Κατασκευή από Fiber Cement με ενίσχυση ινών κυτταρίνης για αυξημένη αντοχή και χαμηλή συντήρηση.</li>
<li>Επεξεργασία σε ΤΕΡΑΚΟΤΑ χρώμα, προσφέροντας ανθεκτική επιφάνεια εξωτερικού χώρου.</li>
<li>Συνοδεύεται από βάση στήριξης από ξύλο teak υψηλής ποιότητας.</li>
<li>Σχεδιασμός με στόμιο διαμέτρου Φ21 εκ. για εύκολη φροντίδα φυτών.</li>
<li>Ανθεκτικό στη χρήση νερού όταν τοποθετείται εσωτερικό δοχείο (προτεινόμενη χρήση).</li>
<li>Βάρος: 2,86 kg, κατάλληλο για σταθερή τοποθέτηση.</li>
</ul>"
284855,simple,0413210,5208067184946,"Γλάστρα χώρου Rentil Fiber Cement",1,0,visible,,"<!DOCTYPE html> <html lang=""el""> <head> <meta charset=""UTF-8""> <title>Γλάστρα Rentil - Η Τέχνη του Χώρου</title> </head> <body> <p>Αναβαθμίστε το χώρο σας με την ξεχωριστή γλάστρα RENTIL, ένα έργο τέχνης για τον εσωτερικό σας κήπο. Η κομψή κατασκευή από Fiber Cement σε γήινο ΤΕΡΑΚΟΤΑ χρώμα, συνδυάζεται ιδανικά με τη φυσική ομορφιά της ξύλινης βάσης teak, δημιουργώντας μια αρμονική σύνθεση που αναβαθμίζει κάθε γωνιά του σπιτιού σας.</p> <p>Η RENTIL δεν είναι απλά μια γλάστρα - είναι ένας κομψός διακοσμητικός στοιχείο που φέρνει τη φύση στο εσωτερικό περιβάλλον. Με τις τέλειες αναλογίες και το εκλεπτυσμένο design της, μεταμορφώνει τον χώρο σας σε ένα γαλήνιο καταφύγιο. Ιδανική επιλογή για λάτρεις του ποιοτικού σχεδιασμού και της προσεγμένης διακόσμησης.</p> </body> </html>",,,taxable,,1,21,,0,0,4.7,27,27,56,1,,,"69,15",Διακόσμηση,διακοσμητικό,,https://eboy.gr/app/uploads/sites/2/2026/05/glastra-esotchoroy-fb9468408s-fiber-ceme.webp,,,,,,,,,0,B2BMarkt,ύψος,"56 εκ.",1,1,πλάτος,"27 εκ.",1,1,μήκος,"27 εκ.",1,1,B2BMarkt,76265,5208067184946,"2026-05-10 01:01:52",B2BMarkt,"<ul>
<li>Κατασκευή από Fiber Cement με ενίσχυση ινών κυτταρίνης για αυξημένη αντοχή</li>
<li>Χρωματισμένο σε τερακότα (TERRACOTTA) φινίρισμα</li>
<li>Συνοδεύεται από ξύλινη βάση μεσαίου ύψους από teak</li>
<li>Ανθεκτική κατασκευή κατάλληλη για εσωτερική χρήση μόνο</li>
<li>Ελάχιστη απαιτούμενη συντήρηση λόγω της σύνθεσης του υλικού</li>
<li>Διαθέτει στόμιο διαμέτρου 21εκ. στο άνω μέρος</li>
<li>Συνολικό βάρος: 2,76kg</li>
</ul>"
284857,simple,0413208,5208067184922,"Γλάστρα εσωτερικού χώρου Rentil",1,0,visible,,"<p>Ανακαλύψτε την γλάστρα RENTIL - μια κομψή επιλογή για τους λάτρεις της σύγχρονης διακόσμησης εσωτερικών χώρων. Το μοναδικό design συνδυάζει τη διαχρονική κομψότητα του λευκού Fiber Cement με τη φυσική γοητεία του ξύλου teak στη χιαστί βάση, δημιουργώντας ένα εντυπωσιακό αποτέλεσμα.</p> <p>Ιδανική τόσο για αρχάριους όσο και έμπειρους κηπουρούς, η γλάστρα RENTIL προσφέρει μια πρακτική λύση καλλιέργειας, ενώ ταυτόχρονα αναβαθμίζει την αισθητική οποιουδήποτε χώρου. Το μοντέρνο της σχήμα σε συνδυασμό με τις πρακτικές διαστάσεις (διαμέτρος 27εκ x ύψος 66εκ) εξασφαλίζει άνετη χρήση και ιδανική τοποθέτηση σε κάθε γωνιά του σπιτιού σας.</p> <p>Με βάρος μόλις 2.86 κιλά, η RENTIL μεταφέρεται εύκολα, διατηρώντας παράλληλα τη στιβαρή κατασκευή που εγγυάται μακροχρόνια απόλαυση της φυσικής ομορφιάς.</p>",,,taxable,,1,18,,0,0,5.1,27,27,66,1,,,"69,15",Διακόσμηση,διακοσμητικό,,https://eboy.gr/app/uploads/sites/2/2026/05/glastra-esotchoroy-fb9468402l-fiber-ceme.webp,,,,,,,,,0,B2BMarkt,ύψος,"66 εκ.",1,1,πλάτος,"27 εκ.",1,1,μήκος,"27 εκ.",1,1,B2BMarkt,76266,5208067184922,"2026-05-10 01:02:26",B2BMarkt,"<ul>
<li>Κατασκευή από Fiber Cement με ενίσχυση ινών κυτταρίνης για αυξημένη ανθεκτικότητα και χαμηλή συντήρηση.</li>
<li>Λευκό φινίρισμα υψηλής ποιότητας, ανθεκτικό στη φθορά και το καθάρισμα.</li>
<li>Συνοδεύεται από ξύλινη βάση teak σε χιαστί διάταξη, προσφέροντας σταθερότητα και αισθητική αναβάθμιση.</li>
<li>Στρογγυλεμένο στόμιο διαμέτρου 21εκ για εύκολη προσθήκη/ αφαίρεση φυτών.</li>
<li>Σχεδιασμένο αποκλειστικά για χρήση σε εσωτερικούς χώρους με προστασία κατά της υγρασίας.</li>
<li>Βάρος: 2.86kg, κατάλληλο για σταθερή τοποθέτηση.</li>
</ul>"
284859,simple,0413209,5208067184939,"Γλάστρα ράντη Rentil Fiber Cement",1,0,visible,,"<!DOCTYPE html> <html lang=""el""> <head> <meta charset=""UTF-8""> <title>Γλάστρα RENTIL - Μοντέρνα Διακόσμηση</title> </head> <body> <p>Αναβαθμίστε το σπίτι σας με την μοναδική γλάστρα Rentil, ένα αριστούργημα σύγχρονης αισθητικής. Το ιδιαίτερο design της σε γκρι απόχρωση, συνδυαζόμενο με τη φυσική ζεστασιά του ξύλου teak στη βάση της, δημιουργεί ένα εντυπωσιακό διακοσμητικό στοιχείο που θα ξεχωρίσει στον χώρο σας.</p> <p>Η κομψή κατασκευή από Fiber Cement εγγυάται ανθεκτικότητα και μακροζωία. Ιδανική για εσωτερικούς χώρους, προσφέρει μια κομψή λύση για τη διακόσμηση των φυτών σας ενώ παράλληλα προσθέτει μια νότα κομψότητας στο εσωτερικό του σπιτιού ή του γραφείου σας. Με την Rentil, η ομορφιά συναντά τη λειτουργικότητα.</p> </body> </html>",,,taxable,,1,20,,0,0,5.1,27,27,66,1,,,"69,15",Διακόσμηση,,,https://eboy.gr/app/uploads/sites/2/2026/05/glastra-esotchoroy-fb9468403l-fiber-ceme.webp,,,,,,,,,0,B2BMarkt,ύψος,"66 εκ.",1,1,πλάτος,"27 εκ.",1,1,μήκος,"27 εκ.",1,1,B2BMarkt,76267,5208067184939,"2026-05-10 01:02:58",B2BMarkt,"<ul>
<li>Κατασκευή από Fiber Cement ενισχυμένο με ίνες κυτταρίνης για αυξημένη αντοχή και χαμηλή συντήρηση</li>
<li>Γκρι φινίρισμα ανθεκτικό στην υγρασία και την καθημερινή χρήση</li>
<li>Συνοδεύεται από ξύλινη χιαστί βάση από teak υψηλής ποιότητας</li>
<li>Στόμιο διαμέτρου 21 εκατοστών για εύκολη φροντίδα των φυτών</li>
<li>Ανθεκτική κατασκευή με συνολικό βάρος 2,86kg</li>
<li>Προτείνεται η χρήση εσωτερικού δοχείου όταν έρχεται σε επαφή με νερό</li>
</ul>"
284861,simple,0413211,5208067184953,"Γλάστρα χώρου Rentil Fiber Cement",1,0,visible,,"<!DOCTYPE html> <html lang=""el""> <head> <meta charset=""UTF-8""> <title>Γλάστρα χώρου Rentil</title> </head> <body> <p>Αναβαθμίστε το εσωτερικό σας με την εντυπωσιακή γλάστρα Rentil, ένα έργο σύγχρονης αρχιτεκτονικής για τον χώρο σας. Η μοναδική σύνθεση από Fiber Cement σε εκλεπτυσμένο λευκό χρώμα συνδυάζεται αρμονικά με τη φυσική κομψότητα του ξύλου teak στη χιαστί βάση της.</p> <p>Αυτή η καινοτόμος κασπό αποτελεί ιδανική επιλογή για λάτρεις της αισθητικής και του ποιοτικού σχεδιασμού εσωτερικών χώρων, συνδυάζοντας λειτουργικότητα με απαράμιλλη αισθητική. Η κομψή της παρουσία συμπληρώνεται από την πρακτική της χρήση σε εσωτερικούς χώρους, προσφέροντας μια διαχρονική πινελιά πράσινου όπου κι αν τοποθετηθεί.</p> </body> </html>",,,taxable,,1,21,,0,0,4.7,27,27,56,1,,,"69,15",Διακόσμηση,βάζο,,https://eboy.gr/app/uploads/sites/2/2026/05/glastra-esotchoroy-fb9468402s-fiber-ceme.webp,,,,,,,,,0,B2BMarkt,ύψος,"56 εκ.",1,1,πλάτος,"27 εκ.",1,1,μήκος,"27 εκ.",1,1,B2BMarkt,76268,5208067184953,"2026-05-10 01:03:32",B2BMarkt,"<ul>
<li>Κατασκευή από Fiber Cement ενισχυμένο με ίνες κυτταρίνης, υλικό γνωστό για την ανθεκτικότητα και τη χαμηλή συντήρηση.</li>
<li>Λευκό φινίρισμα υψηλής ποιότητας στην επιφάνεια του δοχείου.</li>
<li>Συμπεριλαμβάνει χιαστί βάση στήριξης από ξύλο teak μεσαίου ύψους.</li>
<li>Σχεδιασμένο αποκλειστικά για εσωτερική χρήση με μέγιστη αντοχή σε εσωτερικούς χώρους.</li>
<li>Προτείνεται η προσθήκη εσωτερικού δοχείου για χρήση με νερό.</li>
<li>Συνολικό βάρος: 2,76 kg</li>
</ul>"
284863,simple,0413212,5208067184960,"Γλάστρα εσωτ.χώρου Rentil Fiber Cement",1,0,visible,,"<p>Η γλάστρα εσωτερικού χώρου Rentil Fiber Cement αποτελεί την ιδανική επιλογή για όσους επιθυμούν να συνδυάσουν την πρακτικότητα με το μοναδικό στυλ στη διακόσμηση του σπιτιού τους. Κατασκευασμένη από υψηλής ποιότητας Fiber Cement σε κομψό γκρι χρώμα, εντυπωσιάζει με τη διαχρονική της αισθητική.</p> <p>Το ξεχωριστό στοιχείο που κάνει αυτή τη γλάστρα ξεχωριστή είναι η ξύλινη βάση teak που προσφέρει μια κομψή ισορροπία στο συνολικό σχεδιασμό. Ιδανική για κάθε εσωτερικό χώρο, μεταμορφώνει τα φυτά σας σε έργα τέχνης. Με τις κατάλληλες διαστάσεις και το καλαίσθητο στόμιό της Φ21 εκ., αποτελεί την τέλεια επιλογή για να φέρετε τη φύση μέσα στο σπίτι σας.</p>",,,taxable,,1,21,,0,0,4.7,27,27,56,1,,,"69,15",Διακόσμηση,διακοσμητικό,,https://eboy.gr/app/uploads/sites/2/2026/05/glastra-esotchoroy-fb9468403s-fiber-ceme.webp,,,,,,,,,0,B2BMarkt,ύψος,"56 εκ.",1,1,πλάτος,"27 εκ.",1,1,μήκος,"27 εκ.",1,1,B2BMarkt,76269,5208067184960,"2026-05-10 01:04:05",B2BMarkt,"<ul>
<li>Κατασκευή από Fiber Cement ενισχυμένο με ίνες κυτταρίνης, υλικό ανθεκτικό και χαμηλής συντήρησης.</li>
<li>Γκρι φινίρισμα επιφάνειας, μη πορώδες.</li>
<li>Συνοδεύεται από ξύλινη βάση μεσαίου ύψους κατασκευασμένη από teak.</li>
<li>Εσωτερικό στόμιο διαμέτρου 21εκ. για την προσθήκη δοχείου νερού (προτεινόμενη χρήση).</li>
<li>Βάρος: 2.76kg, κατάλληλο για τοποθέτηση σε εσωτερικούς χώρους.</li>
<li>Ανθεκτικό στις καιρικές συνθήκες όταν χρησιμοποιείται σε εσωτερικό περιβάλλον.</li>
</ul>"
284865,simple,0535738,5208067184625,"Φωτιστικο κρεμαστο Jaylen",1,0,visible,,"<p>Αναβαθμίστε το χώρο σας με το εντυπωσιακό κρεμαστό φωτιστικό οροφής JAYLEN! Σχεδιασμένο για να προσφέρει κομψότητα και λειτουργικότητα σε κάθε δωμάτιο, συνδυάζει την απλότητα του λευκού fiber cement με τη διαχρονική λάμψη της αλυσίδας αλουμινίου. Η διακριτική του παρουσία προσθέτει μια νότα πολυτέλειας στον προσωπικό ή επαγγελματικό σας χώρο.</p> <p>Επιλέξτε το JAYLEN για να δημιουργήσετε την ιδανική ατμόσφαιρα, ενισχύοντας τόσο την αισθητική όσο και την εργονομία του χώρου σας. Με μοντέρνο σχεδιασμό που προσαρμόζεται εύκολα σε κάθε διακόσμηση, αποτελεί την τέλεια επιλογή για όσους αναζητούν ποιότητα και στυλ στη φωτιστική τους λύση.</p>",,,taxable,,1,12,,0,0,6.5,38.5,44.5,29,1,,,"159,9",Υπνοδωμάτιο,φωτιστικό,,https://eboy.gr/app/uploads/sites/2/2026/05/fotistiko-orofis-kremasto-fb9470302s-fib.webp,,,,,,,,,0,B2BMarkt,ύψος,"29 εκ.",1,1,πλάτος,"44.5 εκ.",1,1,μήκος,"38.5 εκ.",1,1,B2BMarkt,76274,5208067184625,"2026-05-10 01:04:37",B2BMarkt,"<ul>
<li>Κατασκευή από Fiber Cement με ενισχυμένες ίνες κυτταρίνης για αυξημένη ανθεκτικότητα και αντοχή στη φθορά</li>
<li>Λευκό φινίρισμα υψηλής ποιότητας, ματ υφή</li>
<li>Αντοχή σε υγρασία και βιολογικούς παράγοντες (σήψη, έντομα)</li>
<li>Υποδοχή λαμπτήρα Ε27 συμβατή με κοινές λάμπες πυρακτώσεως και LED</li>
<li>Αλυσίδα κρέμασης από αλουμίνιο για στήριξη στον οροφή</li>
<li>Πιστοποίηση CE για ασφάλεια και συμμόρφωση με ευρωπαϊκά πρότυπα</li>
</ul>"
284867,simple,0613147,5208067211901,"Κρεμαστή φωλιά Nesta",1,0,visible,,"<p>Ανακαλύψτε την κρεμαστή φωλιά NESTA - τον απόλυτο συνδυασμό στυλ και άνεσης για τον εξωτερικό σας χώρο! Με τον κομψό μαύρο μεταλλικό σκελετό της να προσφέρει σταθερότητα και διαχρονική αισθητική, η NESTA μεταμορφώνει κάθε γωνιά του κήπου ή της βεράντας σας σε ένα μοναδικό καταφύγιο χαλάρωσης.</p> <p>Η φυσική γοητεία του καφέ rattan πλέγματος συνδυάζεται αρμονικά με την μοντέρνα γραμμή της κατασκευής, δημιουργώντας ένα σημείο εστίασης που θα εντυπωσιάσει. Απολαύστε στιγμές ηρεμίας στην άνετη φωλιά, περιτριγυρισμένοι από την ομορφιά της φύσης, χάρη στον προσεγμένο σχεδιασμό που συνδυάζει εργονομία και αισθητική. Η NESTA δεν είναι απλώς μια διακοσμητική προσθήκη - είναι η ιδανική επιλογή για όσους αναζητούν ποιότητα, άνεση και μοναδικό στυλ στον εξωτερικό τους χώρο.</p>",,,taxable,,1,135,,0,0,20.8,100,100,190,1,,,"119,9","Κήπος & Εξωτερικός Χώρος",ξαπλώστρα,,https://eboy.gr/app/uploads/sites/2/2026/05/kremasti-folia-fb9646805-mayro-metallo-k.webp,,,,,,,,,0,B2BMarkt,ύψος,"190 εκ.",1,1,πλάτος,"100 εκ.",1,1,μήκος,"100 εκ.",1,1,B2BMarkt,76279,5208067211901,"2026-05-10 01:05:11",B2BMarkt,"<ul>
<li>Μεταλλικός σκελετός από ανοξείδωτο ατσάλι με επίστρωση αντιδιαβρωτικής προστασίας</li>
<li>Πλέξη κατασκευασμένη από ανθεκτικό P.E. Rattan υψηλής αντοχής στην ηλιακή ακτινοβολία και την υγρασία</li>
<li>Μαξιλάρια εξοπλισμένα με γέμιση PP και κάλυμμα από πολυεστερικό ύφασμα γκρι χρώματος για άνεση και αντοχή στη χρήση</li>
<li>Σχεδιασμός με ρυθμιζόμενους ιμάντες πρόσδεσης για ασφαλή τοποθέτηση σε διάφορα σημεία</li>
<li>Αντιολισθητικά πέλματα βάσης για προστασία επιφανειών</li>
<li>Εύκολη συναρμολόγηση χωρίς επιπλέον εργαλεία</li>
</ul>"
284869,simple,0535552,5208067158329,"Τραπέζι σαλόνιου Oval Montana Superior",1,0,visible,,"<p>Αναβαθμίστε το σαλόνι σας με το Oval Montana Superior - ένα τραπέζι που συνδυάζει την κομψότητα της φύσης με τη διαχρονική αισθητική. Το τραπέζι ξεχωρίζει για την εξαιρετική του ποιότητα και το μοναδικό design. Η επιφάνεια από μασίφ ξύλο ακακίας σε φυσικό χρώμα δημιουργεί μια ζεστή ατμόσφαιρα, ενώ τα όμορφα χιαστί μαύρα πόδια προσδίδουν μοντέρνο χαρακτήρα στον χώρο σας.</p> <p>Απολαύστε ένα έπιπλο που συνδυάζει την παράδοση με τη σύγχρονη αισθητική, δημιουργώντας ένα σημείο αναφοράς στο σαλόνι σας. Ιδανικό για στιγμές χαλάρωσης και φιλοξενίας, το Oval Montana Superior αποτελεί μια αξεπέραστη επιλογή για όσους αναζητούν ποιότητα και στυλ στην καθημερινή τους ζωή.</p>",,,taxable,,1,18,,0,0,21,61,120,45,1,,,"129,9","Σαλόνι & Καθιστικό",τραπέζι,,https://eboy.gr/app/uploads/sites/2/2026/05/trapezi-salonioy-obal-fb99906-xylo-akaki.webp,,,,,,,,,0,B2BMarkt,ύψος,"45 εκ.",1,1,πλάτος,"120 εκ.",1,1,μήκος,"61 εκ.",1,1,B2BMarkt,76280,5208067158329,"2026-05-10 01:05:44",B2BMarkt,"<ul>
<li>Επιφάνεια κατασκευασμένη από φυσικό μασίφ ξύλο Ακακίας</li>
<li>Πλαστικά προστατευτικά επιθέματα στα μεταλλικά πόδια για προστασία δαπέδων</li>
<li>Ενισχυμένα μεταλλικά πόδια σε μαύρο χρώμα με χιαστί διάταξη</li>
<li>Πάχος επιφάνειας 4 εκατοστά</li>
<li>Κάθε κομμάτι ξύλου είναι μοναδικό λόγω της φυσικής ανομοιομορφίας των κορμών</li>
<li>Ανώτερη ποιότητα κατασκευής και υλικών</li>
</ul>"
284871,simple,0413184,5208067185127,"Διακόσμηση Jebb",1,0,visible,,"<!DOCTYPE html> <html lang=""el""> <head> <meta charset=""UTF-8""> <title>Διακόσμηση Jebb</title> <style> .container { max-width: 600px; margin: 20px auto; text-align: center; } </style> </head> <body> <div class=""container""> <p>Ανακαλύψτε την αυθεντική ομορφιά του JEBB, ενός μοναδικού χειροποίητου διακοσμητικού βάζου που μεταμορφώνει κάθε χώρο σε ένα εκλεπτυσμένο καταφύγιο. Η ιδιαίτερη σύνθεση από λευκή σαγρέ τερακότα και το φυσικό αποξηραμένο γρασίδι δημιουργούν μια αρμονική αντίθεση που θα εντυπωσιάσει κάθε λάτρη της κομψής διακόσμησης.</p> <p>Με τις διακριτικές του διαστάσεις (32x15x33εκ.) και το λεπτό στόμιο διαμέτρου 4εκ., αποτελεί την τέλεια προσθήκη σε κάθε εσωτερικό χώρο. Η προσεγμένη του κατασκευή εγγυάται μακροχρόνια αισθητική απόλαυση, μετατρέποντας το καθημερινό περιβάλλον σε ένα έργο τέχνης.</p> </div> </body> </html>",,,taxable,,1,41,,0,0,2.9,15,32,33,1,,,"40,69",Διακόσμηση,διακοσμητικό,,https://eboy.gr/app/uploads/sites/2/2026/05/epitrapezio-diakosmitiko-fb9468902-leyki.webp,,,,,,,,,0,B2BMarkt,ύψος,"33 εκ.",1,1,πλάτος,"32 εκ.",1,1,μήκος,"15 εκ.",1,1,B2BMarkt,76282,5208067185127,"2026-05-10 01:06:18",B2BMarkt,"<ul>
<li>Κατασκευή από κεραμικό υλικό τερακότα, με φυσική επεξεργασία ψησίματος</li>
<li>Λευκό σαγρέ φινίρισμα επιφάνειας</li>
<li>Διακοσμητική λεπτομέρεια αποξηραμένου grass σε μία πλευρά</li>
<li>Στενό στόμιο διαμέτρου 4 εκ.</li>
<li>Ανθεκτικό στην καθημερινή χρήση εσωτερικού χώρου</li>
<li>Φυσική υφή τερακότας με οπτικό αποτέλεσμα ""οπτού χώματος""</li>
</ul>"
284873,simple,0603269,5208067214506,"Πολυθρόνα Lounge Malen",1,0,visible,,"<p>Μετατρέψτε τον εξωτερικό σας χώρο σε ένα καταφύγιο χαλάρωσης με την Πολυθρόνα MALEN. Η ξεχωριστή της σχεδίαση συνδυάζει άψογα τη μοντέρνα αισθητική με την πρακτικότητα, δημιουργώντας το απόλυτο σημείο αναφοράς για στιγμές ηρεμίας. Με χαμηλό ύψος καθίσματος που προσφέρει άνεση και στήριξη, η MALEN είναι ιδανική για ατελείωτες ώρες απόλαυσης.</p> <p>Η λευκή απόχρωση της προσθέτει μια νότα κομψότητας σε κάθε χώρο, ενώ ο ανθεκτικός σχεδιασμός της αντέχει στις καιρικές συνθήκες. Μια πολυθρόνα που συνδυάζει την ποιότητα με το στυλ, δημιουργώντας το ιδανικό σημείο συνάντησης για τους λάτρεις του εξωτερικού τρόπου ζωής.</p>",,,taxable,,1,65,,0,0,7.9,75,67,75,1,,,"44,9","Κήπος & Εξωτερικός Χώρος",πολυθρόνα,,https://eboy.gr/app/uploads/sites/2/2026/05/polythrona-lounge-exotchoroy-fb9662601-l.webp,,,,,,,,,0,B2BMarkt,ύψος,"75 εκ.",1,1,πλάτος,"67 εκ.",1,1,μήκος,"75 εκ.",1,1,B2BMarkt,76283,5208067214506,"2026-05-10 01:06:52",B2BMarkt,"<ul>
<li>Κατασκευή από πολυπροπυλένιο υψηλής ποιότητας για μέγιστη αντοχή στις καιρικές συνθήκες</li>
<li>Ελαφρύ υλικό με εξαιρετική ανθεκτικότητα στη φθορά και την υπεριώδη ακτινοβολία</li>
<li>Μίνιμαλ σχεδιασμός με καθαρές γραμμές και λευκή ματ επιφάνεια</li>
<li>Αναπαυτικό κάθισμα χαμηλού ύψους (40 εκ.) με σταθερό μπράτσο στα 60 εκ.</li>
<li>Αντιστατική επεξεργασία επιφάνειας για εύκολη συντήρηση</li>
</ul>"
284875,simple,0413185,5208067185134,"Επιτραπέζιο Jebb",1,0,visible,,"<p>Εμπλουτίστε τον προσωπικό σας χώρο με την ξεχωριστή αισθητική του χειροποίητου βάζου Jebb. Πρόκειται για ένα κομψό διακοσμητικό αντικείμενο που συνδυάζει την απλότητα με τη μοντέρνα φινέτσα, δημιουργώντας μια μοναδική ατμόσφαιρα στο σπίτι ή το γραφείο σας.</p> <p>Κατασκευασμένο από υψηλής ποιότητας μαύρη τερακότα με διακριτική υφή και διακοσμημένο με φυσικά αποξηραμένα elements, το Jebb ξεχωρίζει για την πρωτοτυπία του. Η ιδιαίτερη γεωμετρία του, σε συνδυασμό με το λεπτό στόμιο διαμέτρου 4 εκατοστών, το καθιστούν ιδανικό τόσο για λουλούδια όσο και για διακοσμητικά αντικείμενα.</p> <p>Με διαστάσεις που προσδίδουν κομψότητα χωρίς να καταλαμβάνουν υπερβολικό χώρο (32x15x33 εκ.), το βάζο Jebb αποτελεί μια διαχρονική επιλογή διακόσμησης που θα αναδείξει κάθε εσωτερικό χώρο. *Για εσωτερική χρήση μόνο*.</p>",,,taxable,,1,45,,0,0,2.9,15,32,33,1,,,"40,69",Διακόσμηση,διακοσμητικό,,https://eboy.gr/app/uploads/sites/2/2026/05/epitrapezio-diakosmitiko-fb9468901-mayri.webp,,,,,,,,,0,B2BMarkt,ύψος,"33 εκ.",1,1,πλάτος,"32 εκ.",1,1,μήκος,"15 εκ.",1,1,B2BMarkt,76284,5208067185134,"2026-05-10 01:07:25",B2BMarkt,"<ul>
<li>Κατασκευή από κεραμικό υλικό τερακότα με επεξεργασία ψησίματος</li>
<li>Μαύρο σαγρέ φινίρισμα επιφάνειας</li>
<li>Διακοσμητική λεπτομέρεια αποξηραμένου grass σε μία πλευρά</li>
<li>Στενό στόμιο διαμέτρου 4 εκ.</li>
<li>Ανθεκτική κατασκευή για εσωτερική χρήση μόνο</li>
</ul>"
284877,simple,0413186,5208067185141,"Επιτραπέζιο διακοσμητικό Jebb",1,0,visible,,"<!DOCTYPE html> <html lang=""el""> <head> <meta charset=""UTF-8""> <title>Εμπνευσμένη Διακόσμηση</title> </head> <body> <p>Αναβαθμίστε το χώρο σας με το μοναδικό χειροποίητο βάζο JEBB, την απόλυτη επιλογή για τους λάτρεις της κομψής διακόσμησης. Φτιαγμένο από υψηλής ποιότητας τερακότα σε φυσικό χρώμα, αυτό το διακοσμητικό στοιχείο συνδυάζει την απλότητα με την εκλεπτυσμένη αισθητική.</p> <p>Η ιδιαίτερη υφή και ο φυσικός χρωματικός τόνος δημιουργούν μια ζεστή ατμόσφαιρα στο χώρο σας, ενώ η μοναδική του σχεδίαση με το αποξηραμένο γρασίδι προσθέτει μια πινελιά φυσικού χαρακτήρα. Ιδανικό για εσωτερικούς χώρους, το βάζο JEBB θα γίνει το επίκεντρο κάθε δωματίου.</p> </body> </html>",,,taxable,,1,43,,0,0,2.9,15,32,33,1,,,"40,69",Διακόσμηση,διακοσμητικό,,https://eboy.gr/app/uploads/sites/2/2026/05/epitrapezio-diakosmitiko-fb9468908-fysik.webp,,,,,,,,,0,B2BMarkt,ύψος,"33 εκ.",1,1,πλάτος,"32 εκ.",1,1,μήκος,"15 εκ.",1,1,B2BMarkt,76285,5208067185141,"2026-05-10 01:07:59",B2BMarkt,"<ul>
  <li>Κατασκευάζεται από κεραμικό υλικό τερακότα με φυσική απόχρωση.</li>
  <li>Διαθέτει χειροποίητο σαγρέ φινίρισμα στην επιφάνεια.</li>
  <li>Περιλαμβάνει διακοσμητικό στοιχείο αποξηραμένου grass σε μία πλευρά.</li>
  <li>Έχει στενό στόμιο διαμέτρου 4 εκατοστών.</li>
  <li>Προορίζεται αποκλειστικά για εσωτερική χρήση.</li>
</ul>"
284879,simple,0603270,5208067214513,"Πολυθρόνα Lounge Malen",1,0,visible,,"<p>Ανακαλύψτε την πολυθρόνα MALEN, το απόλυτο σημείο χαλάρωσης στον εξωτερικό σας χώρο. Με τη στιβαρή της κατασκευή και τον εργονομικό σχεδιασμό, μετατρέπεται σε αγαπημένο καταφύγιο για στιγμές ηρεμίας και χαλάρωσης. Η μαύρη απόχρωση ταιριάζει αρμονικά με κάθε στυλ διακόσμησης εξωτερικού χώρου, ενώ η διαχρονική αισθητική της προσφέρει μια κομψή πινελιά.</p> <p>Επιλέξτε την MALEN για την ποιότητα κατασκευής που εγγυάται μακροχρόνια χρήση. Ιδανική επιλογή για να αναβαθμίσετε τον κήπο ή τη βεράντα σας, συνδυάζοντας λειτουργικότητα και αισθητική σε ένα αρμονικό σύνολο. Αφεθείτε στην άνεση που προσφέρει και δημιουργήστε το ιδανικό σημείο συνάντησης με τους αγαπημένους σας.</p>",,,taxable,,1,103,,0,0,7.9,75,67,75,1,,,"44,9","Κήπος & Εξωτερικός Χώρος",πολυθρόνα,,https://eboy.gr/app/uploads/sites/2/2026/05/polythrona-lounge-exotchoroy-fb9662602-m.webp,,,,,,,,,0,B2BMarkt,ύψος,"75 εκ.",1,1,πλάτος,"67 εκ.",1,1,μήκος,"75 εκ.",1,1,B2BMarkt,76286,5208067214513,"2026-05-10 01:08:35",B2BMarkt,"<ul>
    <li>Κατασκευή από πολυπροπυλένιο υψηλής αντοχής στις καιρικές συνθήκες.</li>
    <li>Μαύρο ματ φινίρισμα με αντοχή στην UV ακτινοβολία και την υγρασία.</li>
    <li>Ανατομικό κάθισμα με χαμηλό ύψος 40 εκ. για άνετη χρήση.</li>
    <li>Μπράτσα ύψους 60 εκ. για υποστήριξη κατά τη χαλάρωση.</li>
    <li>Αντιολισθητικά πόδια με σταθερή βάση (65x69 εκ.) για ασφάλεια.</li>
</ul>"
284881,simple,0603271,5208067214520,"Πολυθρόνα Lounge Malen",1,0,visible,,"<!DOCTYPE html> <html lang=""el""> <head> <meta charset=""UTF-8""> </head> <body> <p>Η πολυθρόνα Lounge Malen μεταμορφώνει τον εξωτερικό σας χώρο σε μια όαση χαλάρωσης. Με την κομψή γκρι απόχρωσή της, προσθέτει μια μοντέρνα πινελιά στον κήπο ή τη βεράντα σας, δημιουργώντας το ιδανικό σημείο για να απολαύσετε τις στιγμές ηρεμίας και ξεκούρασης.</p> <p>Σχεδιασμένη με έμφαση στην άνεση και την ανθεκτικότητα, η Malen προσφέρει ένα καταφύγιο χαλάρωσης όπου μπορείτε να αποσυρθείτε από την καθημερινότητα. Η επιλογή της θα αναβαθμίσει αισθητικά τον χώρο σας, συνδυάζοντας την πρακτικότητα με το στυλ σε κάθε περίσταση.</p> </body> </html>",,,taxable,,1,102,,0,0,7.9,75,67,75,1,,,"44,9","Κήπος & Εξωτερικός Χώρος",πολυθρόνα,,https://eboy.gr/app/uploads/sites/2/2026/05/polythrona-lounge-exotchoroy-fb9662603-g.webp,,,,,,,,,0,B2BMarkt,ύψος,"75 εκ.",1,1,πλάτος,"67 εκ.",1,1,μήκος,"75 εκ.",1,1,B2BMarkt,76287,5208067214520,"2026-05-10 01:09:09",B2BMarkt,"<ul>
<li>Κατασκευή από πολυπροπυλένιο υψηλής ποιότητας για αντοχή στις καιρικές συνθήκες</li>
<li>Ανθεκτική κατασκευή με έμφαση στη μακροχρόνια χρήση εξωτερικού χώρου</li>
<li>Ελαστικό ύφασμα ανθεκτικό στην ηλιακή ακτινοβολία και τον καθαρισμό</li>
<li>Ρυθμιζόμενα μπράτσα με ύψος 60 εκ. για εξατομικευμένη άνεση</li>
<li>Χαμηλό κάθισμα στα 40 εκ. για εύκολη πρόσβαση και χαλάρωση</li>
<li>Αντιολισθητικά πόδια για ασφάλεια σε διάφορες επιφάνειες</li>
</ul>"
284883,simple,0603272,5208067214537,"Πολυθρόνα Lounge",1,0,visible,,"<p>Ανακαλύψτε την απόλυτη εμπειρία χαλάρωσης με τη MALEN, μια πολυθρόνα Lounge που μεταμορφώνει τον εξωτερικό σας χώρο. Με το κομψό design της σε πλούσια καπουτσίνο απόχρωση και το αναπαυτικό κάθισμα χαμηλού ύψους, προσφέρει στιγμές απόλυτης ηρεμίας.</p> <p>Σχεδιασμένη για να αντέχει στις καιρικές συνθήκες, συνδυάζει την ανθεκτικότητα με την απαράμιλλη αισθητική. Ιδανική επιλογή τόσο για τον προσωπικό σας εξωτερικό χώρο όσο και για επαγγελματικούς χώρους φιλοξενίας, η MALEN είναι ο απόλυτος συνδυασμός στυλ και πρακτικότητας.</p>",,,taxable,,1,76,,0,0,7.9,75,67,75,1,,,"44,9","Κήπος & Εξωτερικός Χώρος",πολυθρόνα,,https://eboy.gr/app/uploads/sites/2/2026/05/polythrona-lounge-exotchoroy-fb9662604-k.webp,,,,,,,,,0,B2BMarkt,ύψος,"75 εκ.",1,1,πλάτος,"67 εκ.",1,1,μήκος,"75 εκ.",1,1,B2BMarkt,76288,5208067214537,"2026-05-10 01:09:43",B2BMarkt,"<ul>
<li>Κατασκευή από πολυπροπυλένιο υψηλής ποιότητας με εξαιρετική αντοχή στη φθορά και την έκθεση σε εξωτερικές συνθήκες</li>
<li>Ανθεκτικό φινίρισμα σε καπουτσίνο απόχρωση με μακροχρόνια διατήρηση χρώματος</li>
<li>Σχεδιασμός χαμηλού ύψους καθίσματος (40 εκ.) για μέγιστη άνεση κατά τη χαλάρωση</li>
<li>Εργονομική πλάτη με διαστάσεις 40x50 εκ. και ρυθμιζόμενα μπράτσα ύψους 60 εκ.</li>
<li>Αντιολισθητικά πόδια με διαστάσεις 65x69 εκ. για σταθερότητα σε διάφορες επιφάνειες</li>
</ul>"
284885,simple,0413181,5208067185097,"Βάζο Mibo",1,0,visible,,"<p>Αναβαθμίστε τη διακόσμηση του χώρου σας με το εντυπωσιακό βάζο Mibo. Η μοναδική μαύρη απόχρωσή του και το φυσικό χερούλι από rattan δημιουργούν μια αρμονική σύνθεση που θα τραβήξει τα βλέμματα όπου κι αν τοποθετηθεί.</p> <p>Το κομψό κυλινδρικό design, σε διαστάσεις 23x14x35 εκ., προσφέρει μια premium αισθητική στο χώρο σας. Ιδανικό για εσωτερικούς χώρους, συνδυάζεται άψογα τόσο με μοντέρνες όσο και με κλασικές διακοσμήσεις, προσθέτοντας μια νότα πολυτέλειας στην καθημερινότητά σας.</p>",,,taxable,,1,69,,0,0,1.5,14,23,35,1,,,"39,9",Διακόσμηση,βάζο,,https://eboy.gr/app/uploads/sites/2/2026/05/diakosmitiko-bazo-fb9468801l-terakota-ma.webp,,,,,,,,,0,B2BMarkt,ύψος,"35 εκ.",1,1,πλάτος,"23 εκ.",1,1,μήκος,"14 εκ.",1,1,B2BMarkt,76289,5208067185097,"2026-05-10 01:10:22",B2BMarkt,"<ul>
<li>Κατασκευή από κεραμικό υλικό τερακότα, χαρακτηριστικό πήλινο φινίρισμα</li>
<li>Μαύρο χρώμα με οπτικό εφέ που προσομοιάζει το γυαλιστερό</li>
<li>Διακοσμητικό χερούλι από φυσικό rattan για χειρολαβή</li>
<li>Στρογγυλό στόμιο διαμέτρου 8 εκ.</li>
<li>Κατάλληλο μόνο για εσωτερική χρήση</li>
</ul>"
284887,simple,0413183,5208067185110,"Βάζο Mibo",1,0,visible,,"<p>Αναβαθμίστε τη διακόσμηση του χώρου σας με το κομψό βάζο Mibo! Αυτό το μοντέρνο διακοσμητικό στοιχείο συνδυάζει την απλότητα με την εκλεπτυσμένη αισθητική, προσφέροντας μια πινελιά φυσικού στυλ σε κάθε δωμάτιο. Η μαύρη απόχρωσή του και τα διακριτικά χερούλια από φυσικό rattan δημιουργούν ένα μοναδικό αποτέλεσμα που θα τραβήξει τα βλέμματα.</p> <p>Το χαμηλό και φαρδύ σχήμα του το καθιστά ιδανικό για κάθε επιφάνεια, ενώ οι προσεγμένες διαστάσεις του (27x15x20εκ) το καθιστούν πρακτικό χωρίς να στερείται στυλ. Απολαύστε την ευελιξία της διακόσμησης με το Mibo βάζο - μια διαχρονική επιλογή που συνδυάζει λειτουργικότητα και αισθητική αρμονία.</p>",,,taxable,,1,56,,0,0,1.5,15,27,20,1,,,"32,9",Διακόσμηση,βάζο,,https://eboy.gr/app/uploads/sites/2/2026/05/diakosmitiko-bazo-fb9468801s-terakota-ma.webp,,,,,,,,,0,B2BMarkt,ύψος,"20 εκ.",1,1,πλάτος,"27 εκ.",1,1,μήκος,"15 εκ.",1,1,B2BMarkt,76290,5208067185110,"2026-05-10 01:11:04",B2BMarkt,"<ul>
<li>Κατασκευή από κεραμικό υλικό τερακότα</li>
<li>Φυσικό φινίρισμα επιφάνειας με ματ υφή</li>
<li>Διακοσμητικά χερούλια κατασκευασμένα από φυσικό rattan</li>
<li>Μαύρη απόχρωση μέσω τεχνικής ψησίματος της τερακότας</li>
<li>Κατάλληλο για χρήση μόνο σε εσωτερικούς χώρους</li>
</ul>"
284889,simple,0603273,5208067214544,"Πολυθρόνα Lounge",1,0,visible,,"<p>Ανακαλύψτε την απόλυτη εμπειρία χαλάρωσης με τη μοντέρνα πολυθρόνα MALEN σε απόχρωση Olive Green. Σχεδιασμένη για τους λάτρεις της κομψότητας στον εξωτερικό χώρο, προσφέρει την ιδανική σύνθεση στυλ και άνεσης.</p> <p>Η MALEN αποτελεί την τέλεια επιλογή για κάθε χώρο φιλοξενίας ή τον προσωπικό σας παράδεισο στη φύση. Η εξαιρετική ποιότητα κατασκευής συνδυάζεται αρμονικά με τη διαχρονική αισθητική, δημιουργώντας ένα σημείο αναφοράς στο περιβάλλον σας. Χαλαρώστε και απολαύστε τη μοναδική αίσθηση που προσφέρει η προσεκτικά σχεδιασμένη γωνία του καθίσματος, ενώ το ανθεκτικό ύφασμα εγγυάται μακροχρόνια χρήση σε όλες τις καιρικές συνθήκες.</p>",,,taxable,,1,79,,0,0,7.9,75,67,75,1,,,"44,9","Κήπος & Εξωτερικός Χώρος",πολυθρόνα,,https://eboy.gr/app/uploads/sites/2/2026/05/polythrona-lounge-exotchoroy-fb9662605-o.webp,,,,,,,,,0,B2BMarkt,ύψος,"75 εκ.",1,1,πλάτος,"67 εκ.",1,1,μήκος,"75 εκ.",1,1,B2BMarkt,76291,5208067214544,"2026-05-10 01:11:43",B2BMarkt,"<ul>
<li>Κατασκευή από ανθεκτικό πολυπροπυλένιο υψηλής ποιότητας για μακροχρόνια χρήση σε εξωτερικό χώρο</li>
<li>Ελαφρύ βάρος με ενισχυμένη δομή για εύκολη μετακίνηση και σταθερότητα</li>
<li>Αδιάβροχο φινίρισμα που προστατεύει από τις καιρικές συνθήκες</li>
<li>Ανατομικός σχεδιασμός καθίσματος με χαμηλή πλάτη (40 εκ.) για μέγιστη άνεση</li>
<li>Μπράτσα ύψους 60 εκ. για υποστήριξη κατά την ανάπαυση</li>
<li>Αντιστατικό υλικό που αποτρέπει την συσσώρευση σκόνης και διευκολύνει τον καθαρισμό</li>
</ul>"
284891,simple,9995352,,"Τραπέζι Elara",1,0,visible,,"<!DOCTYPE html> <html lang=""el""> <head> <meta charset=""UTF-8""> <title>Τραπέζι Elara - Περιγραφή</title> </head> <body> <p>Αναβαθμίστε τον εξωτερικό σας χώρο με το ELARA, ένα στιλάτο σετ τραπεζαρίας 6 θέσεων που συνδυάζει αρμονικά την κομψότητα με τη λειτουργικότητα. Το τραπέζι αλουμινίου με την επεκτεινόμενη επιφάνεια προσαρμόζεται τέλεια στις ανάγκες κάθε στιγμής, ενώ διατηρεί μια λιτή και σύγχρονη αισθητική.</p> <p>Οι καρέκλες από υψηλής ποιότητας αλουμίνιο σε chic γκρι απόχρωση προσφέρουν άνετη καθιστική εμπειρία χάρη στα αναπαυτικά μαξιλάρια. Ιδανικό για χαλαρές βραδιές με φίλους ή οικογενειακά γεύματα στη βεράντα, το ELARA μεταμορφώνει κάθε εξωτερικό χώρο σε ένα κομψό σημείο συνάντησης.</p> </body> </html>",,,taxable,,1,12,,0,0,162.7,100,300,75,1,,,"1399,4","Κήπος & Εξωτερικός Χώρος",τραπέζι,,https://eboy.gr/app/uploads/sites/2/2026/05/set-trapezarias-exchoroy-6-theseon-fb910.webp,,,,,,,,,0,B2BMarkt,ύψος,"75 εκ.",1,1,πλάτος,"300 εκ.",1,1,μήκος,"100 εκ.",1,1,B2BMarkt,76293,,"2026-05-10 01:12:22",B2BMarkt,"<ul>
<li>Κατασκευή από υψηλής ποιότητας αλουμίνιο γκρι χρώματος για αντοχή στη διάβρωση και τον καιρό</li>
<li>Επεκτάσιμο ορθογώνιο τραπέζι με μηχανισμό εύκολης προσαρμογής μήκους</li>
<li>Καρέκλες με σκελετό αλουμινίου, πλάτη minimal σχεδίασης και μαξιλάρια 3εκ. από ύφασμα OLEFIN και αφρό 25D</li>
<li>Επιφάνεια τραπεζιού από λείο, ανθεκτικό στην υγρασία αλουμίνιο χωρίς πόρους</li>
<li>Αντιολισθητικά πόδια στο τραπέζι για ασφάλεια σε εξωτερικές συνθήκες</li>
<li>Ελάχιστη απαιτούμενη συντήρηση λόγω της φύσης των υλικών (αλουμίνιο και OLEFIN)</li>
</ul>"
284893,simple,9995353,,"Τραπέζι Elara",1,0,visible,,"<p>Ανακαλύψτε την απόλυτη σύνθεση κομψότητας και πρακτικότητας στο τραπέζι ELARA. Σχεδιασμένο για να μεταμορφώσει τον εξωτερικό σας χώρο, αυτό το σετ τραπεζαρίας 6 ατόμων συνδυάζει αρμονικά μοντέρνο στυλ με απαράμιλλη ανθεκτικότητα.</p> <p>Με τις καρέκλες αλουμινίου σε απαλό μπεζ που ξεχωρίζουν για την αντοχή τους στις καιρικές συνθήκες και την κομψότητά τους, κάθε συνάντηση μετατρέπεται σε μοναδική εμπειρία. Το επεκτεινόμενο τραπέζι προσαρμόζεται άψογα στις ανάγκες σας, προσφέροντας άφθονο χώρο χωρίς να θυσιάζει το minimal design του. Δημιουργήστε στιγμές που μένουν αξέχαστες στη ζεστή ατμόσφαιρα που προσφέρει το ELARA.</p>",,,taxable,,1,4,,0,0,162.7,100,300,75,1,,,"1399,4","Κήπος & Εξωτερικός Χώρος",τραπέζι,,https://eboy.gr/app/uploads/sites/2/2026/05/set-trapezarias-exchoroy-6-theseon-fb910-1.webp,,,,,,,,,0,B2BMarkt,ύψος,"75 εκ.",1,1,πλάτος,"300 εκ.",1,1,μήκος,"100 εκ.",1,1,B2BMarkt,76294,,"2026-05-10 01:12:56",B2BMarkt,"<ul>
    <li>Κατασκευή από ανθεκτικό αλουμίνιο υψηλής ποιότητας για αντοχή στις εξωτερικές συνθήκες.</li>
    <li>Χρώμα μπεζ ηλεκτροστατικής βαφής που προσφέρει προστασία και αισθητική.</li>
    <li>Επεκτάσιμο ορθογώνιο τραπέζι με μηχανισμό εύκολης προσαρμογής μήκους.</li>
    <li>Μαξιλάρια καθίσματος με πάχος 3εκ από ύφασμα OLEFIN και αφρό 25D για άνεση.</li>
    <li>Αδιάβροχο και ανθεκτικό στην UV ακτινοβολία ύφασμα μαξιλαριών.</li>
</ul>"
284895,simple,0613436,5208067214551,"Καναπές-κρεβάτι Melu",1,0,visible,,"<p>Αναβαθμίστε το σαλόνι σας με τον καναπέ-κρεβάτι Melu, την τέλεια επιλογή για όσους εκτιμούν την ποιότητα και τη λειτουργικότητα. Με την κομψότητα του γκρι υφάσματος και την καπιτονέ τεχνοτροπία, ο Melu προσθέτει μια νότα πολυτέλειας στον χώρο σας.</p> <p>Η εργονομική σχεδίαση με ρυθμιζόμενα μπράτσα τριών θέσεων δημιουργεί το απόλυτο σημείο χαλάρωσης, προσαρμόζοντας την εμπειρία σε κάθε στιγμή της ημέρας. Ιδανικός για μικρούς χώρους, καθώς μπορεί να τοποθετηθεί κεντρικά, ο καναπές Melu συνδυάζει άριστα τον κομψό σχεδιασμό με την πρακτική χρήση, προσφέροντας αξεπέραστη άνεση τόσο ως καθιστικό όσο και ως κρεβάτι.</p>",,,taxable,,1,28,,0,0,66.5,90,250,85,1,,,"464,9",Υπνοδωμάτιο,,,https://eboy.gr/app/uploads/sites/2/2026/05/kanapes-krebati-fb9331401-gkri-yfasma-ka.webp,,,,,,,,,0,B2BMarkt,ύψος,"85 εκ.",1,1,πλάτος,"250 εκ.",1,1,μήκος,"90 εκ.",1,1,B2BMarkt,76305,5208067214551,"2026-05-10 01:13:33",B2BMarkt,"<ul>
<li>Σκελετός κατασκευασμένος από ξύλο ευκαλύπτου υψηλής αντοχής και σταθερότητας.</li>
<li>Σύστημα ελατηρίων S spring για ελαστικότητα και ομοιόμορφη κατανομή βάρους.</li>
<li>Ενσωματωμένα Pocket Springs στο κάθισμα και την πλάτη για ενισχυμένη εργονομική υποστήριξη.</li>
<li>Μπράτσα ρυθμιζόμενα σε τρία επίπεδα κλίσης για εξατομικευμένη στήριξη.</li>
<li>Καπιτονέ υφασμάτινη επένδυση γκρι χρώματος με κάλυψη τόσο μπροστινή όσο και πίσω πλευρά της πλάτης.</li>
</ul>"
284897,simple,0613437,5208067214568,"Καναπές Melu",1,0,visible,,"<p>Ανακαλύψτε τον καναπέ Melu - την επιτομή του μοντέρνου σχεδιασμού και της απόλυτης άνεσης! Με την εκλεπτυσμένη μπεζ απόχρωση να κυριαρχεί στην καπιτονέ υφή, ο MELU μεταμορφώνει το σαλόνι σας σε χώρο χαλάρωσης υψηλής αισθητικής. Η καινοτόμος σχεδίαση με ρυθμιζόμενα μπράτσα τριών θέσεων προσαρμόζεται στις ανάγκες κάθε χρήστη, προσφέροντας εξατομικευμένη στήριξη και άνεση.</p> <p>Ιδανικός για όσους αναζητούν την τέλεια ισορροπία μεταξύ λειτουργικότητας και στυλ, ο καναπές Melu αποτελεί επένδυση που αναβαθμίζει τον προσωπικό σας χώρο. Με τη δυνατότητα χρήσης τόσο ως καθιστικό όσο και ως κρεβάτι, συνδυάζει πρακτικότητα και πολυτέλεια σε ένα κομψό σύνολο.</p>",,,taxable,,1,22,,0,0,66.5,90,250,85,1,,,"464,9",Υπνοδωμάτιο,καναπές,,https://eboy.gr/app/uploads/sites/2/2026/05/kanapes-krebati-fb9331402-mpez-yfasma-ka.webp,,,,,,,,,0,B2BMarkt,ύψος,"85 εκ.",1,1,πλάτος,"250 εκ.",1,1,μήκος,"90 εκ.",1,1,B2BMarkt,76306,5208067214568,"2026-05-10 01:14:05",B2BMarkt,"<ul>
<li>Κατασκευή από ανθεκτικό ξύλο ευκαλύπτου για αυξημένη σταθερότητα</li>
<li>Σύστημα ελατηρίων S spring με προσαρμοζόμενη απόκριση στο βάρος</li>
<li>Ενσωματωμένα pocket springs σε κάθισμα και πλάτη για βέλτιστη υποστήριξη σώματος</li>
<li>Ρυθμιζόμενα μπράτσα τριών επιπέδων για εξατομικευμένη στήριξη</li>
<li>Καπιτονέ υφασμάτινη επένδυση ΜΠΕΖ χρώματος με κάλυψη πλάτης και καθίσματος</li>
<li>Ανθεκτική κατασκευή με έμφαση στην εργονομική άνεση</li>
</ul>"
284899,simple,0613438,5208067214582,"Καναπές-κρεβάτι Melu",1,0,visible,,"<!DOCTYPE html> <html lang=""el""> <head> <meta charset=""UTF-8""> <title>Περιγραφή Καναπέ-Κρεβατιού Melu</title> </head> <body> <p>Αναβαθμίστε το χώρο σας με τον καναπέ κρεβάτι Melu, την ιδανική σύνθεση λειτουργικότητας και στυλ. Η ξεχωριστή του σχεδίαση σε πλούσιο πράσινο χρώμα ξεχωρίζει για την κομψή αισθητική του, προσφέροντας μια μοναδική οπτική πινελιά στο σπίτι σας.</p> <p>Απολαύστε απόλυτη άνεση χάρη στα εργονομικά μπράτσα που ρυθμίζονται σε τρία επίπεδα, εξασφαλίζοντας εξατομικευμένη στήριξη σώματος. Ο καναπές μετατρέπεται εύκολα σε άνετο κρεβάτι, ενώ η καπιτονέ υφασμάτινη επένδυση με πράσινη απόχρωση διακοσμεί εντυπωσιακά κάθε γωνιά του σπιτιού σας.</p> </body> </html>",,,taxable,,1,10,,0,0,66.5,90,245,85,1,,,"464,9",Υπνοδωμάτιο,καναπές,,https://eboy.gr/app/uploads/sites/2/2026/05/kanapes-krebati-fb9331403-prasino-yfasma.webp,,,,,,,,,0,B2BMarkt,ύψος,"85 εκ.",1,1,πλάτος,"245 εκ.",1,1,μήκος,"90 εκ.",1,1,B2BMarkt,76307,5208067214582,"2026-05-10 01:14:36",B2BMarkt,"<ul>
<li>Σκελετός κατασκευασμένος από ξύλο ευκαλύπτου υψηλής αντοχής και σταθερότητας.</li>
<li>Υφασμάτινη επένδυση με καπιτονέ τεχνοτροπία στο μπροστινό και πίσω μέρος της πλάτης.</li>
<li>Μπράτσα ρυθμιζόμενα σε τρία επίπεδα κλίσης για εξατομικευμένη στήριξη.</li>
<li>Επιφάνεια καθίσματος με διαστάσεις 190x60 εκ., ύψος 40 εκ. από το πάτωμα.</li>
<li>Φινίρισμα υφάσματος ανθεκτικό στη χρήση και εύκολο στον καθαρισμό.</li>
</ul>"
284901,simple,0613439,5208067214575,"Καναπές-κρεβάτι Melu",1,0,visible,,"<p>Ετοιμαστείτε να μεταμορφώσετε το χώρο σας με τον καναπέ-κρεβάτι MELU, την κομψή και πολυλειτουργική επιλογή για κάθε μοντέρνο σπίτι. Με την εντυπωσιακή απόχρωση ΤΕΡΑΚΟΤΑ που προσδίδει ζεστασιά και κομψότητα, ο Melu αποτελεί τον ιδανικό συνδυασμό design και λειτουργικότητας.</p> <p>Απολαύστε απόλυτη άνεση με τα ρυθμιζόμενα μπράτσα τριών επιπέδων που προσαρμόζονται στις ανάγκες σας, ενώ η μοναδική καπιτονέ σχεδίαση εξασφαλίζει μέγιστη χαλάρωση. Ο MELU τοποθετείται εύκολα στο κέντρο του δωματίου, χάρη στην πανομοιότυπη αισθητική τόσο της εμπρόσθιας όσο και της οπίσθιας πλευράς του. Επιλέξτε την premium επιλογή για έναν καναπέ κρεβάτι που συνδυάζει στυλ, ποιότητα και πρακτικότητα, μετατρέποντας κάθε στιγμή σε μια εμπειρία χαλάρωσης.</p>",,,taxable,,1,8,,0,0,66.5,90,250,85,1,,,"464,9",Υπνοδωμάτιο,καναπές,,https://eboy.gr/app/uploads/sites/2/2026/05/kanapes-krebati-fb9331404-terakota-yfasm.webp,,,,,,,,,0,B2BMarkt,ύψος,"85 εκ.",1,1,πλάτος,"250 εκ.",1,1,μήκος,"90 εκ.",1,1,B2BMarkt,76308,5208067214575,"2026-05-10 01:15:09",B2BMarkt,"<ul>
<li>Κατασκευή από ανθεκτικό σκελετό ξύλου ευκαλύπτου για αυξημένη σταθερότητα</li>
<li>Σύστημα ελατηρίων S spring με προσαρμοζόμενη απόκριση στο βάρος</li>
<li>Ενσωματωμένα pocket springs σε κάθισμα και πλάτη για εξατομικευμένη υποστήριξη</li>
<li>Καπιτονέ υφασμάτινη επένδυση τερρακότας με κάλυψη μπροστινού και πίσω μέρους της πλάτης</li>
<li>Μπράτσα ρυθμιζόμενης κλίσης 3 επιπέδων για εργονομική στήριξη</li>
<li>Ανθεκτικό φινίρισμα που επιτρέπει τοποθέτηση στο κέντρο του δωματίου</li>
</ul>"
284903,simple,0413165,5208067184137,"Επιτραπέζιο διακοσμητικό βάζο Dean",1,0,visible,,"<div> <p>Ανακαλύψτε την τέχνη της απλότητας στο επιτραπέζιο διακοσμητικό βάζο DEAN. Αυτό το χειροποίητο αριστούργημα συνδυάζει την διαχρονική αισθητική με την ποιοτική κατασκευή από 100% τερακότα σε ένα ζεστό κρεμ χρώμα. Τα μοναδικά σχέδια από φυσικές ίνες φοίνικα που τυλίγουν το βάζο, δημιουργούν μια αρμονική οπτική εμπειρία.</p> <p>Το DEAN είναι ο ιδανικός σύντροφος για κάθε χώρο - είτε πρόκειται για το σαλόνι σας, την τραπεζαρία ή επαγγελματικούς χώρους με στυλ. Η κομψή του παρουσία και η προσεγμένη κατασκευή του θα μεταμορφώσουν τον περιβάλλοντα χώρο σε ένα ζεστό και φιλόξενο περιβάλλον, προσθέτοντας μια νότα αυθεντικής ομορφιάς.</p> </div>",,,taxable,,1,23,,0,0,4.7,22,22,33,1,,,"64,52",Διακόσμηση,διακοσμητικό,,https://eboy.gr/app/uploads/sites/2/2026/05/epitrapezio-diakosmitiko-bazo-fb9467702l.webp,,,,,,,,,0,B2BMarkt,ύψος,"33 εκ.",1,1,πλάτος,"22 εκ.",1,1,μήκος,"22 εκ.",1,1,B2BMarkt,76313,5208067184137,"2026-05-10 01:15:43",B2BMarkt,"<ul>
<li>Κατασκευή από κεραμικό υλικό τερακότα με φυσική όπτηση</li>
<li>Φυσικό κρεμ χρώμα με ματ φινίρισμα</li>
<li>Διακοσμητικά στοιχεία από φυσικό σχοινί ινών φοίνικα στις πλευρές</li>
<li>Ακατάλληλο για χρήση σε εξωτερικούς χώρους - προορίζεται αποκλειστικά για εσωτερικούς</li>
<li>Αντιστέκεται στην καθημερινή φθορά και το ξεσκόνισμα είναι επαρκές για συντήρηση</li>
<li>Ανθεκτικό στη θερμότητα κατάλληλο για διακοσμητική χρήση</li>
</ul>"
284905,simple,0413166,5208067184144,"Επιτραπέζιο διακοσμητικό βάζο Dean",1,0,visible,,"<p>Ανακαλύψτε το κομψό επιτραπέζιο βάζο Dean, ένα αριστούργημα σύγχρονης αισθητικής με κλασσικές επιρροές. Φτιαγμένο αποκλειστικά από υψηλής ποιότητας τερακότα σε βαθύ μαύρο χρώμα, συνδυάζει την απλότητα με την πολυτέλεια. Τα μοναδικά διακοσμητικά στοιχεία από φυσικές ίνες φοίνικα προσδίδουν μια εξωτική νότα στην κλασική του γραμμή.</p> <p>Το Dean αναβαθμίζει κάθε χώρο, είτε πρόκειται για το σαλόνι σας είτε για τον επαγγελματικό σας χώρο, προσφέροντας μια ξεχωριστή πινελιά κομψότητας. Η χειροποίητη τέχνη συναντά την διαχρονική ομορφιά σε ένα αντικείμενο που θα κοσμήσει το σπίτι σας για χρόνια. Με τις εντυπωσιακές του διαστάσεις (Φ22x33Υ εκ.) και το ευρύ στόμιο (Φ19 εκ.), αποτελεί ιδανική επιλογή για όλους τους λάτρεις της ξεχωριστής διακόσμησης.</p>",,,taxable,,1,22,,0,0,4.7,22,22,33,1,,,"64,52",Διακόσμηση,διακοσμητικό,,https://eboy.gr/app/uploads/sites/2/2026/05/epitrapezio-diakosmitiko-bazo-fb9467701l.webp,,,,,,,,,0,B2BMarkt,ύψος,"33 εκ.",1,1,πλάτος,"22 εκ.",1,1,μήκος,"22 εκ.",1,1,B2BMarkt,76314,5208067184144,"2026-05-10 01:16:15",B2BMarkt,"<ul>
<li>Κατασκευή από κεραμικό υλικό τερακότα, με φυσική ματ επιφάνεια σε μαύρο χρώμα</li>
<li>Διακοσμητικά στοιχεία από σχοινί ινών φοίνικα κολλημένα στις πλευρικές επιφάνειες</li>
<li>Κατάλληλο για εσωτερική χρήση μόνο</li>
<li>Απαιτείται περιστασιακό καθάρισμα με απλή σκόνη (αποφυγή χημικών)</li>
<li>Ανθεκτικό κεραμικό προϊόν με φυσική επεξεργασία ψησίματος</li>
</ul>"
284907,simple,0413167,5208067184151,"Επιτραπέζιο διακοσμητικό βάζο Dean",1,0,visible,,"<p>Ανακαλύψτε το DEAN, ένα μοναδικό χειροποίητο επιτραπέζιο διακοσμητικό βάζο που θα μεταμορφώσει κάθε χώρο. Η απλότητα συναντά την κομψότητα σε αυτό το κεραμικό δημιούργημα από τερακότα στο ζεστό κρεμ χρώμα, συνδυάζοντας τέλεια με κάθε στυλ διακόσμησης.</p> <p>Η ιδιαίτερη τεχνική επεξεργασίας και τα διακριτικά σχέδια από σχοινί φοίνικα προσδίδουν μια φυσική πολυτέλεια που θα τραβήξει τα βλέμματα. Ιδανικό για να προσθέσετε χαρακτήρα στο σαλόνι, την τραπεζαρία ή το γραφείο σας, δημιουργώντας ένα ζεστό και φιλόξενο περιβάλλον. Το DEAN αποτελεί όχι μόνο διακοσμητικό στοιχείο αλλά και μέσο έκφρασης της προσωπικής σας αισθητικής.</p>",,,taxable,,1,23,,0,0,28.6,19,19,25,1,,,"50,91",Διακόσμηση,διακοσμητικό,,https://eboy.gr/app/uploads/sites/2/2026/05/epitrapezio-diakosmitiko-bazo-fb9467702s.webp,,,,,,,,,0,B2BMarkt,ύψος,"25 εκ.",1,1,πλάτος,"19 εκ.",1,1,μήκος,"19 εκ.",1,1,B2BMarkt,76315,5208067184151,"2026-05-10 01:16:46",B2BMarkt,"<ul>
<li>Κατασκευή από κεραμικό υλικό τερακότα με φυσική οξείδωση σε κρεμ χρώμα.</li>
<li>Φινιρισμένη επιφάνεια με ενσωματωμένα διακοσμητικά σχέδια από φυσικό σχοινί ινών φοίνικα.</li>
<li>Ανθεκτική κατασκευή κατάλληλη για εσωτερική χρήση μόνο.</li>
<li>Απαιτεί ελάχιστη συντήρηση: απλό ξεσκόνισμα, αποφυγή χημικών καθαριστικών.</li>
<li>Φυσικό φινίρισμα τερακότας που ωριμάζει με την πάροδο του χρόνου αποκτώντας μοναδική πατίνα.</li>
</ul>"
284909,simple,0413169,5208067184175,"Βάζο Dean",1,0,visible,,"<!DOCTYPE html> <html lang=""el""> <head> <meta charset=""UTF-8""> <title>Βάζο Dean - Διαχρονική Ομορφιά</title> </head> <body> <p>Εμπλουτίστε το χώρο σας με την ιδιαίτερη αισθητική του χειροποίητου βάζου DEAN, ένα αριστούργημα από τερακότα σε εκλεπτυσμένο κρεμ χρώμα. Η μοναδική υφή και τα κομψά σχέδια από φυσικές ίνες φοίνικα δημιουργούν μια αρμονική σύνθεση που μεταμορφώνει κάθε γωνιά του σπιτιού ή του επαγγελματικού χώρου σας.</p> <p>Με τις επιβλητικές διαστάσεις του (Φ25x28Υ εκ., στόμιο Φ20εκ.), το βάζο DEAN αποτελεί όχι μόνο ένα διακοσμητικό στοιχείο, αλλά και έναν εντυπωσιακό τρόπο να παρουσιάσετε τα λουλούδια σας. Η φυσική του προέλευση και η προσεγμένη χειροποίητη επεξεργασία εγγυώνται αντοχή και διαχρονική κομψότητα.</p> </body> </html>",,,taxable,,1,19,,0,0,5.825,25,25,28,1,,,"50,91",Διακόσμηση,βάζο,,https://eboy.gr/app/uploads/sites/2/2026/05/epitrapezio-diakosmitiko-bazo-fb9467802-.webp,,,,,,,,,0,B2BMarkt,ύψος,"28 εκ.",1,1,πλάτος,"25 εκ.",1,1,μήκος,"25 εκ.",1,1,B2BMarkt,76316,5208067184175,"2026-05-10 01:17:23",B2BMarkt,"<ul>
<li>Κατασκευή από κεραμικό υλικό τερακότα σε κρεμ χρώμα</li>
<li>Διακοσμητικά στοιχεία με σχοινί από ίνες φοίνικα στις πλευρικές επιφάνειες</li>
<li>Φυσικό φινίρισμα επιφάνειας λόγω του χειροποίητου χαρακτήρα</li>
<li>Ανθεκτικότητα στην καθημερινή χρήση εντός οικιακών και επαγγελματικών χώρων</li>
<li>Εύκολη συντήρηση - συνιστάται απαλό ξεσκόνισμα, αποφυγή χημικών καθαριστικών</li>
<li>Κατάλληλο μόνο για εσωτερική χρήση</li>
</ul>"
284911,simple,0413172,5208067184205,"Επιτραπέζιο διακοσμητικό Dean",1,0,visible,,"<p>Δώστε χαρακτήρα στο χώρο σας με το εντυπωσιακό επιτραπέζιο διακοσμητικό DEAN. Πρόκειται για ένα κομψό βάζο από μαύρη τερακότα που συνδυάζει την αρχοντική αισθητική με τη σύγχρονη γοητεία.</p> <p>Η μοναδική του σχεδίαση σε σχήμα ψηλού κυπέλλου, εμπλουτισμένη με διακοσμητικό σχοινί angel, προσδίδει μια ξεχωριστή premium νότα σε κάθε εσωτερικό χώρο. Είναι ιδανικό για να στολίσει το σαλόνι, την τραπεζαρία ή τον επαγγελματικό σας χώρο, δημιουργώντας ένα σημείο εστίασης που εντυπωσιάζει. Η φυσική υφή και η χειροποίητη αισθητική του αναβαθμίζουν κάθε περιβάλλον, προσφέροντας μια διαχρονική πινελιά κομψότητας.</p>",,,taxable,,1,21,,0,0,4.35,18,18,35,1,,,"39,02",Διακόσμηση,διακοσμητικό,,https://eboy.gr/app/uploads/sites/2/2026/05/epitrapezio-diakosmitiko-fb9467901-mayri.webp,,,,,,,,,0,B2BMarkt,ύψος,"35 εκ.",1,1,πλάτος,"18 εκ.",1,1,μήκος,"18 εκ.",1,1,B2BMarkt,76317,5208067184205,"2026-05-10 01:17:57",B2BMarkt,"<ul>
<li>Κατασκευή από υψηλής ποιότητας τερακότα με φυσική υφή και εξαιρετική ανθεκτικότητα</li>
<li>Μαύρο γυαλιστερό φινίρισμα που προσφέρει μοντέρνα αισθητική και προστασία από λεκέδες</li>
<li>Πλευρική διακόσμηση με σχοινί agel για αυθεντική, χειροποίητη εμφάνιση</li>
<li>Στόμιο διαμέτρου 14 εκατοστών για εύκολη χρήση και τοποθέτηση αντικειμένων</li>
<li>Ανθεκτική κατασκευή κατάλληλη μόνο για εσωτερική χρήση</li>
</ul>"
284913,simple,0413190,5208067184748,"Γλάστρα χώρου Quan",1,0,visible,,"<!DOCTYPE html> <html lang=""el""> <head> <meta charset=""UTF-8""> <title>Quan Κασπό</title> </head> <body> <p>Μεταμορφώστε τον χώρο σας με την ξεχωριστή γλάστρα QUAN. Ένα κομψό έργο τέχνης που συνδυάζει την απλότητα του λευκού Fiber Cement με τη φυσική ζεστασιά του ξύλου teak στη βάση της. Η μοντέρνα, μινιμαλιστική γραμμή της ταιριάζει σε κάθε στυλ διακόσμησης εσωτερικού χώρου, προσθέτοντας μια νότα πολυτέλειας και φινέτσας.</p> <p>Προσθέστε χρώμα και ζωντάνια στα φυτά σας, διατηρώντας τα υγιή χάρη στο έξυπνο σύστημα στήριξης που επιτρέπει την εύκολη πρόσβαση για πότισμα. Η γλάστρα QUAN δεν είναι απλά ένα δοχείο - είναι ένας κομψός διακοσμητικός σύντροφος για το σπίτι σας.</p> </body> </html>",,,taxable,,1,19,,0,0,12,38,38,62,1,,,"139,9",Διακόσμηση,,,https://eboy.gr/app/uploads/sites/2/2026/05/glastra-esotchoroy-fb9468002l-fiber-ceme.webp,,,,,,,,,0,B2BMarkt,ύψος,"62 εκ.",1,1,πλάτος,"38 εκ.",1,1,μήκος,"38 εκ.",1,1,B2BMarkt,76318,5208067184748,"2026-05-10 01:18:35",B2BMarkt,"<ul>
<li>Κατασκευή από Fiber Cement με ενίσχυση ινών κυτταρίνης για αυξημένη αντοχή και χαμηλή συντήρηση.</li>
<li>Λευκό φινίρισμα υψηλής ποιότητας ανθεκτικό στη φθορά.</li>
<li>Συμβατότητα μόνο με εσωτερική χρήση, σύμφωνα με τις προδιαγραφές ασφαλείας.</li>
<li>Ερμητικό στόμιο διαμέτρου Φ32 εκ. για διατήρηση υγρασίας.</li>
<li>Προσαρμογή σε τρίποδη βάση από ξύλο teak για αυξημένη σταθερότητα.</li>
</ul>"
284915,simple,0413194,5208067184786,"Γλάστρα χώρου Quan",1,0,visible,,"<!DOCTYPE html> <html lang=""el""> <head><meta charset=""UTF-8""></head> <body> <p>Αναβαθμίστε την εσωτερική σας διακόσμηση με τη γλάστρα QUAN - τον απόλυτο συνδυασμό κομψότητας και λειτουργικότητας. Η ιδιαίτερη σχεδίαση της, που συνδυάζει το λείο λευκό Fiber Cement με την φυσική ομορφιά του ξύλου teak στη βάση της, προσφέρει μια εκλεπτυσμένη αισθητική σε κάθε χώρο.</p> <p>Η καινοτόμος τρίποδη δομή εξασφαλίζει άριστη ροή του αέρα γύρω από τη γλάστρα, διατηρώντας τα φυτά σας υγιή. Ιδανική για όλους τους εσωτερικούς χώρους, προσθέτει μια νότα φρεσκάδας και πράσινου στο σπίτι ή το γραφείο σας, ενώ η εύκολη προσαρμογή του ύψους της επιτρέπει την τέλεια οπτική ευθυγράμμιση με τον περιβάλλοντα χώρο.</p> </body> </html>",,,taxable,,1,20,,0,0,12,37,37,36,1,,,"115,9",Διακόσμηση,διακοσμητικό,,https://eboy.gr/app/uploads/sites/2/2026/05/glastra-esotchoroy-fb9468002s-fiber-ceme.webp,,,,,,,,,0,B2BMarkt,ύψος,"36 εκ.",1,1,πλάτος,"37 εκ.",1,1,μήκος,"37 εκ.",1,1,B2BMarkt,76319,5208067184786,"2026-05-10 01:19:11",B2BMarkt,"<ul>
<li>Κατασκευή από Fiber Cement με ενίσχυση ινών κυτταρίνης για αυξημένη αντοχή και χαμηλή συντήρηση.</li>
<li>Λευκό φινίρισμα υψηλής ποιότητας ανθεκτικό στους εσωτερικούς χώρους.</li>
<li>Συνοδεύεται από τρίποδα βάση κατασκευασμένη από ξύλο teak.</li>
<li>Σχεδιασμός ρηχός και φαρδύς κατάλληλος για εσωτερική διακόσμηση.</li>
<li>Προτείνεται η χρήση εσωτερικού δοχείου για βέλτιστη διατήρηση της γλάστρας.</li>
<li>Ακατάλληλη για εξωτερική χρήση (χρήση μόνο σε εσωτερικούς χώρους).</li>
</ul>"
284917,simple,0413195,5208067184793,"Γλάστρα χώρου Quan",1,0,visible,,"<p>Αναβαθμίστε το χώρο σας με την καινοτόμο γλάστρα QUAN, ένα αριστούργημα σύγχρονου design για τους λάτρεις της αρχιτεκτονικής και του πρασίνου. Η μοναδική κατασκευή από Fiber Cement σε εντυπωσιακό ΓΚΡΙ χρώμα συνδυάζεται αρμονικά με τη φυσική ομορφιά του ξύλου teak στη τρίποδη βάση της.</p> <p>Το Quan προσφέρει την τέλεια λύση για να προσθέσετε στυλ και πράσινο στο σπίτι σας, ενισχύοντας παράλληλα την ατμόσφαιρα του χώρου σας. Με τις εκλεπτυσμένες διαστάσεις 37x36εκ., δημιουργεί μια διαχρονική αισθητική που συνδυάζει λειτουργικότητα και κομψότητα. Ιδανικό για κάθε εσωτερικό χώρο, μεταμορφώνει τη φροντίδα των φυτών σε μια ξεχωριστή εμπειρία.</p>",,,taxable,,1,20,,0,0,12,37,37,36,1,,,"115,9",Διακόσμηση,διακοσμητικό,,https://eboy.gr/app/uploads/sites/2/2026/05/glastra-esotchoroy-fb9468003s-fiber-ceme.webp,,,,,,,,,0,B2BMarkt,ύψος,"36 εκ.",1,1,πλάτος,"37 εκ.",1,1,μήκος,"37 εκ.",1,1,B2BMarkt,76320,5208067184793,"2026-05-10 01:19:44",B2BMarkt,"<ul>
<li>Κατασκευή από Fiber Cement ενισχυμένο με ίνες κυτταρίνης</li>
<li>Γκρι φινίρισμα ανθεκτικό στις καιρικές συνθήκες για εσωτερική χρήση</li>
<li>Συνοδεύεται από τρίποδη βάση από ξύλο teak υψηλής ποιότητας</li>
<li>Σχεδιασμός ρηχός και φαρδύς, κατάλληλος για φυτά χωρίς μεγάλο όγκο εδάφους</li>
<li>Απαιτεί εσωτερικό δοχείο για σωστή συντήρηση</li>
<li>Ανθεκτικό υλικό με χαμηλή ανάγκη συντήρησης</li>
<li>Κατάλληλο αποκλειστικά για εσωτερική διακόσμηση χώρων</li>
</ul>"
284919,simple,0413198,5208067184823,"Γλάστρα χώρου Hoff",1,0,visible,,"<!DOCTYPE html> <html lang=""el""> <head> <meta charset=""UTF-8""> <title>Γλάστρα Χώρου Hoff</title> </head> <body> <p>Αναβαθμίστε το χώρο σας με τη γλάστρα κασπό HOFF, ένα μοναδικό διακοσμητικό στοιχείο που συνδυάζει αρμονικά τη σύγχρονη αισθητική με την ποιότητα. Το λευκό σώμα από fiber cement προσδίδει minimal κομψότητα, ενώ η φυσική βάση από ξύλο teak προσθέτει ζεστασιά και χαρακτήρα στο περιβάλλον σας.</p> <p>Ιδανική για σύγχρονους χώρους, το σετ γλάστρας-βάσης δημιουργεί μια κομψή σύνθεση που αναβαθμίζει κάθε εσωτερικό χώρο. Η ιδιαίτερη σχεδίασή της την καθιστά εξαιρετική επιλογή τόσο για κατοικίες όσο και επαγγελματικούς χώρους, προσφέροντας μια ξεχωριστή νότα πολυτέλειας και στυλ.</p> </body> </html>",,,taxable,,1,20,,0,0,12.8,50,50,35,1,,,"119,9",Διακόσμηση,,,https://eboy.gr/app/uploads/sites/2/2026/05/glastra-esotchoroy-fb9468202l-fiber-ceme.webp,,,,,,,,,0,B2BMarkt,ύψος,"35 εκ.",1,1,πλάτος,"50 εκ.",1,1,μήκος,"50 εκ.",1,1,B2BMarkt,76321,5208067184823,"2026-05-10 01:20:22",B2BMarkt,"<ul>
<li>Κατασκευή από fiber cement με ενισχυτικές ίνες για αυξημένη αντοχή και διάρκεια ζωής.</li>
<li>Φυσικό φινίρισμα επιφάνειας με μινιμαλιστική αισθητική, κατάλληλο για μοντέρνες διακοσμήσεις.</li>
<li>Ξύλινη βάση από teak που προσφέρει φυσική ζεστασιά και αντιαισθητική προστασία.</li>
<li>Σχεδιασμός με ενσωματωμένη εφαρμογή της γλάστρας στη βάση για σταθερότητα.</li>
<li>Κατάλληλο μόνο για εσωτερική χρήση σύμφωνα με τις προδιαγραφές ασφαλείας.</li>
</ul>"
284921,simple,0413199,5208067184830,"Γλάστρα χώρου Hoff",1,0,visible,,"<!DOCTYPE html> <html lang=""el""> <head> <meta charset=""UTF-8""> <title>Γλάστρα Hoff - Μοντέρνα Διακόσμηση</title> </head> <body> <p>Αναβαθμίστε τη διακόσμηση του χώρου σας με τη γλάστρα κασπό HOFF, ένα εντυπωσιακό κομμάτι που συνδυάζει την σύγχρονη αισθητική με την ποιότητα. Το ιδιαίτερο design της με το σαγρέ γκρίζο fiber cement και την ξύλινη βάση από teak δημιουργεί μια αρμονική αντίθεση που θα αναδείξει κάθε γωνιά του σπιτιού ή του επαγγελματικού σας χώρου.</p> <p>Η γλάστρα Hoff δεν είναι απλά ένα διακοσμητικό στοιχείο, αλλά μια προσεγμένη επιλογή για όσους αναζητούν το ξεχωριστό. Προσφέρει minimal κομψότητα με αυθεντική αίσθηση φυσικότητας, μετατρέποντας τη φροντίδα των φυτών σε μια κομψή καθημερινή συνήθεια.</p> </body> </html>",,,taxable,,1,18,,0,0,12.8,50,50,35,1,,,"119,9",Διακόσμηση,διακοσμητικό,,https://eboy.gr/app/uploads/sites/2/2026/05/glastra-esotchoroy-fb9468203l-fiber-ceme.webp,,,,,,,,,0,B2BMarkt,ύψος,"35 εκ.",1,1,πλάτος,"50 εκ.",1,1,μήκος,"50 εκ.",1,1,B2BMarkt,76322,5208067184830,"2026-05-10 01:20:59",B2BMarkt,"<ul>
<li>Κατασκευή από fiber cement με ενισχυτικές ίνες για αυξημένη αντοχή και διάρκεια ζωής</li>
<li>Επεξεργασία επιφάνειας με σαγρέ φινίρισμα σε γκρι απόχρωση</li>
<li>Ξύλινη βάση από teak με φυσική υφή και ζεστά χρώματα</li>
<li>Συστηματική εφαρμογή της γλάστρας στη βάση για σταθερή συναρμολόγηση</li>
<li>Κατάλληλο μόνο για εσωτερική χρήση</li>
<li>Στόμιο διαμέτρου 40 εκ. για εύκολη φύτευση και συντήρηση</li>
</ul>"
284923,simple,0413200,5208067184847,"Γλάστρα χώρου Hoff",1,0,visible,,"<!DOCTYPE html> <html lang=""el""> <head> <meta charset=""UTF-8""> <title>Γλάστρα Hoff - Διακόσμηση με Στυλ</title> <style> body {font-family: 'Roboto', sans-serif; max-width: 700px; margin: 20px auto;} h1 {color: #2C3E50;} </style> </head> <body> <p>Εμπλουτίστε την καθημερινότητά σας με μια κομψή προσθήκη που συνδυάζει λειτουργικότητα και design. Η γλάστρα κασπό HOFF προσφέρει τη τέλεια ισορροπία μεταξύ μοντέρνας αισθητικής και φυσικής ομορφιάς. Το λευκό σώμα από fiber cement προσδίδει μινιμαλιστική κομψότητα, ενώ η βάση από ξύλο teak προσθέτει θερμότητα και χαρακτήρα στο χώρο σας. Ιδανική για κάθε σύγχρονο σπίτι ή επαγγελματικό περιβάλλον, μεταμορφώνει την καθημερινή φροντίδα των φυτών σε μια αισθητικά ευχάριστη εμπειρία.</p> </body> </html>",,,taxable,,1,12,,0,0,9.5,40,40,39,1,,,"99,9",Διακόσμηση,κρεμάστρα,,https://eboy.gr/app/uploads/sites/2/2026/05/glastra-esotchoroy-fb9468202m-fiber-ceme.webp,,,,,,,,,0,B2BMarkt,ύψος,"39 εκ.",1,1,πλάτος,"40 εκ.",1,1,μήκος,"40 εκ.",1,1,B2BMarkt,76323,5208067184847,"2026-05-10 01:21:35",B2BMarkt,"<ul>
<li>Κατασκευή από fiber cement με ενισχυτικές ίνες για υψηλή αντοχή και ανθεκτικότητα</li>
<li>Ξύλινη βάση από teak που προσφέρει φυσική ζεστασιά και αντιαισθητική προστασία</li>
<li>Εσωτερική εφαρμογή της γλάστρας στη βάση για σταθερή συναρμολόγηση</li>
<li>Λευκό φινίρισμα υψηλής ποιότητας με ματ υφή στο σώμα από fiber cement</li>
<li>Στόμιο διαμέτρου 29 εκατοστών για εύκολη φροντίδα των φυτών</li>
</ul>"
284925,simple,0413201,5208067184854,"Γλάστρα χώρου Hoff",1,0,visible,,"<p>Αναβαθμίστε το χώρο σας με την μοναδική γλάστρα κασπό HOFF σε γκρι απόχρωση. Συνδυάζοντας minimal αισθητική και φυσικά υλικά, δημιουργεί ένα κομψό διακοσμητικό στοιχείο που μεταμορφώνει κάθε εσωτερικό περιβάλλον. Το fiber cement σώμα της προσδίδει σύγχρονη γραμμή, ενώ η ξύλινη βάση teak προσθέτει μια ζεστή νότα φυσικής ομορφιάς.</p> <p>Η αρμονία των υλικών και ο έξυπνος σχεδιασμός την καθιστούν ιδανική επιλογή για μοντέρνα σπίτια ή επαγγελματικούς χώρους. Προσφέρει ένα ισορροπημένο αποτέλεσμα που συνδυάζει λειτουργικότητα και αισθητική, μετατρέποντας κάθε φυτό σε έργο τέχνης.</p>",,,taxable,,1,12,,0,0,9.5,40,40,39,1,,,"99,9",Διακόσμηση,διακοσμητικό,,https://eboy.gr/app/uploads/sites/2/2026/05/glastra-esotchoroy-fb9468203m-fiber-ceme.webp,,,,,,,,,0,B2BMarkt,ύψος,"39 εκ.",1,1,πλάτος,"40 εκ.",1,1,μήκος,"40 εκ.",1,1,B2BMarkt,76324,5208067184854,"2026-05-10 01:22:09",B2BMarkt,"<ul>
<li>Κατασκευή από fiber cement με ενισχυτικές ίνες για αυξημένη αντοχή και ανθεκτικότητα</li>
<li>Εσωτερική βάση κατασκευασμένη από ξύλο teak υψηλής ποιότητας</li>
<li>Σύστημα στερέωσης που επιτρέπει την ασφαλή εφαρμογή της γλάστρας στη βάση</li>
<li>Επεξεργασία επιφάνειας με ειδική τεχνολογία για προστασία από καιρικές συνθήκες (χρήση εσωτερικού χώρου)</li>
<li>Μινιμαλιστικό γκρίζο φινίρισμα fiber cement με ματ υφή</li>
</ul>"
284927,simple,0413202,5208067184861,"Γλάστρα χώρου Hoff",1,0,visible,,"<p>Εμπλουτίστε τη διακόσμηση του σπιτιού ή του επαγγελματικού σας χώρου με την κομψή γλάστρα κασπό Hoff. Η ξεχωριστή της σχεδίαση συνδυάζει αρμονικά το μοντέρνο στυλ με την φυσική κομψότητα, δημιουργώντας ένα διαχρονικό διακοσμητικό στοιχείο. Το λευκού χρώματος σώμα από fiber cement προσφέρει μια καθαρή, μινιμαλιστική αισθητική, ενώ η ξύλινη βάση teak προσδίδει ζεστασιά και χαρακτήρα.</p> <p>Ιδανική επιλογή για όσους αναζητούν τη τέλεια ισορροπία μεταξύ λειτουργικότητας και αισθητικής, η γλάστρα Hoff αποτελεί ένα κομψό αξεσουάρ που μεταμορφώνει κάθε περιβάλλον. Προσθέστε μια νότα φύσης στον χώρο σας με αυτό το πολυβραβευμένο σχέδιο που συνδυάζει ποιότητα και στυλ, δημιουργώντας μια αρμονική ατμόσφαιρα.</p>",,,taxable,,1,20,,0,0,9.5,33,33,42,1,,,"89,9",Διακόσμηση,,,https://eboy.gr/app/uploads/sites/2/2026/05/glastra-esotchoroy-fb9468202s-fiber-ceme.webp,,,,,,,,,0,B2BMarkt,ύψος,"42 εκ.",1,1,πλάτος,"33 εκ.",1,1,μήκος,"33 εκ.",1,1,B2BMarkt,76325,5208067184861,"2026-05-10 01:22:46",B2BMarkt,"<ul>
<li>Κατασκευή από fiber cement με ενισχυτικές ίνες για αυξημένη αντοχή και ανθεκτικότητα.</li>
<li>Ξύλινη βάση από teak που προσφέρει φυσική ζεστασιά και αντιστέκεται στη φθορά.</li>
<li>Εσωτερική εφαρμογή της γλάστρας εντός της ξύλινης βάσης για σταθερή συναρμολόγηση.</li>
<li>Φινίρισμα επιφάνειας με λεία υφή στο τμήμα fiber cement, ενώ η βάση διαθέτει φυσικό φινίρισμα teak.</li>
<li>Κατάλληλο μόνο για εσωτερική χρήση λόγω των υλικών κατασκευής του.</li>
</ul>"
284929,simple,0413203,5208067184878,"Γλάστρα χώρου Hoff",1,0,visible,,"<!DOCTYPE html> <html lang=""el""> <head> <meta charset=""UTF-8""> <title>Γλάστρα Χώρου Hoff</title> </head> <body> <p>Αναβαθμίστε τη διακόσμηση του χώρου σας με τη μοντέρνα γλάστρα κασπό HOFF. Συνδυάζοντας την κομψή minimal αισθητική με φυσικά υλικά, αυτή η γλάστρα δημιουργεί ένα διαχρονικό διακοσμητικό στοιχείο που θα κλέψει τις εντυπώσεις σε κάθε δωμάτιο. Το υψηλής ποιότητας fiber cement σώμα της διατίθεται σε κομψό γκρι χρώμα, ενώ η ξύλινη βάση teak προσθέτει ζεστασιά και φυσική ομορφιά στο σύνολο.</p> <p>Ιδανική για σύγχρονους χώρους, είτε πρόκειται για το σπίτι σας είτε για επαγγελματικούς χώρους, η γλάστρα Hoff αποτελεί μια έξυπνη επιλογή που συνδυάζει λειτουργικότητα με απαράμιλλη αισθητική. Διακοσμήστε με στυλ και φέρτε τη φύση στον εσωτερικό χώρο σας!</p> </body> </html>",,,taxable,,1,16,,0,0,9.5,33,33,42,1,,,"89,9",Διακόσμηση,διακοσμητικό,,https://eboy.gr/app/uploads/sites/2/2026/05/glastra-esotchoroy-fb9468203s-fiber-ceme.webp,,,,,,,,,0,B2BMarkt,ύψος,"42 εκ.",1,1,πλάτος,"33 εκ.",1,1,μήκος,"33 εκ.",1,1,B2BMarkt,76326,5208067184878,"2026-05-10 01:23:18",B2BMarkt,"<ul>
<li>Κατασκευή από fiber cement με ενισχυτικές ίνες για αυξημένη αντοχή και ανθεκτικότητα</li>
<li>Τελείωμα επιφάνειας γλάστρας: Ματ, με φυσικές αποχρώσεις του γκρι</li>
<li>Ξύλινη βάση από teak με φυσική υφή και αντιολισθητική λειτουργία</li>
<li>Συστηματική εφαρμογή της γλάστρας στη βάση για σταθερή τοποθέτηση</li>
<li>Κατάλληλο μόνο για εσωτερική χρήση σε οικιακούς, επαγγελματικούς ή χώρους φιλοξενίας</li>
<li>Στόμιο διαμέτρου 20 εκ. για εύκολη φροντίδα των φυτών</li>
</ul>"
284931,simple,0413192,5208067184762,"Γλάστρα χώρου Quan",1,0,visible,,"<!DOCTYPE html> <html lang=""el""> <head> <meta charset=""UTF-8""> <title>Γλάστρα QUAN - Σύγχρονη Εμπνοή</title> </head> <body> <p><strong>Μεταμορφώστε τον Χώρο σας με την Γλάστρα QUAN</strong></p> <p>Αναβαθμίστε τη διακόσμηση του σπιτιού σας με την κομψή γλάστρα QUAN, μια σύγχρονη επιλογή για τους λάτρεις της κομψής αισθητικής. Η μοναδική σχεδίαση σε λευκό χρώμα από Fiber Cement συνδυάζεται αρμονικά με την εντυπωσιακή ξύλινη βάση teak, δημιουργώντας ένα εντυπωσιακό σύνολο που θα ξεχωρίσει στον χώρο σας. Ιδανική για εσωτερικά φυτά, προσφέρει τη βέλτιστη έκθεση και φροντίδα τους.</p> <p>Εμπνευστείτε από μια διακριτική πινελιά φύσης στο σπίτι σας, συνδυάζοντας την πρακτικότητα με το στυλ. Η γλάστρα QUAN αποτελεί όχι απλώς ένα διακοσμητικό στοιχείο αλλά έναν τρόπο να φέρνετε τη φρεσκάδα της φύσης στην καθημερινότητά σας.</p> </body> </html>",,,taxable,,1,19,,0,0,12,35,35,50,1,,,"124,9",Διακόσμηση,διακοσμητικό,,https://eboy.gr/app/uploads/sites/2/2026/05/glastra-esotchoroy-fb9468002m-fiber-ceme.webp,,,,,,,,,0,B2BMarkt,ύψος,"50 εκ.",1,1,πλάτος,"35 εκ.",1,1,μήκος,"35 εκ.",1,1,B2BMarkt,76329,5208067184762,"2026-05-10 01:23:51",B2BMarkt,"<ul>
<li>Κατασκευή από Fiber Cement ενισχυμένο με ίνες κυτταρίνης για αυξημένη αντοχή και χαμηλή συντήρηση</li>
<li>Λευκό φινίρισμα υψηλής ποιότητας ανθεκτικό στην καθημερινή χρήση</li>
<li>Συμβατότητα μόνο με εσωτερική χρήση λόγω ειδικής τρίποδης βάσης από ξύλο teak</li>
<li>Σχεδιασμός με στόμιο διαμέτρου Φ32 εκ. για εύκολη φροντίδα των φυτών</li>
<li>Προτείνεται η χρήση εσωτερικού δοχείου για βέλτιστη διατήρηση της γλάστρας</li>
<li>Ανθεκτική κατασκευή με ελάχιστη απαίτηση συντήρησης</li>
</ul>"
284933,simple,0413204,5208067184885,"Γλάστρα κάσπο εσωτερικού χώρου Rentil",1,0,visible,,"<!DOCTYPE html> <html lang=""el""> <head> <meta charset=""UTF-8""> <title>Γλάστρα RENTIL</title> </head> <body> <p>Μεταμορφώστε τον χώρο σας με τη μοναδική γλάστρα RENTIL, ένα αριστούργημα σύγχρονης αισθητικής! Η ιδιαίτερη διχρωμία σε λευκό και μαύρο δημιουργεί μια εντυπωσιακή αντίθεση που θα αναδείξει κάθε γωνιά του σπιτιού σας. Συνδυάζοντας κομψότητα και λειτουργικότητα, η γλάστρα διαθέτει ειδική βάση από ξύλο teak για σταθερή τοποθέτηση, προσφέροντας την τέλεια ισορροπία μεταξύ στυλ και πρακτικότητας.</p> <p>Δημιουργήστε το προσωπικό σας πράσινο καταφύγιο, με τη σιγουριά της υψηλής ποιότητας κατασκευής από Fiber Cement. Ιδανική επιλογή για λάτρεις της διακόσμησης που αναζητούν κάτι ξεχωριστό για τον εσωτερικό τους χώρο.</p> </body> </html>",,,taxable,,1,16,,0,0,3,35,35,45,1,,,"89,9",Διακόσμηση,διακοσμητικό,,https://eboy.gr/app/uploads/sites/2/2026/05/glastra-kaspo-esotchoroy-fb94683l-fiber-.webp,,,,,,,,,0,B2BMarkt,ύψος,"45 εκ.",1,1,πλάτος,"35 εκ.",1,1,μήκος,"35 εκ.",1,1,B2BMarkt,76331,5208067184885,"2026-05-10 01:24:22",B2BMarkt,"<ul>
<li>Δομικό υλικό: Fiber Cement ενισχυμένο με ίνες κυτταρίνης</li>
<li>Χρώματα: Λευκό και Μαύρο σε ρίγες</li>
<li>Επιφάνεια: Επίπεδη, ανθεκτική στην καθημερινή χρήση</li>
<li>Συμπεριλαμβάνει χιαστί βάση στήριξης από ξύλο teak</li>
<li>Ανθεκτικό στις καιρικές συνθήκες (χρήση μόνο εσωτερικούς χώρους)</li>
<li>Εύκολο στον καθαρισμό με ελάχιστη συντήρηση</li>
<li>Διαθέτει στόμιο διαμέτρου Φ29 εκ. για ποτίσματα</li>
</ul>"
284935,simple,0413205,5208067184892,"Γλάστρα κάσπο εσωτερικού χώρου Rentil",1,0,visible,,"<!DOCTYPE html> <html lang=""el""> <head> <meta charset=""UTF-8""> <title>Γλάστρα Rentil</title> </head> <body> <article> <p>Αναβαθμίστε τη διακόσμηση του χώρου σας με την εντυπωσιακή γλάστρα RENTIL, ένα μοναδικό κομμάτι που συνδυάζει στυλ και ποιότητα. Η πρωτότυπη κατασκευή της από Fiber Cement σε μοντέρνα διχρωμία λευκού και μαύρου δημιουργεί μια κομψή αντίθεση, ενώ η ξύλινη βάση από teak προσδίδει πολυτέλεια και σταθερότητα. Ιδανική επιλογή για κάθε σύγχρονο σπίτι, προσφέρει έναν κομψό τρόπο να φέρνετε τη φύση μέσα.</p> <p>Με τις επιβλητικές της διαστάσεις (Φ27x66Υ εκ.) και το ευρύ στόμιο Φ21εκ., η Rentil είναι έτοιμη να φιλοξενήσει τα αγαπημένα σας φυτά εσωτερικού χώρου. Η προσεγμένη σχεδίαση εξασφαλίζει την αισθητική αρμονία στο χώρο σας, ενώ παράλληλα παρέχει λειτουργικότητα και αντοχή στη χρήση.</p> </article> </body> </html>",,,taxable,,1,12,,0,0,2.8,27,27,66,1,,,"75,9",Διακόσμηση,διακοσμητικό,,https://eboy.gr/app/uploads/sites/2/2026/05/glastra-kaspo-esotchoroy-fb94683m-fiber-.webp,,,,,,,,,0,B2BMarkt,ύψος,"66 εκ.",1,1,πλάτος,"27 εκ.",1,1,μήκος,"27 εκ.",1,1,B2BMarkt,76332,5208067184892,"2026-05-10 01:24:54",B2BMarkt,"<ul>
<li>Κατασκευασμένη από Fiber Cement ενισχυμένο με ίνες κυτταρίνης</li>
<li>Διαθέσιμη σε δύο χρωματικές επιλογές: Λευκό και Μαύρο ριγέ φινίρισμα</li>
<li>Συνοδεύεται από ξύλινη χιαστί βάση από Teak</li>
<li>Απαιτεί τοποθέτηση εσωτερικού δοχείου για χρήση με νερό</li>
<li>Ανθεκτική κατασκευή χαμηλού κόστους συντήρησης</li>
<li>Κατάλληλη μόνο για εσωτερικούς χώρους</li>
</ul>"
284937,simple,0613274,5208067208543,"Σκαμπό μπαρ Vincent",1,0,visible,,"<p>Ανακαλύψτε το απόλυτο κομμάτι για τον εσωτερικό σας χώρο! Το VINCENT είναι ένα κομψό σκαμπό μπαρ που συνδυάζει την απλότητα με την εκλεπτυσμένη αισθητική. Η μαύρη δερματίνη υψηλής ποιότητας προσφέρει άνεση και στυλ, ενώ ο μεταλλικός σκελετός με τα 4 σταθερά πόδια εγγυάται σταθερότητα και διαχρονική ομορφιά. Ο ιδιαίτερος σχεδιασμός του περιλαμβάνει μια κεντρική βέργα στήριξης ποδιών που προσθέτει πρακτικότητα χωρίς να θυσιάζει το μοντέρνο design.</p> <p>Με διαστάσεις 43x50x92,5 εκ., ταιριάζει αρμονικά σε κάθε χώρο, δημιουργώντας την ιδανική ατμόσφαιρα για στιγμές χαλάρωσης ή κοινωνικές συναντήσεις. Η εργονομική του σχεδίαση και η προσεγμένη κατασκευή το καθιστούν όχι μόνο ένα διακοσμητικό στοιχείο αλλά και μια λειτουργική επιλογή για τον προσωπικό σας χώρο. Επιλέξτε το VINCENT για να μεταμορφώσετε το σαλόνι, το μπαρ ή τον κήπο σας σε έναν τόπο που αντανακλά την προσωπική σας αισθητική.</p>",,,taxable,,1,214,,0,0,4.125,50,43,92.5,1,,,"26,99","Σαλόνι & Καθιστικό",σκαμπό,,https://eboy.gr/app/uploads/sites/2/2026/05/skampo-mpar-fb9929824-mesaioy-ypsoys-may.webp,,,,,,,,,0,B2BMarkt,ύψος,"92.5 εκ.",1,1,πλάτος,"43 εκ.",1,1,μήκος,"50 εκ.",1,1,B2BMarkt,76333,5208067208543,"2026-05-10 01:25:29",B2BMarkt,"<ul>
<li>Κατασκευή από μεταλλικό σκελετό υψηλής αντοχής και στιβαρότητας.</li>
<li>Κάθισμα και πλάτη επενδυμένα με μαύρο ύφασμα εξαιρετικής ποιότητας.</li>
<li>Διαθέτει υποπόδιο-βέργα για πρόσθετη άνεση κατά τη χρήση.</li>
<li>Σχεδιασμός μεσαίου ύψους με ενσωματωμένη πλάτη στήριξης.</li>
<li>Βασίζεται σε τέσσερα πόδια για αυξημένη σταθερότητα.</li>
</ul>"
284939,simple,0413206,5208067184908,"Γλάστρα χώρου Rentil Hm4683s",1,0,visible,,"<!DOCTYPE html> <html lang=""el""> <head> <meta charset=""UTF-8""> <title>Γλάστρα Εσωτερικού Χώρου Rentil</title> </head> <body> <p>Αναβαθμίστε το στυλ του χώρου σας με την εντυπωσιακή γλάστρα Rentil, ένα πραγματικό έργο τέχνης για τον κήπο του σπιτιού σας! Η μοναδική διπλή απόχρωση λευκού και μαύρου σε γεωμετρικό σχέδιο δημιουργεί μια μοντέρνα αισθητική που θα τραβήξει τα βλέμματα.</p> <p>Η κομψή σύνθεση από Fiber Cement, σε συνδυασμό με τη φυσική ομορφιά του ξύλου teak στη βάση της, προσφέρει ένα αρμονικό αποτέλεσμα υψηλής ποιότητας. Είναι ιδανική για κάθε χώρο, προσθέτοντας μια πινελιά κομψότητας και φρεσκάδας. Με τις κατάλληλες φροντίδες και την προσθήκη εσωτερικού δοχείου για το νερό, θα αποτελέσει ένα πιστό σύντροφο στο ταξίδι της διακόσμησης σας για πολλά χρόνια.</p> </body> </html>",,,taxable,,1,14,,0,0,2.3,23,23,60,1,,,"67,9",Διακόσμηση,,,https://eboy.gr/app/uploads/sites/2/2026/05/glastra-esotchoroy-fb94683s-fiber-cement.webp,,,,,,,,,0,B2BMarkt,ύψος,"60 εκ.",1,1,πλάτος,"23 εκ.",1,1,μήκος,"23 εκ.",1,1,B2BMarkt,76334,5208067184908,"2026-05-10 01:26:00",B2BMarkt,"<ul>
<li>Κατασκευή από Fiber Cement ενισχυμένο με ίνες κυτταρίνης για αυξημένη αντοχή και χαμηλή συντήρηση.</li>
<li>Διατίθεται σε δύο χρώματα: Λευκό και Μαύρο, με ρίγες.</li>
<li>Συμπεριλαμβάνει ξύλινη χιαστί βάση από Teak wood για σταθερή τοποθέτηση.</li>
<li>Προτείνεται η χρήση εσωτερικού δοχείου όταν έρχεται σε επαφή με νερό.</li>
<li>Επιφάνεια ανθεκτική στο καθάρισμα με ελάχιστη συντήρηση.</li>
<li>Ακατάλληλη για εξωτερική χρήση - προορίζεται αποκλειστικά για εσωτερικούς χώρους.</li>
</ul>"
284941,simple,9996965,,"Διακόσμηση δαπέδου Nebula",1,0,visible,,"<p>Εμπνευστείτε από την τέχνη του διαστήματος με τη συλλογή NEBULA! Τρία μοναδικά χειροποίητα βάζα δαπέδου, κατασκευασμένα από υψηλής ποιότητας Fiber Cement και ξύλινο λαιμό από ανθεκτικό Teak, δημιουργούν μια εντυπωσιακή σύνθεση στον χώρο σας. Η αρμονική τους συνύπαρξη σε τρία διακριτικά χρώματα (μαύρο, λευκό, γκρι-τάουπε) και διαφορετικά ύψη προσφέρει απεριόριστες δυνατότητες σύνθεσης.</p> <p>Με το NEBULA θα μεταμορφώσετε την αισθητική του σπιτιού ή του επαγγελματικού σας χώρου. Η επιβλητική τους παρουσία προσθέτει πολυτέλεια και στυλ, ενώ η προσεγμένη κατασκευή εγγυάται μακροχρόνια χρήση μόνο σε εσωτερικούς χώρους. Δημιουργήστε ένα μοναδικό διακοσμητικό statement που θα εντυπωσιάζει κάθε επισκέπτη.</p>",,,taxable,,1,8,,0,0,54,45,45,148,1,,,"909,7",Διακόσμηση,διακοσμητικό,,https://eboy.gr/app/uploads/sites/2/2026/05/set-3tmch-diakosmitika-baza-dapedoy-fb92.webp,,,,,,,,,0,B2BMarkt,ύψος,"148 εκ.",1,1,πλάτος,"45 εκ.",1,1,μήκος,"45 εκ.",1,1,B2BMarkt,76335,,"2026-05-10 01:26:29",B2BMarkt,"<ul>
    <li>Κατασκευή από Fiber Cement ενισχυμένο με ίνες κυτταρίνης για αυξημένη αντοχή και χαμηλή συντήρηση.</li>
    <li>Λαιμός κατασκευασμένος από υψηλής ποιότητας ξύλο Teak, προσφέροντας φυσική αισθητική και ανθεκτικότητα.</li>
    <li>Επεξεργασία επιφάνειας που παρέχει εύκολο καθαρισμό και ελάχιστη απαίτηση συντήρησης.</li>
    <li>Διαθέσιμο σε τρία διακριτά χρώματα (μαύρο, λευκό, γκρι-ταούπε) για ποικιλία διακοσμητικών επιλογών.</li>
    <li>Προορίζεται αποκλειστικά για εσωτερική χρήση ως διακόσμηση δαπέδου.</li>
</ul>"
284943,simple,9996964,,"Διακοσμητικά βάζα Nebula",1,0,visible,,"<p>Εμπλουτίστε την διακόσμηση του σπιτιού σας με τα μοναδικά χειροποίητα βάζα δαπέδου NEBULA. Τρία εντυπωσιακά κομμάτια σε αρμονική σύνθεση μαύρου, λευκού και γκρι-ταουπέ χρώματος, δημιουργούν ένα εντυπωσιακό οπτικό αποτέλεσμα που θα κλέψει τις εντυπώσεις.</p> <p>Η ξεχωριστή σχεδίαση των NEBULA, με την αρμονία υλικών (Fiber Cement με ξύλινο λαιμό Teak), προσφέρει μια πολυτελή αισθητική που μεταμορφώνει κάθε χώρο. Τα διαφορετικά ύψη τους επιτρέπουν ιδανική τοποθέτηση και δημιουργία εντυπωσιακών γωνιών στο σαλόνι, το υπνοδωμάτιο ή την είσοδο του σπιτιού σας.</p>",,,taxable,,1,12,,0,0,54,45,45,148,1,,,"909,7",Διακόσμηση,βάζο,,https://eboy.gr/app/uploads/sites/2/2026/05/set-3tmch-diakosmitika-baza-dapedoy-fb92-1.webp,,,,,,,,,0,B2BMarkt,ύψος,"148 εκ.",1,1,πλάτος,"45 εκ.",1,1,μήκος,"45 εκ.",1,1,B2BMarkt,76336,,"2026-05-10 01:26:59",B2BMarkt,"<ul>
<li>Κατασκευή από Fiber Cement ενισχυμένο με ίνες κυτταρίνης για υψηλή ανθεκτικότητα και χαμηλή συντήρηση.</li>
<li>Λαιμός κατασκευασμένος από ξύλο Teak υψηλής ποιότητας.</li>
<li>Επιφάνειες με λεία επεξεργασία που καθαρίζονται εύκολα.</li>
<li>Διαθέσιμα σε τρία χρώματα: μαύρο, λευκό και γκρι (Tape).</li>
<li>Προορίζεται αποκλειστικά για χρήση σε εσωτερικούς χώρους.</li>
</ul>"
284945,simple,9996966,,"Διακόσμηση δαπέδου Nebula",1,0,visible,,"<p>Εμπνευστείτε από την μοναδική συλλογή NEBULA, ένα αριστούργημα σύγχρονης διακόσμησης για το σπίτι σας. Τρία χειροποίητα βάζα δαπέδου σε εκλεπτυσμένα χρώματα μαύρο, λευκό και γκρι-τερακότα (TAUPE), δημιουργούν μια αρμονική σύνθεση που μεταμορφώνει κάθε χώρο.</p> <p>Κατασκευασμένα από υψηλής ποιότητας Fiber Cement με λεπτομέρειες από ανθεκτικό ξύλο Teak, τα βάζα προσθέτουν κομψότητα και ύψος στον εσωτερικό σας σχεδιασμό. Το εντυπωσιακό τους μέγεθος και η προσεγμένη κατασκευή τους εγγυώνται ένα διαχρονικό αποτέλεσμα, μετατρέποντας τον χώρο σας σε σημείο αναφοράς στυλ και πολυτέλειας.</p>",,,taxable,,1,11,,0,0,54,45,45,148,1,,,"909,7",Διακόσμηση,διακοσμητικό,,https://eboy.gr/app/uploads/sites/2/2026/05/set-3tmch-diakosmitika-baza-dapedoy-fb92-2.webp,,,,,,,,,0,B2BMarkt,ύψος,"148 εκ.",1,1,πλάτος,"45 εκ.",1,1,μήκος,"45 εκ.",1,1,B2BMarkt,76337,,"2026-05-10 01:27:29",B2BMarkt,"<ul>
    <li>Κατασκευή από Fiber Cement ενισχυμένο με ίνες κυτταρίνης για υψηλή αντοχή και χαμηλή συντήρηση.</li>
    <li>Λαιμός κατασκευασμένος από ποιοτικό ξύλο Teak, προσφέροντας φυσική αισθητική και ανθεκτικότητα.</li>
    <li>Επιφάνεια σε ματ φινίρισμα που αποτρέπει τις δαχτυλιές και καθαρίζεται εύκολα.</li>
    <li>Διατίθεται σε τρία χρώματα (μαύρο, λευκό, γκρι taupe) για ευέλικτη διακοσμητική χρήση.</li>
    <li>Προορίζεται αποκλειστικά για εσωτερική διακόσμηση χώρων.</li>
    <li>Αντοχή στις καθημερινές συνθήκες εσωτερικού χώρου με ελάχιστη συντήρηση.</li>
</ul>"
284947,simple,0610697,5208067218504,"Καρέκλα τραπεζαρίας Karvo",1,0,visible,,"<!DOCTYPE html> <html lang=""el""> <head> <meta charset=""UTF-8""> <title>Περιγραφή Προϊόντος - Καρέκλα Karvo</title> </head> <body> <p>H καρέκλα τραπεζαρίας KARVO συνδυάζει άψογα το μοντέρνο design με την άνεση και τη διαχρονική αισθητική. Με τον ιδιαίτερο σκελετό σε WHITEWASH ξύλο που θυμίζει χειροποίητη τέχνη, μεταμορφώνει κάθε χώρο σε ένα κομψό καταφύγιο.<br><br> Το ξεχωριστό ""τρίποδο"" σχήμα, συνοδευόμενο από ανάλαφρο ΜΠΕΖ ύφασμα, δημιουργεί μια κομψή οπτική αρμονία. Η KARVO προσφέρει μοναδική άνεση χάρη στην προσεκτικά μελετημένη κατασκευή της, δημιουργώντας το ιδανικό σημείο συνάντησης για οικογενειακές στιγμές και επαγγελματικές συναντήσεις.</p> </body> </html>",,,taxable,,1,5,,0,0,8.45,50,57,79,1,,,"109,9","Σαλόνι & Καθιστικό",καρέκλα,,https://eboy.gr/app/uploads/sites/2/2026/05/karekla-trapezarias-fb91825201-mpez-yfas.webp,,,,,,,,,0,B2BMarkt,ύψος,"79 εκ.",1,1,πλάτος,"57 εκ.",1,1,μήκος,"50 εκ.",1,1,B2BMarkt,76346,5208067218504,"2026-05-10 01:27:58",B2BMarkt,"<ul>
<li>Σκελετός από ξύλο οξιάς υψηλής αντοχής και ανθεκτικότητας</li>
<li>Φινίρισμα WHITEWASH στο σκελετό με ματ υφή</li>
<li>Καθίσματα και πλάτη επενδυμένα με ανάγλυφο ύφασμα ΜΠΕΖ, μαλακής αφής</li>
<li>Απλός καθαρισμός με υγρό πανί κατάλληλο για υφάσματα</li>
<li>Σχεδιασμός ""τρίποδου"" με σταθερή βάση 52x40 εκ.</li>
<li>Σκελετός παραδίδεται προ-συναρμολογημένος</li>
</ul>"
284949,simple,0513781,5208067225533,"Φωτιστικο οροφης",1,0,visible,,"<p>Αναβαθμίστε τον χώρο σας με το κρεμαστό φωτιστικό οροφής STONER (S) - την επιτομή του μοντέρνου design! Το φωτιστικό αυτό αποτελεί ένα αριστούργημα σύγχρονης αισθητικής, συνδυάζοντας την πρακτικότητα με τη διακοσμητική αρτιότητα.</p> <p>Με την φυσική υφή της ρητίνης και τον γκρι χρωματισμό που μιμείται την πέτρα, προσθέτει μια μοναδική πινελιά στον τοίχο σας. Δημιουργεί ατμοσφαιρικό φωτισμό, μετατρέποντας κάθε χώρο σε ένα ζεστό και ελκυστικό περιβάλλον. Ιδανικό για λάτρεις του μινιμαλιστικού και βιομηχανικού στυλ, το STONER (S) υπόσχεται να γίνει το κεντρικό σημείο προσοχής του σπιτιού ή του επαγγελματικού σας χώρου.</p>",,,taxable,,1,18,,0,0,2.6,30,37,45,1,,,"84,92",Υπνοδωμάτιο,φωτιστικό,,https://eboy.gr/app/uploads/sites/2/2026/05/fotistiko-orofis-me-opsi-petras-fb944170-1.webp,,,,,,,,,0,B2BMarkt,ύψος,"45 εκ.",1,1,πλάτος,"37 εκ.",1,1,μήκος,"30 εκ.",1,1,B2BMarkt,76350,5208067225533,"2026-05-10 01:28:29",B2BMarkt,"<ul>
<li>Κατασκευή από υψηλής ποιότητας ρητίνη με γκριζωπό χρωματισμό και φυσική υφή</li>
<li>Διάθεση σύνδεσης: Ντουί Ε27</li>
<li>Ανθεκτικό φινίρισμα κατάλληλο για οικιακή χρήση</li>
<li>Σχεδιασμός που επιτρέπει την κρεμαστή τοποθέτηση στην οροφή</li>
<li>Προσφέρει διάχυτο φωτισμό λόγω της φυσικής υφής του υλικού</li>
</ul>"
284951,simple,0535978,5208067225502,"Φωτιστικό οροφής Stoner S",1,0,visible,,"<!DOCTYPE html> <html lang=""el""> <head> <meta charset=""UTF-8""> </head> <body> <p>Αναβαθμίστε τη διακόσμηση του χώρου σας με το μοναδικό κρεμαστό φωτιστικό οροφής STONER (S). Η ιδιαίτερη σχεδίασή του, που μιμείται την φυσική πέτρα, προσθέτει μια κομψή και διαχρονική αισθητική στο περιβάλλον σας. Ο καφέ/γκρι χρωματικός συνδυασμός από υψηλής ποιότητας ρητίνη προσφέρει ζεστασιά και κομψότητα σε κάθε χώρο.</p> <p>Ιδανικό για μοντέρνες κατοικίες με industrial στοιχεία, το STONER (S) συνδυάζει λειτουργικότητα και τέχνη, δημιουργώντας την τέλεια ατμόσφαιρα. Η αυθεντική του εμφάνιση μεταμορφώνει τον φωτισμό σε ένα εντυπωσιακό διακοσμητικό στοιχείο που ξεχωρίζει.</p> </body> </html>",,,taxable,,1,3,,0,0,2.6,30,37,45,1,,,"84,92",Υπνοδωμάτιο,φωτιστικό,,https://eboy.gr/app/uploads/sites/2/2026/05/fotistiko-orofis-me-opsi-petras-fb944170-2.webp,,,,,,,,,0,B2BMarkt,ύψος,"45 εκ.",1,1,πλάτος,"37 εκ.",1,1,μήκος,"30 εκ.",1,1,B2BMarkt,76351,5208067225502,"2026-05-10 01:29:02",B2BMarkt,"<ul>
<li>Κατασκευή από υψηλής ποιότητας ρητίνη με υφή μίμησης φυσικής πέτρας</li>
<li>Χρωματικός συνδυασμός καφέ και γκρι με ανθεκτικό φινίρισμα</li>
<li>Δέχεται λαμπτήρα τύπου E27 (max 60W)</li>
<li>Σχεδιασμός για τοποθέτηση σε οροφή με καλώδιο σύνδεσης</li>
<li>Αντοχή στο χρόνο και την καθημερινή χρήση</li>
<li>Προσφέρει έμμεσο, ζεστό φωτισμό</li>
</ul>"
284953,simple,0513783,5208067225519,"Φωτιστικό οροφής Stoner",1,0,visible,,"<!DOCTYPE html> <html lang=""el""> <head> <meta charset=""UTF-8""> <title>Φωτιστικό Οροφής Stoner</title> </head> <body> <p>Αναβαθμίστε την ατμόσφαιρα του χώρου σας με το εντυπωσιακό κρεμαστό φωτιστικό οροφής STONER (Μ)! Η μοναδική μίμηση φυσικών πετρωμάτων προσδίδει έναν αέρα αυθεντικότητας, ιδανικό για σύγχρονους και βιομηχανικούς χώρους. Το μοντέλο Μ σε συνδυασμό καφέ και γκρι αποχρώσεων δημιουργεί μια ζεστή λάμψη που μεταμορφώνει κάθε δωμάτιο.</p> <p>Η ποιοτική κατασκευή από ανθεκτική ρητίνη εξασφαλίζει μακροχρόνια χρήση και άψογη αισθητική. Τοποθετήστε το στον χώρο σας και απολαύστε την τέλεια εναρμόνιση στυλ και λειτουργικότητας, δημιουργώντας ένα μοναδικό περιβάλλον με προσωπικότητα.</p> </body> </html>",,,taxable,,1,4,,0,0,20,45,55,40,1,,,"118,92",Υπνοδωμάτιο,φωτιστικό,,https://eboy.gr/app/uploads/sites/2/2026/05/fotistiko-orofis-me-opsi-petras-fb944180-1.webp,,,,,,,,,0,B2BMarkt,ύψος,"40 εκ.",1,1,πλάτος,"55 εκ.",1,1,μήκος,"45 εκ.",1,1,B2BMarkt,76352,5208067225519,"2026-05-10 01:29:35",B2BMarkt,"<ul>
    <li>Κατασκευή από υψηλής ποιότητας ρητίνη με μίμηση φυσικής υφής.</li>
    <li>Χρωματισμός σε καφέ/γκρι τόνους.</li>
    <li>Δυνατότητα τοποθέτησης λαμπτήρα τύπου Ε27.</li>
    <li>Ανθεκτικό φινίρισμα για οικιακή χρήση.</li>
    <li>Εσωτερική χρήση μόνο.</li>
</ul>"
284955,simple,0513782,5208067225540,"Φωτιστικό οροφής Stoner",1,0,visible,,"<p>Μεταμορφώστε το χώρο σας με το μοναδικό κρεμαστό φωτιστικό οροφής STONER (Μ) σε γκρι απόχρωση. Αυτό το καινοτόμο design μιμείται την φυσική πέτρα, προσφέροντας μια αυθεντική αισθητική που θα εντυπωσιάσει κάθε λάτρη του μοντέρνου και κομψού σχεδιασμού. Η εξαιρετική ποιότητα κατασκευής από ανθεκτική ρητίνη εξασφαλίζει μακροχρόνια χρήση με ελάχιστη συντήρηση.</p> <p>Δημιουργήστε ατμόσφαιρα και στυλ στον χώρο σας, επιλέγοντας ένα φωτιστικό που δεν είναι απλά πηγή φωτός, αλλά ένα εντυπωσιακό έργο τέχνης. Ιδανικό για σύγχρονους χώρους με industrial στοιχεία, το STONER (Μ) συνδυάζει λειτουργικότητα και αισθητική σε τέλεια αρμονία.</p>",,,taxable,,1,21,,0,0,20,45,55,40,1,,,"118,92",Υπνοδωμάτιο,φωτιστικό,,https://eboy.gr/app/uploads/sites/2/2026/05/fotistiko-orofis-me-opsi-petras-fb944180-2.webp,,,,,,,,,0,B2BMarkt,ύψος,"40 εκ.",1,1,πλάτος,"55 εκ.",1,1,μήκος,"45 εκ.",1,1,B2BMarkt,76353,5208067225540,"2026-05-10 01:30:11",B2BMarkt,"<ul>
<li>Κατασκευή από υψηλής ποιότητας ρητίνη με υφή που μιμείται φυσική πέτρα</li>
<li>Γκριζωπός χρωματισμός με ανθεκτικό φινίρισμα</li>
<li>Δυνατότητα τοποθέτησης λαμπτήρα Ε27 (max 60W)</li>
<li>Αντοχή σε καθημερινή χρήση και καθαρές επιφάνειες</li>
<li>Σχεδιασμός χωρίς κινούμενα μέρη για αυξημένη ασφάλεια</li>
<li>Κατάλληλο για χώρους με υγρασία έως 70%</li>
</ul>"
284957,simple,0413191,5208067184755,"Γλάστρα χώρου Quan",1,0,visible,,"<!DOCTYPE html> <html lang=""el""> <head> <meta charset=""UTF-8""> <title>Γλάστρα QUAN</title> <style> body {font-family: 'Segoe UI';} h1 {color: #2E4053;} </style> </head> <body> <p>Η γλάστρα Quan αποτελεί το απόλυτο διακοσμητικό στοιχείο για κάθε εσωτερικό χώρο. Ο κομψός συνδυασμός του υψηλής ποιότητας Fiber Cement σε γκρι απόχρωση, με την φυσική ομορφιά του ξύλου teak στη βάση της, δημιουργεί ένα πραγματικό έργο τέχνης. Η ιδιαίτερη τριποδική στήριξη προσφέρει σταθερότητα και ύψος, επιτρέποντας την τοποθέτηση φυτών που θα μεταμορφώσουν το περιβάλλον σας.</p> <p>Εντυπωσιάστε με την ποιότητα και τη μοναδικότητα - ιδανική επιλογή για κάθε χώρο που αναζητά στυλ και φινέτσα.</p> </body> </html>",,,taxable,,1,20,,0,0,12,38,38,62,1,,,"139,9",Διακόσμηση,διακοσμητικό,,https://eboy.gr/app/uploads/sites/2/2026/05/glastra-esotchoroy-fb9468003l-fiber-ceme.webp,,,,,,,,,0,B2BMarkt,ύψος,"62 εκ.",1,1,πλάτος,"38 εκ.",1,1,μήκος,"38 εκ.",1,1,B2BMarkt,76354,5208067184755,"2026-05-10 01:30:51",B2BMarkt,"<ul>
<li>Κατασκευή από Fiber Cement με ενίσχυση ινών κυτταρίνης για αυξημένη ανθεκτικότητα</li>
<li>Γκρι χρώμα επιφάνειας με σταθερή απόδοση στο χρόνο</li>
<li>Συμβατότητα μόνο με εσωτερική χρήση σύμφωνα με τις προδιαγραφές ασφαλείας</li>
<li>Εξοπλισμός με τρίποδη βάση από ξύλο Teak υψηλής ποιότητας</li>
<li>Σχεδιασμός που απαιτεί εσωτερικό δοχείο για βέλτιστη διατήρηση</li>
<li>Ανθεκτική κατασκευή με χαμηλή απαίτηση συντήρησης</li>
</ul>"
284959,simple,0513784,5208067225526,"Φωτιστικό οροφής Stoner",1,0,visible,,"<p>Ανακαλύψτε το STONER (L), ένα μοναδικό κρεμαστό φωτιστικό που μεταμορφώνει κάθε χώρο. Η εξαιρετική του εμφάνιση σε καφέ/γκρι αποχρώσεις, με την υφή φυσικής πέτρας, προσθέτει μια εκλεπτυσμένη νότα στον εσωτερικό σχεδιασμό σας. Το κομψό design από υψηλής ποιότητας ρητίνη δημιουργεί μια ατμοσφαιρική λάμψη που συνδυάζει λειτουργικότητα και αισθητική.</p> <p>Ιδανικό για μοντέρνους χώρους με προσωπικότητα, το STONER (L) είναι η ιδανική επιλογή για όσους αναζητούν κάτι ξεχωριστό. Με την ικανότητά του να μεταμορφώνει κάθε δωμάτιο σε ένα ζεστό και φιλόξενο περιβάλλον, προσφέρει όχι μόνο φωτισμό αλλά και μια μοναδική διακοσμητική πινελιά που θα εντυπωσιάσει τους επισκέπτες σας.</p>",,,taxable,,1,7,,0,0,5.4,55,73,40,1,,,"144,42",Υπνοδωμάτιο,φωτιστικό,,https://eboy.gr/app/uploads/sites/2/2026/05/fotistiko-orofis-fb9441903-opsi-petras-k.webp,,,,,,,,,0,B2BMarkt,ύψος,"40 εκ.",1,1,πλάτος,"73 εκ.",1,1,μήκος,"55 εκ.",1,1,B2BMarkt,76355,5208067225526,"2026-05-10 01:31:24",B2BMarkt,"<ul>
<li>Κατασκευή από ρητίνη υψηλής ποιότητας με υφή φυσικής πέτρας</li>
<li>Χρωματικός συνδυασμός καφέ και γκρι σε ματ φινίρισμα</li>
<li>Δέχεται λαμπτήρα Ε27 (max 60W)</li>
<li>Ασφαλής στερέωση στην οροφή μέσω καλωδίου με κροκόδειλους</li>
<li>Προστασία IP rating: N/A (δεν αναφέρεται)</li>
<li>Αντοχή σε θερμοκρασίες οικιακής χρήσης</li>
</ul>"
284961,simple,0513785,5208067225557,"Φωτιστικό οροφής Stoner",1,0,visible,,"<!DOCTYPE html> <html lang=""el""> <head> <meta charset=""UTF-8""> </head> <body> <p>Μεταμορφώστε τον χώρο σας με το μοναδικό κρεμαστό φωτιστικό οροφής STONER (L) σε γκρι απόχρωση. Η καινοτόμος σχεδίασή του, εμπνευσμένη από τη φυσική πέτρα, δημιουργεί μια ατμόσφαιρα κομψότητας και αυθεντικότητας στο σαλόνι, το υπνοδωμάτιο ή το γραφείο σας.</p> <p>Κατασκευασμένο από υψηλής ποιότητας ρητίνη, προσφέρει άριστο φωτισμό ενώ παράλληλα αποτελεί ένα έργο τέχνης για τον τοίχο σας. Η σύγχρονη αισθητική του ταιριάζει αρμονικά σε minimal, βιομηχανικού στυλ ή μοντέρνα διακοσμητικά περιβάλλοντα, αναβαθμίζοντας την καθημερινή σας εμπειρία φωτισμού και δημιουργώντας εντυπωσιακές οπτικές εντυπώσεις.</p> </body> </html>",,,taxable,,1,15,,0,0,5.4,55,73,40,1,,,"144,42",Υπνοδωμάτιο,φωτιστικό,,https://eboy.gr/app/uploads/sites/2/2026/05/fotistiko-orofis-fb9441904-opsi-petras-g.webp,,,,,,,,,0,B2BMarkt,ύψος,"40 εκ.",1,1,πλάτος,"73 εκ.",1,1,μήκος,"55 εκ.",1,1,B2BMarkt,76356,5208067225557,"2026-05-10 01:31:57",B2BMarkt,"<ul>
<li>Κατασκευή από υψηλής ποιότητας ρητίνη με υφή φυσικής πέτρας</li>
<li>Χρωματισμός: Γκρί ματ φινίρισμα</li>
<li>Δέχεται λαμπτήρα τύπου E27 (max 60W)</li>
<li>IP Rating: N/A - Κατάλληλο για εσωτερική χρήση</li>
<li>Αντοχή σε σκόνη λόγω της δομής του υλικού</li>
<li>Εύκολη τοποθέτηση κρεμαστού φωτιστικού</li>
</ul>"
284963,simple,0619025,5208067206532,"Σκαμπό Santorini",1,0,visible,,"<p>Αναβαθμίστε την αισθητική του εσωτερικού σας χώρου με το μοναδικό σκαμπό SANTORINI. Η κομψή του παρουσία και η μοντέρνα προσέγγιση στη γεωμετρία θα μεταμορφώσει κάθε δωμάτιο σε έναν χώρο υψηλής αισθητικής. Η υπόλευκη απόχρωση, σε συνδυασμό με τη σαγρέ υφή, δημιουργεί μια αρμονική σύνθεση που προσελκύει τα βλέμματα και προσθέτει χαρακτήρα στον χώρο σας.</p> <p>Επιλέξτε το σκαμπό SANTORINI για να απολαύσετε την άνεση και την κομψότητα μαζί. Ιδανικό για μικρούς χώρους, συνδυάζεται άψογα με μοντέρνες αλλά και κλασικές διακοσμητικές επιλογές, προσφέροντας μια διαχρονική λύση που θα εκτιμήσετε για χρόνια.</p>",,,taxable,,1,66,,0,0,8.7,30,30,45,1,,,"109,9","Σαλόνι & Καθιστικό",σκαμπό,,https://eboy.gr/app/uploads/sites/2/2026/05/skampo-tetragono-fb918337-polyritini-ypo.webp,,,,,,,,,0,B2BMarkt,ύψος,"45 εκ.",1,1,πλάτος,"30 εκ.",1,1,μήκος,"30 εκ.",1,1,B2BMarkt,76357,5208067206532,"2026-05-10 01:32:34",B2BMarkt,"<ul>
<li>Κατασκευή από πολυρητίνη (polyresin) - σύγχρονο συνθετικό υλικό υψηλής αντοχής</li>
<li>Σαγρέ επιφάνεια που αποτελεί σύγχρονη διακοσμητική τάση</li>
<li>Μονόχρωμη υπολευκή απόχρωση με ματ φινίρισμα</li>
<li>Σταθερή δομή με εξαιρετική ανθεκτικότητα στη φθορά</li>
<li>Απαλές γωνίες και στρογγυλεμένες ακμές για ασφαλή χρήση</li>
<li>Ανθεκτικό στις γρατζουνιές και τους λεκέδες</li>
</ul>"
284965,simple,0619026,5208067206549,"Κονσόλα Santorini",1,0,visible,,"<p>Αναβαθμίστε το χώρο σας με την μοναδική Κονσόλα SANTORINI - ένα αριστούργημα που συνδυάζει άψογα τη φυσική ομορφιά με τον σύγχρονο σχεδιασμό. Αυτή η κονσόλα αποτελεί την ιδανική επιλογή για όσους αναζητούν ένα ξεχωριστό έπιπλο που θα γίνει το επίκεντρο του δωματίου τους.</p> <p>Η ξεχωριστή της σχεδίαση, με την οβάλ επιφάνεια και τα μοναδικά πόδια σε διαφορετικά σχήματα, προσδίδει μια γλυπτική αισθητική στον χώρο σας. Η αρμονική συνύπαρξη της ζεστής απόχρωσης του ξύλου έλατου με την υπόλευκη σαγρέ υφή δημιουργεί ένα κομψό αποτέλεσμα που αντανακλά τη minimal μεσογειακή φιλοσοφία στη διακόσμηση.</p>",,,taxable,,1,19,,0,0,25.4,35,150,82,1,,,"369,9","Σαλόνι & Καθιστικό",κονσόλα,,https://eboy.gr/app/uploads/sites/2/2026/05/konsola-fb918338-top-xylo-elatoy-basi-yp.webp,,,,,,,,,0,B2BMarkt,ύψος,"82 εκ.",1,1,πλάτος,"150 εκ.",1,1,μήκος,"35 εκ.",1,1,B2BMarkt,76358,5208067206549,"2026-05-10 01:33:14",B2BMarkt,"<ul>
<li>Κατασκευή από ξύλο έλατου με φυσική, αγυάλιστη σαγρέ υφή επιφάνειας.</li>
<li>Ανθεκτική κατασκευή λόγω του ελαφριού αλλά συμπαγούς ξύλου ελάτου.</li>
<li>Μινιμαλιστικό design με δύο διαφορετικά γεωμετρικά σχήματα (οβάλ επιφάνεια και πόδια).</li>
<li>Υπόλευκη απόχρωση στα μεταλλικά/σκρατς πόδια για αντίθεση με το φυσικό ξύλο.</li>
<li>Πάχος επιφάνειας: 4 εκατοστά, παρέχοντας σταθερότητα και αντοχή στη χρήση.</li>
</ul>"
284967,simple,9996974,,"Διακόσμηση Vase Namentis",1,0,visible,,"<p>Ανακαλύψτε την τέχνη της διακόσμησης με το μοναδικό σετ βάζων NAMENTIS. Δύο εντυπωσιακά διακοσμητικά αγγεία σε λευκό και βυσσινί αποχρώσεις, δημιουργούν μια αρμονική σύνθεση που αναβαθμίζει κάθε χώρο. Η φυσική σαγρέ υφή από τερακότα προσδίδει διαχρονική κομψότητα, ενώ η χρωματική αντίθεση προσφέρει ζεστασιά και στυλ.</p> <p>Με το NAMENTIS συνδυάζετε την παράδοση με τη σύγχρονη αισθητική, δημιουργώντας ένα μοναδικό σκηνικό για τις αγαπημένες σας συνθέσεις. Ιδανικό για κάθε χώρο του σπιτιού, από τον καναπέ μέχρι το τραπεζάκι του σαλονιού ή το γραφείο σας, προσθέτει μια ξεχωριστή πινελιά κομψότητας και προσωπικότητας στη διακόσμηση.</p>",,,taxable,,1,15,,0,0,6,13.5,27,37,1,,,"79,84",Διακόσμηση,βάζο,,https://eboy.gr/app/uploads/sites/2/2026/05/set-2tmch-epitrapezia-diakosmitika-baza-1-1.webp,,,,,,,,,0,B2BMarkt,ύψος,"37 εκ.",1,1,πλάτος,"27 εκ.",1,1,μήκος,"13.5 εκ.",1,1,B2BMarkt,76360,,"2026-05-10 01:33:49",B2BMarkt,"<ul>
<li>Κατασκευή από κεραμικό υλικό τερακότα με σαγρέ υφή</li>
<li>Χρωματική σύνθεση λευκού και βυσσινί αποχρώσεων</li>
<li>Διακοσμητική χρήση - δεν προορίζεται για χρηστική χρήση</li>
<li>Σετ 2 τεμαχίων με διαφορετικές διαστάσεις</li>
<li>Ανθεκτικό φινίρισμα κατάλληλο για εσωτερικούς χώρους</li>
</ul>"
284969,simple,0603312,5208067215411,"Καναπές Structo",1,0,visible,,"<p>Αναζητάτε τον ιδανικό καναπέ για το σαλόνι σας; Ο STRUCTO είναι η σύγχρονη απάντηση στην άνεση και το στυλ. Η κομψή του σχεδίαση με τις καθαρές γραμμές και τα επιβλητικά μπράτσα δημιουργεί έναν διαχρονικό χώρο χαλάρωσης, όπου η αισθητική συναντά την πρακτικότητα. Το ΓΚΡΙ ανάγλυφο ύφασμα προσδίδει μια εκλεπτυσμένη ατμόσφαιρα στο καθιστικό σας.</p> <p>Με πλούσιο σχεδιασμό που φιλοξενεί άνετα τρία άτομα, ο STRUCTO μεταμορφώνει κάθε χώρο σε σημείο συνάντησης και χαλάρωσης. Η αρμονία μεταξύ άνεσης και κομψότητας τον καθιστά ιδανική επιλογή για όσους αναζητούν ένα έπιπλο που θα μείνει αξέχαστο στο χρόνο.</p>",,,taxable,,1,7,,0,0,68,94,227,88,1,,,699,"Σαλόνι & Καθιστικό",καναπές,,https://eboy.gr/app/uploads/sites/2/2026/05/kanapes-3-thesios-fb9332901-gkri-yfasma-.webp,,,,,,,,,0,B2BMarkt,ύψος,"88 εκ.",1,1,πλάτος,"227 εκ.",1,1,μήκος,"94 εκ.",1,1,B2BMarkt,76361,5208067215411,"2026-05-10 01:34:21",B2BMarkt,"<ul>
<li>Κατασκευή από μεταλλικό σκελετό υψηλής αντοχής με ξύλινες ενισχύσεις.</li>
<li>Επένδυση με ανάγλυφο συνθετικό ύφασμα ανθεκτικό στην καθημερινή χρήση και τον καθαρισμό.</li>
<li>Διαθέτει δύο διακοσμητικά μαξιλάρια για πρόσθετη άνεση και αισθητική.</li>
<li>Σχεδιασμός με ψηλά, φαρδιά μπράτσα για αυξημένη σταθερότητα και υποστήριξη χεριών.</li>
<li>Εύκολος καθαρισμός με ηλεκτρική σκούπα και ειδικό εξάρτημα υφασμάτων.</li>
</ul>"
284971,simple,0603314,5208067215435,"Καναπές Structo",1,0,visible,,"<p>O καναπές STRUCTO είναι η ιδανική επιλογή για όσους αναζητούν την απόλυτη άνεση και στυλ στον προσωπικό τους χώρο. Με τον κομψό του σχεδιασμό και τις καθαρές γραμμές, μεταμορφώνει το σαλόνι σας σε ένα μοντέρνο καταφύγιο.</p> <p>Η ιδιαίτερη απόχρωση ανοιχτού μπεζ, σε συνδυασμό με την ποιοτική κατασκευή του, προσφέρει μια διαχρονική αισθητική που ταιριάζει αρμονικά σε κάθε διακοσμητικό ύφος. Απολαύστε στιγμές χαλάρωσης στον καναπέ STRUCTO και δημιουργήστε έναν χώρο γεμάτο στυλ και ζεστασιά.</p>",,,taxable,,1,9,,0,0,68,94,227,88,1,,,699,"Σαλόνι & Καθιστικό",καναπές,,https://eboy.gr/app/uploads/sites/2/2026/05/kanapes-3-thesios-fb9332902-anoichto-mpe.webp,,,,,,,,,0,B2BMarkt,ύψος,"88 εκ.",1,1,πλάτος,"227 εκ.",1,1,μήκος,"94 εκ.",1,1,B2BMarkt,76362,5208067215435,"2026-05-10 01:34:53",B2BMarkt,"<ul>
<li>Κατασκευή από μεταλλικό σκελετό υψηλής αντοχής με ξύλινες ενισχύσεις.</li>
<li>Επένδυση με ανάγλυφο ύφασμα ανοιχτού μπεζ χρώματος, ανθεκτικό στη φθορά και τον καθαρισμό.</li>
<li>Διαθέτει δύο διακοσμητικά μαξιλάρια για ενισχυμένη άνεση και αισθητική.</li>
<li>Σχεδιασμός με ψηλά φαρδιά μπράτσα για υποστήριξη και εργονομία.</li>
<li>Εύκολος καθαρισμός με ηλεκτρική σκούπα και ειδικό εξάρτημα.</li>
</ul>"
284973,simple,0509932,5208067211567,"Παιδικό κρεβάτι Montessori Munk",1,0,visible,,"<!DOCTYPE html> <html lang=""el""> <head> <meta charset=""UTF-8""> <title>Περιγραφή Προϊόντος</title> </head> <body> <p>Εμπνευσμένο από τις αρχές Montessori, το παιδικό κρεβάτι MUNK προσφέρει στο παιδί την ελευθερία και τη μάθηση μέσα από την καθημερινή εμπειρία. Με χαμηλό ύψος που ενθαρρύνει την αυτονομία και την ασφάλεια, επιτρέπει στα παιδιά να ανεβαίνουν και να κατεβαίνουν μόνα τους όποτε θέλουν.</p> <p>Μοντέρνο design σε συνδυασμό με εξαιρετική ποιότητα κατασκευής, δημιουργεί τον ιδανικό χώρο ύπνου για τα πρώτα χρόνια του παιδιού σας. Επιλέξτε το MUNK για ένα άνετο ξεκίνημα στη ζωή, που συνδυάζει την ασφάλεια με τη σύγχρονη αισθητική.</p> </body> </html>",,,taxable,,1,51,,0,0,24.5,97,200,157,1,,,"179,9",Υπνοδωμάτιο,κρεβάτι,,https://eboy.gr/app/uploads/sites/2/2026/05/krebati-paidiko-me-kagkela-fb973903-tmon.webp,,,,,,,,,0,B2BMarkt,ύψος,"157 εκ.",1,1,πλάτος,"200 εκ.",1,1,μήκος,"97 εκ.",1,1,B2BMarkt,76363,5208067211567,"2026-05-10 01:35:26",B2BMarkt,"<ul>
<li>Κατασκευή από μασίφ ξύλο και κόντρα πλακέ για αυξημένη αντοχή</li>
<li>Διχρωμία φυσικού-λευκού χρώματος με βερνίκι νερού μη τοξικό</li>
<li>Σχεδιασμός χαμηλού ύψους με τάβλες στήριξης στρώματος</li>
<li>Ασφαλής τοποθέτηση στρώματος 90x190 εκ χωρίς κενά</li>
<li>Φινιρισμένη επιφάνεια με αβλαβές, οικολογικό υλικό βαφής</li>
</ul>"
284975,simple,9995250,,"Κρεβάτι παιδικό Munk Hm21325",1,0,visible,,"<p>Ανακαλύψτε την τέλεια ισορροπία μεταξύ μάθησης και άνεσης με το παιδικό κρεβάτι Munk. Σχεδιασμένο με έμπνευση από τις αρχές Montessori, προσφέρει στα παιδιά τον προσωπικό τους χώρο για ελεύθερη εξερεύνηση και ανάπτυξη της αυτονομίας τους. Το χαμηλό ύψος επιτρέπει στο παιδί να κατεβαίνει και να ανεβαίνει εύκολα, ενθαρρύνοντας την ανεξαρτησία από μικρή ηλικία.</p> <p>Επιλέξτε το Munk για μια διαχρονική προσθήκη στη διακόσμηση του παιδικού δωματίου - διατίθεται σε μοντέρνες γραμμές που συνδυάζονται αρμονικά με κάθε στυλ επίπλωσης. Κατασκευασμένο με προσοχή στη λεπτομέρεια και υλικά υψηλής ποιότητας, εξασφαλίζει ασφαλή ύπνο και μακροχρόνια χρήση. Επενδύστε στο μέλλον του παιδιού σας και δημιουργήστε έναν όμορφο, λειτουργικό χώρο μάθησης και παιχνιδιού.</p>",,,taxable,,1,49,,0,0,32.1,97,200,157,1,,,"264,43",Υπνοδωμάτιο,κρεβάτι,,https://eboy.gr/app/uploads/sites/2/2026/05/krebati-paidiko-me-kagkela-fb921325-peyk.webp,,,,,,,,,0,B2BMarkt,ύψος,"157 εκ.",1,1,πλάτος,"200 εκ.",1,1,μήκος,"97 εκ.",1,1,B2BMarkt,76364,,"2026-05-10 01:35:55",B2BMarkt,"<ul>
<li>Κατασκευή από ξύλο με διχρωμία φυσικού-λευκού χρώματος</li>
<li>Επεξεργασία επιφάνειας με αβλαβές βερνίκι νερού</li>
<li>Μη τοξικά υλικά κατάλληλα για παιδικά έπιπλα</li>
<li>Σχεδιασμός τύπου σκηνής με περιμετρικά κάγκελα ασφαλείας</li>
<li>Διαμόρφωση χαμηλού ύψους για εύκολη πρόσβαση και αυτονομία του παιδιού</li>
<li>Συμβατό με μονό στρώμα διαστάσεων 90x190 εκ.</li>
</ul>"
284977,simple,0603313,5208067215428,"Καναπές Structo",1,0,visible,,"<!DOCTYPE html> <html lang=""el""> <head> <meta charset=""UTF-8""> <title>Καναπές STRUCTO - ΓΚΡΙ</title> <meta name=""description"" content=""Καναπές 2 θέσεων σε γκρι απόχρωση, ιδανικός για μοντέρνο καθιστικό.""> </head> <body> <p>Ανακαλύψτε τον καναπέ STRUCTO - την τέλεια επιλογή για το σύγχρονο σαλόνι σας! Σχεδιασμένος με λιτές γραμμές και φαρδιά μπράτσα που προσφέρουν άνεση και στυλ. Η εκλεπτυσμένη γκρι απόχρωση του ανάγλυφου υφάσματος προσδίδει μια διαχρονική κομψότητα στον χώρο σας, ενώ η εργονομική του σχεδίαση εξασφαλίζει μοναδική χαλάρωση.</p> <p>Δημιουργήστε το ιδανικό περιβάλλον χαλάρωσης, επιλέγοντας έναν καναπέ που συνδυάζει την αισθητική με την ποιότητα κατασκευής. Ο STRUCTO θα γίνει το επίκεντρο του σπιτιού σας, ικανοποιώντας τις ανάγκες και το γούστο σας.</p> </body> </html>",,,taxable,,1,4,,0,0,57,94,168,88,1,,,579,"Σαλόνι & Καθιστικό",καναπές,,https://eboy.gr/app/uploads/sites/2/2026/05/kanapes-2-thesios-fb9333001-gkri-yfasma-.webp,,,,,,,,,0,B2BMarkt,ύψος,"88 εκ.",1,1,πλάτος,"168 εκ.",1,1,μήκος,"94 εκ.",1,1,B2BMarkt,76366,5208067215428,"2026-05-10 01:36:26",B2BMarkt,"<ul>
<li>Κατασκευή από μεταλλικό σκελετό υψηλής αντοχής</li>
<li>Επένδυση με ανάγλυφο ύφασμα συνθετικών ινών, ανθεκτικό στη φθορά</li>
<li>Διαθέτει δύο διακοσμητικά μαξιλάρια προσθήκης άνεσης</li>
<li>Ειδικός σχεδιασμός με ψηλά μπράτσα για αυξημένη υποστήριξη</li>
<li>Εύκολος καθαρισμός με ηλεκτρική σκούπα και ειδικό εξάρτημα</li>
<li>Μοντέρνο φινίρισμα σε γκρι απόχρωση με διαχρονικό σχεδιασμό</li>
</ul>"
284979,simple,0603315,5208067215442,"Καναπές Structo",1,0,visible,,"<p>Ανακαλύψτε τον καναπέ STRUCTO - την ιδανική επιλογή για το σαλόνι σας! Πρόκειται για έναν πολυτελή διθέσιο καναπέ που συνδυάζει τέλεια τη λειτουργικότητα με την υψηλή αισθητική. Η ανοιχτή μπεζ απόχρωση του, φτιαγμένη από ποιοτικό ανάγλυφο ύφασμα, προσδίδει μια αίσθηση φωτεινότητας και κομψότητας στον χώρο σας. Ο ιδιαίτερος σχεδιασμός με τα ψηλά μπράτσα προσφέρει απόλυτη άνεση και χαλαρωτικές στιγμές μετά από μια απαιτητική ημέρα.</p> <p>Με τον STRUCTO θα δημιουργήσετε ένα ζεστό και φιλόξενο περιβάλλον στο σπίτι σας, χωρίς συμβιβασμούς στην ποιότητα και το στυλ. Η επιλογή αυτή αποτελεί επένδυση για έναν κομψό εσωτερικό χώρο που αντέχει στον χρόνο.</p>",,,taxable,,1,5,,0,0,57,94,168,88,1,,,579,"Σαλόνι & Καθιστικό",καναπές,,https://eboy.gr/app/uploads/sites/2/2026/05/kanapes-2-thesios-fb9333002-anoichto-mpe.webp,,,,,,,,,0,B2BMarkt,ύψος,"88 εκ.",1,1,πλάτος,"168 εκ.",1,1,μήκος,"94 εκ.",1,1,B2BMarkt,76367,5208067215442,"2026-05-10 01:36:58",B2BMarkt,"<ul>
<li>Κατασκευή από μεταλλικό σκελετό υψηλής αντοχής</li>
<li>Επένδυση με ανάγλυφο ύφασμα ανοιχτής μπεζ απόχρωσης</li>
<li>Ανθεκτικό στη χρήση και εύκολο στον καθαρισμό</li>
<li>Διαθέτει δύο διακοσμητικά μαξιλάρια για επιπλέον άνεση</li>
<li>Σχεδιασμός με ψηλά φαρδιά μπράτσα για στήριξη</li>
<li>Λείο φινίρισμα υφάσματος ανθεκτικό στο καθάρισμα με ηλεκτρική σκούπα</li>
</ul>"
284981,simple,0535733,5208067185219,"Τραπέζι Aida",1,0,visible,,"<!DOCTYPE html> <html lang=""el""> <head> <meta charset=""UTF-8""> <title>Τραπέζι Aida - Μοναδική Αισθητική</title> </head> <body> <p>Ανακαλύψτε το βοηθητικό τραπέζι AIDA, ένα αριστούργημα του σύγχρονου design για τον εσωτερικό σας χώρο. Η εντυπωσιακή σύνθεση από φυσικές αποχρώσεις teak και κομψό μαύρο μεταλλικό σκελετό δημιουργεί μια μοναδική ατμόσφαιρα πολυτέλειας και στυλ. Το ιδιαίτερο σχήμα με τις καμπύλες γραμμές προσθέτει μια πινελιά διακριτικής κομψότητας στο σαλόνι ή το υπνοδωμάτιό σας, μετατρέποντας κάθε χώρο σε ένα σημείο συνάντησης για χαλάρωση.</p> <p>Με την άψογη αισθητική του, το τραπέζι AIDA δεν είναι απλώς μία πρακτική λύση - αποτελεί ένα διακοσμητικό highlight που αναβαθμίζει την ατμόσφαιρα του χώρου σας. Η εξαιρετική ποιότητα κατασκευής και τα προσεκτικά επιλεγμένα υλικά εγγυώνται μακροχρόνια χρήση και αντοχή στο χρόνο.</p> </body> </html>",,,taxable,,1,19,,0,0,35.1,60,47,59,1,,,"259,9","Σαλόνι & Καθιστικό",τραπέζι,,https://eboy.gr/app/uploads/sites/2/2026/05/boithitiko-trapezi-fb9469201-fiber-cemen.webp,,,,,,,,,0,B2BMarkt,ύψος,"59 εκ.",1,1,πλάτος,"47 εκ.",1,1,μήκος,"60 εκ.",1,1,B2BMarkt,76370,5208067185219,"2026-05-10 01:37:29",B2BMarkt,"<ul>
<li>Κατασκευή από fiber cement με λεία επιφάνεια για μοντέρνο σχεδιασμό</li>
<li>Ανθεκτική βάση με καμπύλες γραμμές από το ίδιο υλικό</li>
<li>Αντιθετική αισθητική μαύρου χρώματος και φυσικής απόχρωσης teak</li>
<li>Συνολικό βάρος: 33kg, κατάλληλο για οικιακή χρήση</li>
<li>Σχεδιασμός αποκλειστικά για εσωτερική χρήση</li>
<li>Επεξεργασία επιφάνειας που αναδεικνύει την ανθεκτικότητα του υλικού</li>
</ul>"
284983,simple,0535732,5208067185202,"Τραπέζι Aida",1,0,visible,,"<p>Ανακαλύψτε το βοηθητικό τραπέζι AIDA - την επιτομή του κομψού design για τον εσωτερικό σας χώρο! Συνδυάζοντας αριστοτεχνικά τις καμπύλες γραμμές με τη φυσική ομορφιά του λευκού και του teak, δημιουργεί ένα μοναδικό κομμάτι που θα μεταμορφώσει κάθε δωμάτιο.</p> <p>Η λιτή του αισθητική προσδίδει μια νότα πολυτέλειας στον χώρο σας, ενώ η εργονομική του σχεδίαση το καθιστά απαραίτητο για καθημερινή χρήση. Το AIDA δεν είναι απλώς ένα τραπέζι - είναι ένας σύγχρονος καλλιτέχνης που αναβαθμίζει την ατμόσφαιρα του σπιτιού σας, προσφέροντας λειτουργικότητα και στιλ σε τέλεια αρμονία.</p>",,,taxable,,1,15,,0,0,35.1,60,47,59,1,,,"259,9","Σαλόνι & Καθιστικό",τραπέζι,,https://eboy.gr/app/uploads/sites/2/2026/05/boithitiko-trapezi-fb9469202-fiber-cemen.webp,,,,,,,,,0,B2BMarkt,ύψος,"59 εκ.",1,1,πλάτος,"47 εκ.",1,1,μήκος,"60 εκ.",1,1,B2BMarkt,76371,5208067185202,"2026-05-10 01:37:59",B2BMarkt,"<ul>
<li>Κατασκευή από fiber cement με λεία επιφάνεια για μοντέρνο σχεδιασμό.</li>
<li>Ανθεκτική βάση με καμπύλες γραμμές από το ίδιο υλικό.</li>
<li>Λευκό φινίρισμα στην επιφάνεια, συνδυασμένο με φυσική απόχρωση teak στη βάση.</li>
<li>Ελαφρύ βάρος 33kg για εύκολη μετακίνηση και χρήση.</li>
<li>Προορίζεται αποκλειστικά για εσωτερική χρήση.</li>
</ul>"
284985,simple,0699480,5208067208611,"Πολυθρόνα Homan",1,0,visible,,"<!DOCTYPE html> <html lang=""el""> <head> <meta charset=""UTF-8""> <title>Πολυθρόνα Homan - Η Τέλεια Επιλογή για τον Εξωτερικό σας Χώρο</title> </head> <body> <p>Ανακαλύψτε την Πολυθρόνα Homan, το απόλυτο αξεσουάρ για τους εξωτερικούς χώρους σας! Με κομψό και μοντέρνο σχεδιασμό, μετατρέπει κάθε γωνιά του κήπου ή της βεράντας σας σε έναν προσωπικό παράδεισο χαλάρωσης. Η μοναδική σύνθεση ανθεκτικών υλικών με διακριτική φυσική αισθητική δημιουργεί ένα εντυπωσιακό αποτέλεσμα που εντυπωσιάζει.</p> <p>Σχεδιασμένη για καθημερινή χρήση, προσφέρει άνεση και στυλ χωρίς συμβιβασμούς στην ποιότητα. Η ελαφριά κατασκευή της επιτρέπει εύκολη μετακίνηση, ενώ ο μεταλλικός σκελετός σε σαμπανί απόχρωση εξασφαλίζει μακροχρόνια αντοχή στη φθορά του χρόνου και τις καιρικές συνθήκες. Επενδύστε σε ένα κομμάτι που συνδυάζει πρακτικότητα και κομψότητα - την Πολυθρόνα Homan.</p> </body> </html>",,,taxable,,1,487,,0,0,3.3,58,53,75,1,,,"19,9","Κήπος & Εξωτερικός Χώρος",πολυθρόνα,,https://eboy.gr/app/uploads/sites/2/2026/05/polythrona-fb9643004-sampani-metallo-tex.webp,,,,,,,,,0,B2BMarkt,ύψος,"75 εκ.",1,1,πλάτος,"53 εκ.",1,1,μήκος,"58 εκ.",1,1,B2BMarkt,76372,5208067208611,"2026-05-10 01:38:30",B2BMarkt,"<ul>
<li>Μεταλλικός σκελετός από ανοξείδωτο ατσάλι διαμέτρου Φ24 mm για αυξημένη σταθερότητα και αντοχή στη διάβρωση</li>
<li>Κάθισμα κατασκευασμένο από ανθεκτικό textilene με υψηλή διαπνοή και αντοχή στην υγρασία</li>
<li>Πλάτη επενδυμένη με συνθετικό P.E. Rattan που μιμείται την όψη φυσικού καλαμιού διατηρώντας την ελαστικότητά του</li>
<li>Ανθεκτική βαφή σε σαμπανί χρώμα για προστασία από UV ακτινοβολία και εύκολη συντήρηση</li>
<li>Σχεδιασμός με δυνατότητα στοίβαξης για εξοικονόμηση χώρου κατά την αποθήκευση</li>
<li>Ελαφριά κατασκευή που επιτρέπει την εύκολη μετακίνηση και χρήση</li>
</ul>"
284987,simple,0699481,5208067208604,"Πολυθρόνα Homan",1,0,visible,,"<p>Αναβαθμίστε τον εξωτερικό σας χώρο με την πολυθρόνα Homan, το απόλυτο αξεσουάρ για στιγμές χαλάρωσης στον κήπο ή τη βεράντα. Ο μοντέρνος σχεδιασμός της συνδυάζει κομψότητα και ανθεκτικότητα, δημιουργώντας ένα ελκυστικό σημείο αναφοράς στο περιβάλλον σας.</p> <p>Κατασκευασμένη από υψηλής ποιότητας υλικά, η πολυθρόνα προσφέρει μέγιστη αντοχή στις εξωτερικές συνθήκες, ενώ η ελαφριά κατασκευή της επιτρέπει την εύκολη μετακίνηση όπου κι αν τη χρειαστείτε. Απολαύστε την άνεση που αξίζετε στους αγαπημένους σας εξωτερικούς χώρους, δημιουργώντας αναμνήσεις σε ένα πραγματικά μοναδικό περιβάλλον.</p>",,,taxable,,1,44,,0,0,3.3,58,53,75,1,,,"19,9","Κήπος & Εξωτερικός Χώρος",πολυθρόνα,,https://eboy.gr/app/uploads/sites/2/2026/05/polythrona-fb9643003-mayro-metallo-texti.webp,,,,,,,,,0,B2BMarkt,ύψος,"75 εκ.",1,1,πλάτος,"53 εκ.",1,1,μήκος,"58 εκ.",1,1,B2BMarkt,76373,5208067208604,"2026-05-10 01:39:01",B2BMarkt,"<ul>
<li>Μεταλλικός σκελετός από ανοξείδωτο ατσάλι διαμέτρου Φ24 mm για αυξημένη αντοχή και σταθερότητα</li>
<li>Κάθισμα κατασκευασμένο από textilene υψηλής αντοχής στη φθορά και την υγρασία</li>
<li>Πλάτη επενδυμένη με συνθετικό P.E. Rattan που μιμείται το φυσικό υλικό, ανθεκτική στην ηλιακή ακτινοβολία</li>
<li>Ελαφριά κατασκευή για εύκολη μετακίνηση και αποθήκευση</li>
<li>Στοιβαζόμενη δομή για εξοικονόμηση χώρου κατά την αποθήκευση</li>
<li>Ανθεκτικό φινίρισμα μαύρου χρώματος με προστασία UV για εξωτερική χρήση</li>
</ul>"
284989,simple,0525583,5208067088565,"Σκαμπό Theodore",1,0,visible,,"<!DOCTYPE html> <html lang=""el""> <head> <meta charset=""UTF-8""> </head> <body> <p>Το σκαμπό Theodore επαναπροσδιορίζει την πολυτέλεια στον προσωπικό σας χώρο. Με την επιβλητική του παρουσία και το μοναδικό συνδυασμό κόκκινου βελούδου με τον επιχρυσωμένο μεταλλικό σκελετό, προσθέτει μια πινελιά κομψότητας στο σαλόνι ή το μπαρ σας. Η έξυπνη σχεδίασή του περιλαμβάνει ένα πρακτικό σκαλοπάτι που ενισχύει την άνεση χρήσης, ενώ η ημικυκλική πλάτη προσφέρει στήριξη χωρίς να καταλαμβάνει υπερβολικό χώρο.</p> <p>Επενδύστε σε ένα πραγματικά ποιοτικό έπιπλο που συνδυάζει λειτουργικότητα και αισθητική αρμόνικα. Το Theodore θα γίνει το επίκεντρο της προσοχής στους χώρους σας, προσδίδοντας μια νότα εκλεπτυσμού και στυλ που αντέχει στο χρόνο.</p> </body> </html>",,,taxable,,1,2,,0,0,8.6,55,60,100,1,,,"84,89","Σαλόνι & Καθιστικό",σκαμπό,,https://eboy.gr/app/uploads/sites/2/2026/05/skampo-mesypsoys-fb9873406-beloydo-kokki.webp,,,,,,,,,0,B2BMarkt,ύψος,"100 εκ.",1,1,πλάτος,"60 εκ.",1,1,μήκος,"55 εκ.",1,1,B2BMarkt,76374,5208067088565,"2026-05-10 01:39:31",B2BMarkt,"<ul>
<li>Κατασκευή από μεταλλικό σκελετό χρυσής απόχρωσης και βελούδινο ύφασμα βουργουνδίας χρώματος.</li>
<li>Ημικυκλική πλάτη για υποστήριξη της σπονδυλικής στήλης.</li>
<li>Εργονομικό κάθισμα με πρόσθετη, ενωμένη μεταλλική βέργα εμπρός και πλαϊνά για υποπόδια.</li>
<li>Ανθεκτικό βελούδινο ύφασμα υψηλής ποιότητας για μακροχρόνια χρήση.</li>
<li>Σταθερή βάση με 4 πόδια που προσφέρουν καλή ισορροπία.</li>
</ul>"
284991,simple,5124776,5208067184212,"Φωτιστικό Elbar",1,0,visible,,"<p>Αναβαθμίστε την αισθητική του σπιτιού σας με το ξεχωριστό επιτραπέζιο φωτιστικό ELBAR. Ο μοντέρνος, αφαιρετικός σχεδιασμός του από υψηλής ποιότητας Fiber Cement δημιουργεί μια μοναδική ατμόσφαιρα σε κάθε χώρο. Είτε προτιμάτε minimal, brutalist είτε boho-chic στυλ διακόσμησης, το ELBAR ταιριάζει αρμονικά και απογειώνει τη συνολική αισθητική.</p> <p>Με την επιλογή αυτού του εντυπωσιακού φωτιστικού, συνδυάζετε την κομψότητα με τον ποιοτικό φωτισμό, δημιουργώντας ένα σημείο αναφοράς στο χώρο σας. Η προσεκτικά σχεδιασμένη μορφή του προσφέρει όχι μόνο ατμοσφαιρικό φως αλλά και μια καλλιτεχνική πινελιά που θα εντυπωσιάσει τους καλεσμένους σας. Απολαύστε τη γοητεία του σύγχρονου design και της λειτουργικότητας σε μία μοναδική σύνθεση.</p>",,,taxable,,1,18,,0,0,6.8,12,44,50,1,,,"110,42",Υπνοδωμάτιο,φωτιστικό,,https://eboy.gr/app/uploads/sites/2/2026/05/epitrapezio-fotistiko-fb9469802-fiber-ce.webp,,,,,,,,,0,B2BMarkt,ύψος,"50 εκ.",1,1,πλάτος,"44 εκ.",1,1,μήκος,"12 εκ.",1,1,B2BMarkt,76375,5208067184212,"2026-05-10 01:40:02",B2BMarkt,"<ul>
    <li>Κατασκευή από fiber cement με λεία επιφάνεια φινιρίσματος.</li>
    <li>Ανθεκτικότητα στη φθορά και τον χρόνο λόγω της σύνθεσης του υλικού.</li>
    <li>Διαθέσιμο σε λευκό χρώμα (καθαρό φινίρισμα).</li>
    <li>Προοριζόμενο για εσωτερική χρήση μόνο.</li>
    <li>Σχεδιασμός που επιτρέπει επαρκή διάχυση φωτισμού.</li>
</ul>"
284993,simple,0528002,5208067184557,"Φωτιστικο Luxon",1,0,visible,,"<!DOCTYPE html> <html lang=""el""> <head> <meta charset=""UTF-8""> </head> <body> <p>Εμπλουτίστε το χώρο σας με την μοναδική αισθητική του φωτιστικού Luxon. Αυτό το επιτοίχιο φωτιστικό, φτιαγμένο από υψηλής ποιότητας Fiber Cement σε γκρι απόχρωση, ξεχωρίζει για τον πρωτότυπο ακανόνιστο σχεδιασμό του που ταιριάζει τέλεια στη σύγχρονη διακόσμηση.</p> <p>Με κομψό προφίλ και μοντέρνα υφή, το Luxon αποτελεί την ιδανική επιλογή για όσους αναζητούν ένα διακοσμητικό στοιχείο που προσφέρει τόσο φωτισμό όσο και στυλ. Η μοναδική του σχεδίαση θα μεταμορφώσει κάθε εσωτερικό χώρο, δημιουργώντας μια ατμόσφαιρα υψηλής αισθητικής. Πιστοποιημένο με CE, προσφέρει ασφαλή και αξιόπιστη λειτουργία.</p> </body> </html>",,,taxable,,1,22,,0,0,3.3,15,28,25,1,,,"49,9",Υπνοδωμάτιο,φωτιστικό,,https://eboy.gr/app/uploads/sites/2/2026/05/epitoichio-fotistiko-fb9470103s-fiber-ce.webp,,,,,,,,,0,B2BMarkt,ύψος,"25 εκ.",1,1,πλάτος,"28 εκ.",1,1,μήκος,"15 εκ.",1,1,B2BMarkt,76376,5208067184557,"2026-05-10 01:40:39",B2BMarkt,"<ul>
<li>Κατασκευή από Fiber Cement με ενισχυμένες συνθετικές ίνες για αυξημένη αντοχή και διάρκεια ζωής.</li>
<li>Ανθεκτικό στη σήψη, το νερό και τα έντομα εξασφαλίζοντας χαμηλή συντήρηση.</li>
<li>Επιφάνεια σε γκρι χρώμα με ακανόνιστο σχήμα και υφή για σύγχρονη αισθητική (interior design trend).</li>
<li>Υποδοχή λαμπτήρα Ε27 συμβατή με LED φωτιστικά χαμηλής κατανάλωσης.</li>
<li>Βάρος: 2,38 kg κατάλληλο για επιτοίχια τοποθέτηση.</li>
<li>Σχεδιασμός αποκλειστικά για εσωτερική χρήση.</li>
</ul>"
284995,simple,0535741,5208067184595,"Φωτιστικο κρεμαστο Jaylen",1,0,visible,,"<p>Αναβαθμίστε την ατμόσφαιρα του χώρου σας με το εντυπωσιακό κρεμαστό φωτιστικό JAYLEN. Συνδυάζει την σύγχρονη αισθητική με την ποιοτική κατασκευή, δημιουργώντας ένα μοναδικό αποτέλεσμα που θα γίνει το επίκεντρο του δωματίου σας. Το γυαλιστερό γκρι fiber cement και η κομψή αλυσίδα από ανοδιωμένο αλουμίνιο προσδίδουν μια διακριτική πολυτέλεια στην διακόσμηση.</p> <p>Εμπνευστείτε δημιουργικά, επιλέγοντας το κατάλληλο σημείο για να κρεμάσετε αυτό το αριστούργημα φωτισμού στον χώρο σας. Από την τραπεζαρία μέχρι το υπνοδωμάτιο, το JAYLEN θα προσθέσει στυλ και ζεστασιά, δημιουργώντας τις ιδανικές συνθήκες για χαλάρωση ή φιλοξενία. Μια προσεγμένη προσθήκη που συνδυάζει αρμονικά λειτουργικότητα και design.</p>",,,taxable,,1,15,,0,0,24.4,68,74,50,1,,,"288,91",Υπνοδωμάτιο,φωτιστικό,,https://eboy.gr/app/uploads/sites/2/2026/05/fotistiko-orofis-kremasto-fb9470303xl-fi.webp,,,,,,,,,0,B2BMarkt,ύψος,"50 εκ.",1,1,πλάτος,"74 εκ.",1,1,μήκος,"68 εκ.",1,1,B2BMarkt,76384,5208067184595,"2026-05-10 01:41:12",B2BMarkt,"<ul>
<li>Fiber cement ως κύριο υλικό κατασκευής, προσφέροντας ανθεκτικότητα και αντοχή στη σήψη</li>
<li>Επιφάνεια σε γκρίζο χρώμα με ματ φινίρισμα</li>
<li>Αλυσίδα κρέμασης από ανοδιομένο αλουμίνιο για αυξημένη αντοχή και διάρκεια ζωής</li>
<li>Υποδοχή λαμπτήρα Ε27 (normal socket)</li>
<li>Συμβατό αποκλειστικά με φωτιστικά LED για εξοικονόμηση ενέργειας</li>
<li>Συνολικό βάρος: 22 kg, κατάλληλο για κρεμαστή εγκατάσταση σε εσωτερικούς χώρους</li>
<li>Συμμορφώνεται με τις προδιαγραφές CE</li>
</ul>"
284997,simple,9995416,,"Ξαπλώστρα κορίνος",1,0,visible,,"<!DOCTYPE html> <html lang=""el""> <head> <meta charset=""UTF-8""> <title>Ξαπλώστρα Κορίνος</title> </head> <body> <p>Ανακαλύψτε την ξαπλώστρα ΚΟΡΙΝΟΣ, τον απόλυτο συνδυασμό κομψότητας και άνεσης για τις καλοκαιρινές σας στιγμές. Με τη μοναδική της σχεδίαση και τα ποιοτικά υλικά κατασκευής, μεταμορφώνει κάθε παραλία σε προσωπικό παράδεισο.</p> <p>Εντυπωσιακή εμφάνιση και απαράμιλλη άνεση που συνδυάζει την κλασική αισθητική με τη σύγχρονη λειτουργικότητα. Η εργονομική κατασκευή από εμποτισμένο ξύλο πεύκου προσφέρει μακροχρόνια αντοχή στο χρόνο και στις καιρικές συνθήκες. Τα μαλακά μαξιλάρια και το άνετο στρώμα με το κομψό κάλυμμα textilene σε εκρού απόχρωση, εγγυώνται αξέχαστες στιγμές χαλάρωσης.</p> </body> </html>",,,taxable,,1,3,,0,0,19,204,79,80,1,,,"207,8","Κήπος & Εξωτερικός Χώρος",ξαπλώστρα,,https://eboy.gr/app/uploads/sites/2/2026/05/xaplostra-me-maxilari-fb91074809-xylo-pe.webp,,,,,,,,,0,B2BMarkt,ύψος,"80 εκ.",1,1,πλάτος,"79 εκ.",1,1,μήκος,"204 εκ.",1,1,B2BMarkt,76387,,"2026-05-10 01:41:42",B2BMarkt,"<ul>
    <li>Κατασκευή από εμποτισμένο ξύλο πεύκου για αυξημένη αντοχή και ανθεκτικότητα στην εξωτερική χρήση.</li>
    <li>Αφρός μέτριας σκληρότητας στο μαξιλάρι/στρώμα με επιπλέον μαξιλαράκι κεφαλής για άνεση.</li>
    <li>Κάλυμμα από textilene υψηλής ποιότητας σε χρώμα εκρού, ανθεκτικό στην ηλιακή ακτινοβολία και εύκολο στη συντήρηση.</li>
    <li>Σύστημα πρόσδεσης του καλύμματος με κορδόνια για σταθερή εφαρμογή.</li>
    <li>3 χωνευτές θέσεις ανάκλισης και 1 οριζόντια ρύθμιση για εξατομικευμένη άνεση.</li>
</ul>"
284999,simple,9995417,,"Ξαπλώστρα κορίνος",1,0,visible,,"<!DOCTYPE html> <html lang=""el""> <head> <meta charset=""UTF-8""> </head> <body> <p>Αναβαθμίστε την εμπειρία χαλάρωσης στην παραλία με τη μοναδική ξαπλώστρα ΚΟΡΙΝΟΣ. Σχεδιασμένη για μέγιστη άνεση και στυλ, προσφέρει μια πολυτελή απόδραση δίπλα στο κύμα.</p> <p>Η καινοτόμος κατασκευή της, με τα τέσσερα σταθερά πόδια και τις πολλαπλές θέσεις ανάκλισης, σας επιτρέπει να βρείτε την ιδανική θέση ξεκούρασης. Το ανθεκτικό πλαίσιο από εμποτισμένο ξύλο πεύκου συνδυάζεται αρμονικά με το μαξιλάρι υψηλής ποιότητας από textilene σε μαύρο χρώμα, δημιουργώντας ένα κομψό σύνολο που συνδυάζει λειτουργικότητα και αισθητική.<br /> Εκμεταλλευτείτε τις ηλιόλουστες μέρες απολαμβάνοντας την απόλυτη χαλάρωση στην πιο κομψή ξαπλώστρα της παραλίας.</p> </body> </html>",,,taxable,,1,3,,0,0,19,204,79,80,1,,,"207,8","Κήπος & Εξωτερικός Χώρος",ξαπλώστρα,,https://eboy.gr/app/uploads/sites/2/2026/05/xaplostra-me-maxilari-fb91074810-xylo-pe.webp,,,,,,,,,0,B2BMarkt,ύψος,"80 εκ.",1,1,πλάτος,"79 εκ.",1,1,μήκος,"204 εκ.",1,1,B2BMarkt,76388,,"2026-05-10 01:42:14",B2BMarkt,"<ul>
<li>Κατασκευή από εμποτισμένο ξύλο πεύκου για αυξημένη αντοχή και διάρκεια ζωής</li>
<li>3 χωνευτές θέσεις ανάκλισης και 1 οριζόντια θέση ρύθμισης ύψους</li>
<li>Μαξιλάρι/στρώμα με αφρό μέτριας σκληρότητας για άνετη χρήση</li>
<li>Κάλυμμα από ανθεκτικό ύφασμα textilene σε μαύρο χρώμα</li>
<li>Ασφαλής στερέωση του καλύμματος με ρυθμιζόμενα κορδόνια</li>
<li>Υποστήριξη σε 4 χαμηλά πόδια για καλύτερη σταθερότητα και αερισμό</li>
</ul>"
285001,simple,9995418,,"Ξαπλώστρα κορίνος",1,0,visible,,"<p>Εμπνευστείτε από την πολυτέλεια της ξαπλώστρας ""ΚΟΡΙΝΟΣ"", του ιδανικού συντρόφου για τις καλοκαιρινές σας αποδράσεις. Με minimal σχεδιασμό και έμφαση στη λειτουργικότητα, προσφέρει απόλυτη χαλάρωση χάρη στην 3πλή ρύθμιση θέσης και τα σταθερά χαμηλά πόδια που εξασφαλίζουν μέγιστη σταθερότητα.</p> <p>Κατασκευασμένη από εμποτισμένο ξύλο πεύκου, η ξαπλώστρα συνδυάζει ανθεκτικότητα με κομψότητα. Το άνετο μαξιλάρι Textilene σε MOKA χρώμα, μαζί με το προσκέφαλο, δημιουργούν ένα μοναδικό αισθητικό αποτέλεσμα που ταιριάζει αρμονικά με κάθε παραθαλάσσιο περιβάλλον. Απολαύστε την ποιότητα και τον μοναδικό σχεδιασμό που μεταμορφώνει τις ώρες στην παραλία σε μια αξέχαστη εμπειρία χαλάρωσης.</p>",,,taxable,,1,3,,0,0,19,204,79,80,1,,,"207,8","Κήπος & Εξωτερικός Χώρος",ξαπλώστρα,,https://eboy.gr/app/uploads/sites/2/2026/05/xaplostra-me-maxilari-fb91074811-xylo-pe.webp,,,,,,,,,0,B2BMarkt,ύψος,"80 εκ.",1,1,πλάτος,"79 εκ.",1,1,μήκος,"204 εκ.",1,1,B2BMarkt,76389,,"2026-05-10 01:42:45",B2BMarkt,"<ul>
<li>Κατασκευή από εμποτισμένο ξύλο πεύκου για εξαιρετική αντοχή στη θαλάσσια ατμόσφαιρα</li>
<li>3 χωνευτές θέσεις ανάκλισης και 1 οριζόντια θέση για ρύθμιση της κλίσης</li>
<li>Μαξιλάρι/στρώμα με αφρό μέτριας σκληρότητας για άνεση</li>
<li>Κάλυμμα από textilene υψηλής ποιότητας σε ΜΟΚΑ χρώμα, ανθεκτικό στην ηλιακή ακτινοβολία</li>
<li>Δυνατότητα ρύθμισης ύψους μεταξύ 38-80 εκατοστών</li>
<li>Αντιολισθητικά πόδια βάσης για ασφάλεια</li>
<li>Ρυθμιζόμενα κορδόνια για σταθερή εφαρμογή του καλύμματος</li>
</ul>"
285003,simple,9995419,,"Ξαπλώστρα κορίνος",1,0,visible,,"<p>Ανακαλύψτε την απόλυτη εμπειρία χαλάρωσης με την ξαπλώστρα ΚΟΡΙΝΟΣ - το απόλυτο αξεσουάρ για τον εξωτερικό σας χώρο. Σχεδιασμένη να προσφέρει πολυτελή άνεση στην παραλία ή στον κήπο σας, συνδυάζει άψογα λειτουργικότητα και στυλ.</p> <p>Με την ανθεκτική κατασκευή της από εμποτισμένο ξύλο πεύκου, θα απολαύσετε μακροχρόνια χρήση χωρίς ανησυχίες. Η εργονομική σχεδίασή της με 3 θέσεις ανάκλισης εξασφαλίζει απόλυτη προσαρμοστικότητα για κάθε στιγμή της ημέρας. Το υψηλής ποιότητας μαξιλάρι και στρώμα textilene σε κομψό γκρι χρώμα προσφέρουν εξαιρετική άνεση και ανθεκτικότητα στη θάλασσα ή τον ήλιο.</p>",,,taxable,,1,1,,0,0,19,204,79,80,1,,,"207,8","Κήπος & Εξωτερικός Χώρος",ξαπλώστρα,,https://eboy.gr/app/uploads/sites/2/2026/05/xaplostra-me-maxilari-fb91074812-xylo-pe.webp,,,,,,,,,0,B2BMarkt,ύψος,"80 εκ.",1,1,πλάτος,"79 εκ.",1,1,μήκος,"204 εκ.",1,1,B2BMarkt,76390,,"2026-05-10 01:43:17",B2BMarkt,"<ul>
<li>Κατασκευή από εμποτισμένο ξύλο πεύκου</li>
<li>4 χαμηλά πόδια στήριξης με αντιολισθητική λειτουργία</li>
<li>3 χωνευτές θέσεις ανάκλισης και 1 οριζόντια θέση</li>
<li>Μαξιλάρι/στρώμα από αφρό μέτριας σκληρότητας</li>
<li>Κάλυμμα μαξιλαριού από ανθεκτικό ύφασμα textilene σε ΓΚΡΙ χρώμα</li>
<li>Σύστημα πρόσδεσης καλυμμάτων με ρυθμιζόμενα κορδόνια</li>
</ul>"
285005,simple,0516673,,"Φωτιστικο δαπεδου Hue",1,0,visible,,"<p>Αναβαθμίστε το χώρο σας με το εντυπωσιακό φωτιστικό δαπέδου Hue. Ο μοντέρνος σχεδιασμός του, σε διακριτικό γκρι μεταλλικό τόνο, μεταμορφώνει κάθε δωμάτιο σε έναν προσωπικό παράδεισο ευεξίας και αισθητικής. Με την ιδιαίτερη πυραμιδοειδή διάταξη των ακτίνων του, δημιουργεί ένα ατμοσφαιρικό παιχνίδι φωτός που αγκαλιάζει τον χώρο σας.</p> <p>Απολαύστε τη μοναδική εμπειρία φωτισμού που προσφέρει το Hue, μετατρέποντας κάθε γωνιά του σπιτιού σε σημείο χαλάρωσης ή κομψής διακόσμησης. Η ποιότητα κατασκευής και ο μοναδικός σχεδιασμός του το καθιστούν όχι απλώς ένα φωτιστικό, αλλά ένα έργο τέχνης για τον προσωπικό σας χώρο.</p>",,,taxable,,1,4,,0,0,3.9,38,38,144,1,,,"59,22",Υπνοδωμάτιο,φωτιστικό,,https://eboy.gr/app/uploads/sites/2/2026/05/fotistiko-dapedoy-fb9758111-metalliko-gk.webp,,,,,,,,,0,B2BMarkt,ύψος,"144 εκ.",1,1,πλάτος,"38 εκ.",1,1,μήκος,"38 εκ.",1,1,B2BMarkt,76391,,"2026-05-10 01:43:47",B2BMarkt,"<ul>
<li>Τύπος λαμπτήρα: Ε27 (Normal Socket)</li>
<li>Υποστηριζόμενος τύπος φωτισμού: LED έως 15W</li>
<li>Υλικό κατασκευής κολώνας: Μεταλλικό με επίστρωση γκρι χρώματος</li>
<li>Φινίρισμα επιφάνειας: Ματ γκρι σε κολώνα και καπέλο</li>
<li>Τύπος βάσης: Κυκλική διαμέτρου 30 εκατοστών</li>
<li>Χρώμα: Γκρί μεταλλικό</li>
</ul>"
285007,simple,9995490,,"Διπλό κρεβάτι Sandra",1,0,visible,,"<p>Εμπνευσμένο από τη σύγχρονη αισθητική, το διπλό κρεβάτι SANDRA (160x200εκ) μεταμορφώνει τον ύπνο σας σε μοναδική εμπειρία. Η κομψή του σχεδίαση με γκρι ύφασμα στο κεφαλάρι και την επένδυση δημιουργεί μια ατμόσφαιρα κομψότητας στο υπνοδωμάτιό σας.</p> <p>Η καινοτόμος δομή του με τις 20 εργονομικές τάβλες στήριξης προσφέρει απαράμιλλη άνεση, ενώ ο έξυπνος μηχανισμός αποθήκευσης κάτω από το κρεβάτι εξασφαλίζει επιπλέον χώρο για τα προσωπικά σας αντικείμενα. Το ανατομικό στρώμα υψηλής ποιότητας εγγυάται αναζωογονητικό ύπνο κάθε βράδυ, δημιουργώντας τον ιδανικό χώρο χαλάρωσης.</p>",,,taxable,,1,17,,0,0,126.8,226,178,119,1,,,"800,68",Υπνοδωμάτιο,κρεβάτι,,https://eboy.gr/app/uploads/sites/2/2026/05/krebati-diplo-stroma-fb910770-gkri-yfasm.webp,,,,,,,,,0,B2BMarkt,ύψος,"119 εκ.",1,1,πλάτος,"178 εκ.",1,1,μήκος,"226 εκ.",1,1,B2BMarkt,76392,,"2026-05-10 01:44:18",B2BMarkt,"<ul>
<li>Κατασκευή από μεταλλικό πλαίσιο και ξύλινες τάβλες στήριξης</li>
<li>Γκρι ύφασμα επένδυσης σε καπιτονέ τεχνοτροπία στο κεφαλάρι</li>
<li>20 σειρές εργονομικές ξύλινες τάβλες για βέλτιστη στήριξη στρώματος</li>
<li>Μηχανισμός ανύψωσης με ασφάλεια για πρόσβαση στον αποθηκευτικό χώρο</li>
<li>Στρώμα μονής όψης με τεχνολογία pocket springs και pillow-top</li>
<li>Αποθηκευτικός χώρος στο κάτω μέρος επενδυμένος με ύφασμα</li>
</ul>"
285009,simple,9995408,,"Ξαπλώστρα Korinos",1,0,visible,,"<p>Ανακαλύψτε την απόλυτη άνεση στην παραλία με την ξαπλώστρα Korinos - τον ορισμό της κομψότητας και της πρακτικότητας! Σχεδιασμένη για να μεταμορφώσει τις καλοκαιρινές σας στιγμές σε μια μοναδική εμπειρία χαλάρωσης.</p> <p>Με μοντέρνο στυλ που συνδυάζει αντοχή και στυλ, η επαγγελματική ξαπλώστρα από ξύλο πεύκου προσφέρει την τέλεια ισορροπία μεταξύ πολυτέλειας και ανθεκτικότητας. Το εργονομικό της σχεδιασμό με πολλαπλές θέσεις ανάκλισης εξασφαλίζει απόλυτη άνεση, ενώ το μαξιλάρι υψηλής ποιότητας και το ανθεκτικό κάλυμμα textilene σε γήινους τόνους προσδίδουν μια αίσθηση εκλεπτυσμού στον εξωτερικό σας χώρο.</p>",,,taxable,,1,3,,0,0,19,204,79,77,1,,,"172,7","Κήπος & Εξωτερικός Χώρος",ξαπλώστρα,,https://eboy.gr/app/uploads/sites/2/2026/05/xaplostra-me-maxilari-fb91078560t-xylo-p.webp,,,,,,,,,0,B2BMarkt,ύψος,"77 εκ.",1,1,πλάτος,"79 εκ.",1,1,μήκος,"204 εκ.",1,1,B2BMarkt,76393,,"2026-05-10 01:44:50",B2BMarkt,"<ul>
<li>Κατασκευή από εμποτισμένο ξύλο πεύκου για αυξημένη αντοχή στη φθορά και την υγρασία.</li>
<li>3 χωνευτές θέσεις ανάκλισης και 1 οριζόντια θέση ρύθμισης, προσφέροντας πολλαπλούς τρόπους χαλάρωσης.</li>
<li>Μαξιλάρι με αφρό μέτριας σκληρότητας για άνετη στήριξη.</li>
<li>Κάλυμμα από textilene υψηλής αντοχής σε εξωτερικές συνθήκες, χρώματος μπεζ.</li>
<li>Σύστημα δεσίματος καλύμματος με κορδόνια για εύκολη συντήρηση και αντικατάσταση.</li>
</ul>"
285011,simple,9995420,,"Ξαπλώστρα κορίνος",1,0,visible,,"<p>Μεταφέρετε την άνεση του σπιτιού σας στην παραλία με τη μοντέρνα ξαπλώστρα ""Κορίνος"". Σχεδιασμένη για ατελείωτες ώρες χαλάρωσης, προσφέρει μια μοναδική εμπειρία ευεξίας. Τα κομψά, χαμηλά πόδια εξασφαλίζουν σταθερότητα και αισθητική, ενώ η πολυεπίπεδη ρύθμιση θέσης σας επιτρέπει να βρείτε το ιδανικό σημείο ανάπαυσης.</p> <p>Το μαξιλάρι υψηλής ποιότητας και το κάλυμμα από ανθεκτικό ύφασμα OLEFIN σε απαλό μπεζ χρώμα προσφέρουν μέγιστη άνεση και αντοχή στον ήλιο. Η προσεγμένη κατασκευή με φυσικό εμποτισμένο ξύλο πεύκου εγγυάται διάρκεια στο χρόνο, συνδυάζοντας την κομψότητα με την πρακτικότητα.</p>",,,taxable,,1,3,,0,0,19,204,79,77,1,,,"197,8","Κήπος & Εξωτερικός Χώρος",ξαπλώστρα,,https://eboy.gr/app/uploads/sites/2/2026/05/xaplostra-me-maxilari-fb91079772-xylo-pe.webp,,,,,,,,,0,B2BMarkt,ύψος,"77 εκ.",1,1,πλάτος,"79 εκ.",1,1,μήκος,"204 εκ.",1,1,B2BMarkt,76395,,"2026-05-10 01:45:22",B2BMarkt,"<ul>
  <li>Κατασκευή από εμποτισμένο ξύλο πεύκου για υψηλή αντοχή και ανθεκτικότητα στην εξωτερική χρήση</li>
  <li>3 χωνευτές θέσεις ανάκλισης και 1 οριζόντια θέση για πολλαπλούς τρόπους χρήσης</li>
  <li>Μαξιλάρι με αφρό μέτριας σκληρότητας για άνεση κατά τη χρήση</li>
  <li>Κάλυμμα από ύφασμα OLEFIN υψηλής ποιότητας, ανθεκτικό στις καιρικές συνθήκες και εύκολο στο καθάρισμα</li>
  <li>Προδιαμόρφωση σταθερού ύψους (38-77εκ.) με ή χωρίς το μαξιλάρι</li>
  <li>Ασφαλής στερέωση του καλύμματος με ρυθμιζόμενα κορδόνια</li>
</ul>"
285013,simple,9995414,,"Ξαπλώστρα κορίνος",1,0,visible,,"<!DOCTYPE html> <html lang=""el""> <head> <meta charset=""UTF-8""> <title>Ξαπλώστρα Κορίνος - Η Τέλεια Απόλαυση στην Παραλία</title> <style> body {font-family: Arial, sans-serif;} h1 {color: #2E5C80} </style> </head> <body> <p>Μεταφέρετε τη γοητεία του εξωτερικού design στον καλοκαιρινό σας παράδεισο. Η ξαπλώστρα ΚΟΡΙΝΟΣ συνδυάζει άψογα αισθητική και άνεση, προσφέροντας την απόλυτη εμπειρία χαλάρωσης στην παραλία. Το μοναδικό της σχέδιο με τα τέσσερα σταθερά πόδια εξασφαλίζει σταθερότητα και ασφάλεια σε κάθε χρήση.</p> <p>Με προσεγμένη κατασκευή από εμποτισμένο ξύλο πεύκου και κομψό κάλυμμα textilene σε διαχρονικό ΜΟΚΑ χρώμα, αποτελεί μια κομψή προσθήκη στον εξωτερικό σας χώρο. Απολαύστε την ευελιξία της ρυθμιζόμενης πλάτης και αφήστε τον εαυτό σας να χαλαρώσει πλήρως.</p> </body> </html>",,,taxable,,1,3,,0,0,19,204,79,77,1,,,"191,29","Κήπος & Εξωτερικός Χώρος",ξαπλώστρα,,https://eboy.gr/app/uploads/sites/2/2026/05/xaplostra-me-maxilari-fb91079104t-xylo-p.webp,,,,,,,,,0,B2BMarkt,ύψος,"77 εκ.",1,1,πλάτος,"79 εκ.",1,1,μήκος,"204 εκ.",1,1,B2BMarkt,76397,,"2026-05-10 01:45:55",B2BMarkt,"<ul>
<li>Κατασκευή από εμποτισμένο ξύλο πεύκου για υψηλή αντοχή στη θαλάσσια ατμόσφαιρα και την υγρασία</li>
<li>3 χωνευτές θέσεις ανάκλισης και 1 οριζόντια θέση για ρυθμιζόμενη υποστήριξη σώματος</li>
<li>Μαξιλάρι με αφρό μέτριας σκληρότητας για άνετη χρήση σε παρατεταμένη διάρκεια</li>
<li>Κάλυμμα από ανθεκτικό ύφασμα textilene χρώματος ΜΟΚΑ, δετό με κορδόνια</li>
<li>Σταθερή βάση με 4 χαμηλά πόδια για αποφυγή ολίσθησης και προστασία του εδάφους</li>
<li>Ελάχιστο ύψος καθίσματος: 34 εκ. (με το μαξιλάρι) για εύκολη πρόσβαση</li>
</ul>"
285015,simple,9995413,,"Ξαπλώστρα κορίνος",1,0,visible,,"<!DOCTYPE html> <html lang=""el""> <head> <meta charset=""UTF-8""> </head> <body> <p>Ανακαλύψτε την απόλυτη άνεση στην παραλία με τη μοντέρνα επαγγελματική ξαπλώστρα ""ΚΟΡΙΝΟΣ"". Σχεδιασμένη για πολυτελή χαλάρωση, συνδυάζει ανθεκτικότητα και κομψότητα. Τα 4 χαμηλά πόδια προσφέρουν σταθερότητα ενώ ο σκελετός από εμποτισμένο ξύλο πεύκου εξασφαλίζει αντοχή στις καιρικές συνθήκες.</p> <p>Απολαύστε πολλαπλές θέσεις ανάκλισης χάρη στη smart σχεδίαση της πλάτης με τις 3 χωνευτές ρυθμίσεις. Το μαξιλάρι υψηλής ποιότητας και το κάλυμμα textilene σε μαύρο χρώμα, προσδίδουν premium αισθητική και άνεση που διαρκεί. Ιδανική επιλογή για beach bars και ιδιωτικές βίλες, ο Κορίνος αναβαθμίζει κάθε εξωτερικό χώρο.</p> </body> </html>",,,taxable,,1,3,,0,0,19,204,79,77,1,,,"191,29","Κήπος & Εξωτερικός Χώρος",ξαπλώστρα,,https://eboy.gr/app/uploads/sites/2/2026/05/xaplostra-me-maxilari-fb91079005t-xylo-p.webp,,,,,,,,,0,B2BMarkt,ύψος,"77 εκ.",1,1,πλάτος,"79 εκ.",1,1,μήκος,"204 εκ.",1,1,B2BMarkt,76398,,"2026-05-10 01:46:29",B2BMarkt,"<ul>
<li>Κατασκευή από εμποτισμένο ξύλο πεύκου για αυξημένη αντοχή και σταθερότητα</li>
<li>3 χωνευτές θέσεις ανάκλισης + 1 οριζόντια θέση, επιτρέποντας πολλαπλούς τρόπους χαλάρωσης</li>
<li>Μαξιλάρι με αφρό μέτριας σκληρότητας για άνετη στήριξη</li>
<li>Κάλυμμα από ανθεκτικό ύφασμα textilene σε μαύρο χρώμα με δέσιμο με κορδόνια</li>
<li>4 χαμηλά πόδια στήριξης στις γωνίες για βέλτιστη σταθερότητα και αερισμό</li>
<li>Ελάχιστο ύψος χρήσης 34 εκ. (με το μαξιλάρι) και ρυθμιζόμενο έως 77 εκ.</li>
</ul>"
285017,simple,0613541,,"Ξαπλώστρα βαρέως τύπου κορίνος",1,0,visible,,"<!DOCTYPE html> <html lang=""el""> <head> <meta charset=""UTF-8""> <title>Ξαπλώστρα Κορίνος</title> <style> body {font-family: 'Segoe UI', Arial, sans-serif;} h1 {color: #2c3e50;} </style> </head> <body> <p>Αναβαθμίστε το beach bar ή τη βεράντα σας με την κορυφαία επαγγελματική ξαπλώστρα μας. Κατασκευασμένη από ποιοτικό, εμποτισμένο ξύλο πεύκου σε φυσικό χρώμα που αντέχει στον ήλιο και τον χρόνο.</p> <p>Η μοναδική εργονομική σχεδίαση προσφέρει πολλαπλές θέσεις ανάκλισης για απόλυτη άνεση, ενώ τα χαμηλά της πόδια εξασφαλίζουν σταθερό και ασφαλή προσανατολισμό. Η αισθητική του κορμού στη φύση συνδυάζεται αρμονικά με την πολυτέλεια, δημιουργώντας το ιδανικό σημείο χαλάρωσης. Μεταμορφώστε κάθε εξωτερικό χώρο σε παράδεισο καλοκαιρινής απόλαυσης.</p> </body> </html>",,,taxable,,1,3,,0,0,16,204,79,77,1,,,"119,9","Κήπος & Εξωτερικός Χώρος",ξαπλώστρα,,https://eboy.gr/app/uploads/sites/2/2026/05/xaplostra-bartypoy-fb91077904-xylo-peyko.webp,,,,,,,,,0,B2BMarkt,ύψος,"77 εκ.",1,1,πλάτος,"79 εκ.",1,1,μήκος,"204 εκ.",1,1,B2BMarkt,76411,,"2026-05-10 01:47:01",B2BMarkt,"<ul>
<li>Κατασκευή από εμποτισμένο ξύλο πεύκου με φυσική βαφή</li>
<li>Ανθεκτική ανοξείδωτη μεταλλική σκαλιέρα με σύστημα κλειδώματος στις χωνευτές θέσεις</li>
<li>3 ρυθμιζόμενες θέσεις ανάκλισης και 1 οριζόντια θέση στη σκαλιέρα</li>
<li>Σταθερή βάση με 4 χαμηλά πόδια για βέλτιστη πρόσφυση στο έδαφος</li>
<li>Επιφάνεια ξύλου με φυσική υφή και ανθεκτικό φινίρισμα εξωτερικού χώρου</li>
</ul>"
285019,simple,9995355,,"Καρέκλες τραπέζι Adam",1,0,visible,,"<!DOCTYPE html> <html lang=""el""> <head> <meta charset=""UTF-8""> <title>Adam Outdoor Dining Set</title> </head> <body> <p>Αποκτήστε την απόλυτη εμπειρία εξωτερικού χώρου με το σετ τραπεζαρίας Adam! Σχεδιασμένο για να αντέχει στις καιρικές συνθήκες, συνδυάζει μοντέρνο στυλ με απαράμιλλη αντοχή. Η στιβαρή μεταλλική κατασκευή σε μαύρο χρώμα συνδυάζεται αρμονικά με την ενισχυμένη θολή γυάλινη επιφάνεια του τραπεζιού.</p> <p>Οι τέσσερις πολυθρόνες προσφέρουν μοναδική άνεση, με το ματ textilene κάθισμα σε μαύρο χρώμα να συνδυάζει τέλεια την πρακτικότητα με την αισθητική. Η ξεχωριστή πινελιά του μπεζ συνθετικού rattan στην πλάτη προσδίδει μια φυσική κομψότητα στον χώρο σας. Ιδανικό για τους λάτρεις της άνεσης και του μοντέρνου σχεδιασμού, αυτό το σετ δημιουργεί τον τέλειο χώρο για αξέχαστες στιγμές χαλάρωσης.</p> </body> </html>",,,taxable,,1,11,,0,0,28.4,70,120,70,1,,,"118,5","Κήπος & Εξωτερικός Χώρος",καρέκλα,,https://eboy.gr/app/uploads/sites/2/2026/05/set-trapezarias-5tmch-fb91072703-karekle.webp,,,,,,,,,0,B2BMarkt,ύψος,"70 εκ.",1,1,πλάτος,"120 εκ.",1,1,μήκος,"70 εκ.",1,1,B2BMarkt,76413,,"2026-05-10 01:47:36",B2BMarkt,"<ul>
  <li>Μεταλλικός σκελετός από ανοξείδωτο ατσάλι με διάμετρο Φ25mm και πάχος 0.8mm</li>
  <li>Επιφάνεια τραπεζιού: Γυαλί θολό ενισχυμένο ανθεκτικό στην υγρασία</li>
  <li>Κάθισμα πολυθρόνων από textilene ύφασμα μαύρο, αδιάβροχο και ανθεκτικό στις καιρικές συνθήκες</li>
  <li>Πλάτη πολυθρόνας από συνθετικό rattan σε μπεζ χρώμα με υφή σχοινιού</li>
  <li>Εύκολη συναρμολόγηση χωρίς εξειδικευμένα εργαλεία (περιέχονται στη συσκευασία)</li>
  <li>Απαιτείται ελάχιστη συντήρηση - καθαρισμός με υγρό πανί ή ήπια καθαριστικά</li>
</ul>"
285021,simple,0699477,5208067208567,"Πολυθρόνα χώρου Leone",1,0,visible,,"<!DOCTYPE html> <html lang=""el""> <head> <meta charset=""UTF-8""> <title>Πολυθρόνα Leone - Άνεση & Πρακτικότητα</title> </head> <body> <p>Ανακαλύψτε την τέλεια ισορροπία μεταξύ κομψότητας και πρακτικότητας στη πολυθρόνα LEONE. Με διαχρονικό γκρι χρώμα, συνδυάζει την άνεση με τη μοντέρνα αισθητική εξωτερικού χώρου. Η καινοτόμος κατασκευή από ανθεκτικό textilene εξασφαλίζει μακρά διάρκεια ζωής, ενώ τα ξύλινα μπράτσα προσθέτουν ζεστασιά στον χώρο σας.</p> <p>Το μοναδικό της πλεονέκτημα; Μπορεί να στοιβαχτεί για εύκολη αποθήκευση και εξοικονόμηση χώρου. Ιδανική επιλογή για όσους αναζητούν στυλ χωρίς συμβιβασμούς στην πρακτικότητα. Με διαστάσεις 55x74x90 εκ., η LEONE προσθέτει αξία σε κάθε εξωτερικό περιβάλλον.</p> </body> </html>",,,taxable,,1,1291,,0,0,4.6,74,55,90,1,,,"19,9","Κήπος & Εξωτερικός Χώρος",πολυθρόνα,,https://eboy.gr/app/uploads/sites/2/2026/05/polythrona-exchoroy-fb9642901-metalliki-.webp,,,,,,,,,0,B2BMarkt,ύψος,"90 εκ.",1,1,πλάτος,"55 εκ.",1,1,μήκος,"74 εκ.",1,1,B2BMarkt,76414,5208067208567,"2026-05-10 01:48:10",B2BMarkt,"<ul>
<li>Κατασκευή από μεταλλικό σκελετό υψηλής αντοχής</li>
<li>Επένδυση καθίσματος και πλάτης με textilene 1x2 υψηλής ποιότητας για αντοχή στην εξωτερική χρήση</li>
<li>Ξύλινα μπράτσα για πρόσθετη άνεση και αισθητική</li>
<li>Στοιβαζόμενη σχεδίαση για εύκολη αποθήκευση και εξοικονόμηση χώρου</li>
<li>Ανθεκτικό φινίρισμα textilene σε απόχρωση γκρι, ανθεκτικό στις καιρικές συνθήκες</li>
<li>Ελάχιστο πάχος μεταλλικών στοιχείων 0.8mm με διατομή 14x40mm</li>
</ul>"
285023,simple,9995356,,"Καρέκλες τραπέζι Bruno",1,0,visible,,"<p>Ετοιμαστείτε να μεταμορφώσετε το εξωτερικό σας χώρο σε ένα κομψό σαλόνι με το σετ τραπεζαρίας Bruno. Αυτή η μοντέρνα συλλογή συνδυάζει την ανθεκτικότητα με το μοναδικό στυλ, δημιουργώντας έναν ιδανικό χώρο για στιγμές χαλάρωσης και διασκέδασης.</p> <p>Απολαύστε τη μοναδική αισθητική του μεταλλικού σκελετού σαμπάνιας σε συνδυασμό με την εντυπωσιακή γυάλινη επιφάνεια που προσθέτει μια κομψή νότα στο τραπέζι σας. Οι άνετες πολυθρόνες με το ανθεκτικό textilene κάθισμα και την εκλεπτυσμένη μπεζ πλάτη από συνθετικό rattan, προσφέρουν όχι μόνο στυλ αλλά και εξαιρετική άνεση για ατελείωτες ώρες χαλάρωσης.</p> <p>Δημιουργήστε αναμνήσεις σε έναν χώρο που συνδυάζει ποιότητα, αντοχή στις καιρικές συνθήκες και μοντέρνα αισθητική. Το σετ Bruno είναι η ιδανική επιλογή για όσους αναζητούν ένα έπιπλο που συνδυάζει λειτουργικότητα με απαράμιλλη ομορφιά.</p>",,,taxable,,1,16,,0,0,33.7,80,140,71,1,,,"124,5","Κήπος & Εξωτερικός Χώρος",καρέκλα,,https://eboy.gr/app/uploads/sites/2/2026/05/set-trapezarias-5tmch-fb91072704-karekle.webp,,,,,,,,,0,B2BMarkt,ύψος,"71 εκ.",1,1,πλάτος,"140 εκ.",1,1,μήκος,"80 εκ.",1,1,B2BMarkt,76422,,"2026-05-10 01:48:45",B2BMarkt,"<ul>
<li>Μεταλλικός σκελετός από ανοξείδωτο ατσάλι υψηλής αντοχής</li>
<li>Γυάλινη επιφάνεια ασφαλείας, ανθεκτική στις καιρικές συνθήκες και την UV ακτινοβολία</li>
<li>Κάθισμα κατασκευασμένο από αδιάβροχο ύφασμα textilene με αντοχή στην υγρασία</li>
<li>Πλάτη σε σχέδιο συνθετικού rattan που προσομοιάζει σχοινί για φυσική αισθητική</li>
<li>Απλός μηχανισμός συναρμολόγησης χωρίς εξειδικευμένα εργαλεία</li>
<li>Εύκολος καθαρισμός με υγρό πανί ή ήπια καθαριστικά προϊόντα</li>
</ul>"
285025,simple,9995358,,"Καναπές Lazio",1,0,visible,,"<!DOCTYPE html> <html lang=""el""> <head> <meta charset=""UTF-8""> </head> <body> <p>O καναπές Lazio είναι η ιδανική επιλογή για όσους αναζητούν κομψότητα και άνεση στον εξωτερικό τους χώρο. Συνδυάζει με αρμονία τη σύγχρονη αισθητική με την πρακτικότητα, δημιουργώντας ένα μοναδικό περιβάλλον χαλάρωσης.</p> <p>Με τον πρωτοποριακό του σχεδιασμό, το σετ τραπεζαρίας εντυπωσιάζει χάρη στο μεταλλικό σκελετό σε γκρι απόχρωση που συνδυάζεται άψογα με τη γυάλινη επιφάνεια και τις πολυθρόνες με textilene ύφασμα. Η στιβαρή κατασκευή και η ποιότητα των υλικών εγγυώνται μακροχρόνια χρήση, ενώ οι στοιβαζόμενες πολυθρόνες προσφέρουν ευελιξία στη διακόσμηση.</p> </body> </html>",,,taxable,,1,107,,0,0,38.9,80,140,72,1,,,"124,5","Κήπος & Εξωτερικός Χώρος",καναπές,,https://eboy.gr/app/uploads/sites/2/2026/05/set-trapezarias-5tmch-fb91072901-karekle.webp,,,,,,,,,0,B2BMarkt,ύψος,"72 εκ.",1,1,πλάτος,"140 εκ.",1,1,μήκος,"80 εκ.",1,1,B2BMarkt,76424,,"2026-05-10 01:49:19",B2BMarkt,"<ul>
<li>Μεταλλικός σκελετός από ανοδιωμένο αλουμίνιο πάχους 40x14mm με αντοχή στη διάβρωση</li>
<li>Γυάλινη επιφάνεια ασφαλείας ενισχυμένη, ανθεκτική σε καιρικές συνθήκες και λεκέδες</li>
<li>Καθίσματα και πλάτες κατασκευασμένα από textilene ύφασμα υψηλής αντοχής UV με αντιιδρωτική προστασία</li>
<li>Ξύλινη επένδυση στα μπράτσα για αισθητική και άνεση</li>
<li>Στοιβαζόμενες πολυθρόνες για εύκολη αποθήκευση και μεταφορά</li>
<li>Απαιτεί ελάχιστη συντήρηση - καθαρισμός με υγρό πανί ή ήπια καθαριστικά</li>
</ul>"
285027,simple,9995359,,"Καρέκλες τραπέζι Bruno",1,0,visible,,"<!DOCTYPE html> <html lang=""el""> <head> <meta charset=""UTF-8""> <title>Καρέκλες τραπέζι Bruno - Αισθητική & Άνεση</title> </head> <body> <p>Ανακαλύψτε το απόλυτο σετ τραπεζαρίας εξωτερικού χώρου, Bruno! Ένα κομψοτέχνημα που συνδυάζει στυλ και ανθεκτικότητα για τις πιο όμορφες στιγμές σας στον κήπο ή τη βεράντα. Ο εντυπωσιακός μαύρος μεταλλικός σκελετός σε συνδυασμό με την ενισχυμένη γυάλινη επιφάνεια δημιουργούν μια μοντέρνα αισθητική που θα τραβήξει τα βλέμματα.</p> <p>Οι πολυθρόνες με το διαχρονικό μαύρο textilene ύφασμα και τις ξύλινες λεπτομέρειες στα μπράτσα, προσφέρουν απαράμιλλη άνεση. Το σετ είναι σχεδιασμένο για να αντέχει στις καιρικές συνθήκες, διατηρώντας την κομψότητα του χώρου σας. Ιδανικό για κοινωνικές συναντήσεις και οικογενειακές στιγμές χαλάρωσης!</p> </body> </html>",,,taxable,,1,118,,0,0,42.9,90,150,72,1,,,"139,59","Κήπος & Εξωτερικός Χώρος",καρέκλα,,https://eboy.gr/app/uploads/sites/2/2026/05/set-trapezarias-5tmch-fb91072903-karekle.webp,,,,,,,,,0,B2BMarkt,ύψος,"72 εκ.",1,1,πλάτος,"150 εκ.",1,1,μήκος,"90 εκ.",1,1,B2BMarkt,76425,,"2026-05-10 01:49:52",B2BMarkt,"<ul>
<li>Μεταλλικός σκελετός από ανοξείδωτο ατσάλι 40x14x0.8mm υψηλής αντοχής</li>
<li>Επιφάνεια τραπεζιού: Γυαλί θολό ενισχυμένο, ανθεκτικό στις καιρικές συνθήκες</li>
<li>Καθίσματα & πλάτες: Textilene ύφασμα μαύρο, αδιάβροχο και ανθεκτικό στη φθορά</li>
<li>Ξύλινη επένδυση στα μπράτσα των πολυθρόνων για άνεση και αισθητική</li>
<li>Στοιβαζόμενες πολυθρόνες για εύκολη αποθήκευση και μεταφορά</li>
<li>Εύκολη συναρμολόγηση χωρίς ειδικά εργαλεία (περιλαμβάνονται όλα τα απαραίτητα)</li>
<li>Απλός καθαρισμός με υγρό πανί ή ήπια καθαριστικά προϊόντα</li>
</ul>"
285029,simple,9995361,,"Τραπέζι σαλονιού Figo",1,0,visible,,"<p>Απογειώστε την ατμόσφαιρα του εξωτερικού σας χώρου με το μοντέρνο Σετ τραπεζαρίας Figo! Συνδυάστε κομψότητα και αντοχή σε ένα μοναδικό σύνολο που θα γίνει το επίκεντρο των καλοκαιρινών σας στιγμών. Ο μεταλλικός σκελετός στην απόχρωση του γκρι, σε συνδυασμό με την ανθεκτική θολή γυάλινη επιφάνεια, δημιουργούν μια εκλεπτυσμένη αισθητική που ταιριάζει άψογα σε κάθε στυλ διακόσμησης.</p> <p>Αφήστε τους καλεσμένους σας να χαλαρώσουν στις άνετες πολυθρόνες με το textilene ύφασμα - ένα υλικό αδιάβροχο και εύκολο στη συντήρηση. Η προσεγμένη ξύλινη λεπτομέρεια στα μπράτσα προσφέρει μια νότα κλασικής κομψότητας. Με διαστάσεις που εξασφαλίζουν άριστο χώρο για χαλάρωση, αυτό το σετ είναι η ιδανική επιλογή για στιγμές χαλάρωσης κάτω από τον ήλιο.</p>",,,taxable,,1,646,,0,0,17,60,60,72,1,,,"58,25","Κήπος & Εξωτερικός Χώρος",τραπέζι,,https://eboy.gr/app/uploads/sites/2/2026/05/set-trapezarias-3tmch-fb91073001-2-karek.webp,,,,,,,,,0,B2BMarkt,ύψος,"72 εκ.",1,1,πλάτος,"60 εκ.",1,1,μήκος,"60 εκ.",1,1,B2BMarkt,76427,,"2026-05-10 01:50:32",B2BMarkt,"<ul>
<li>Μεταλλικός σκελετός από ανοξείδωτο ατσάλι Φ25 με πάχος 0.8mm για αντοχή στη διάβρωση και το χρόνο.</li>
<li>Επιφάνεια τραπεζιού από θολό safety glass ανθεκτικό σε πτώσεις αντικειμένων και καιρικές συνθήκες.</li>
<li>Κάθισμα & πλάτη από textilene ύφασμα υψηλής αντοχής στο νερό και την ηλιακή ακτινοβολία, με ξύλινη επένδυση στα μπράτσα για πρόσθετη αισθητική.</li>
<li>Εύκολη συναρμολόγηση χωρίς εργαλεία καθώς όλα τα απαραίτητα περιλαμβάνονται στη συσκευασία.</li>
<li>Απαιτεί ελάχιστη συντήρηση - καθαρισμός με υγρό πανί ή ήπια καθαριστικά προϊόντα.</li>
</ul>"
285031,simple,9995362,,"Καρέκλα Figo",1,0,visible,,"<!DOCTYPE html> <html lang=""el""> <head> <meta charset=""UTF-8""> </head> <body> <p>Η Καρέκλα Figo μεταμορφώνει τον εξωτερικό σας χώρο σε ένα κομψό σημείο συνάντησης. Εμπνευσμένη από την σύγχρονη αισθητική, συνδυάζει ανθεκτικότητα και στυλ με μοναδικό τρόπο. Το σετ τραπεζαρίας περιλαμβάνει ένα τετράγωνο τραπέζι με μαύρο μεταλλικό σκελετό που υποστηρίζει μια γυάλινη επιφάνεια υψηλής αντοχής, ενώ οι πολυθρόνες με το textilene ύφασμα προσφέρουν άνεση και αντοχή στη φθορά.</p> <p>Η επιλογή μαύρου χρώματος δημιουργεί μια κομψή αντίθεση στον εξωτερικό χώρο σας, κάνοντάς τον να ξεχωρίζει. Οι προσεκτικά σχεδιασμένες διαστάσεις του σετ εξασφαλίζουν την τέλεια ισορροπία μεταξύ κομψότητας και λειτουργικότητας, προσφέροντας άνετο χώρο για χαλάρωση ή δείπνο. Η ποιότητα κατασκευής με έμφαση στα ποιοτικά υλικά εγγυάται αντοχή στις καιρικές συνθήκες, ώστε να απολαμβάνετε το αγαπημένο σας σημείο κάθε εποχή.</p> </body> </html>",,,taxable,,1,235,,0,0,17,60,60,70,1,,,"58,25","Κήπος & Εξωτερικός Χώρος",καρέκλα,,https://eboy.gr/app/uploads/sites/2/2026/05/set-trapezarias-3tmch-fb91073003-2-karek.webp,,,,,,,,,0,B2BMarkt,ύψος,"70 εκ.",1,1,πλάτος,"60 εκ.",1,1,μήκος,"60 εκ.",1,1,B2BMarkt,76428,,"2026-05-10 01:51:13",B2BMarkt,"<ul>
<li>Μεταλλικός σκελετός από ανοξείδωτο χάλυβα με διατομή Φ25mm και πάχος 0.8mm</li>
<li>Επιφάνεια τραπεζιού από θολό safety glass ανθεκτικό σε καιρικές συνθήκες</li>
<li>Κάθισμα & πλάτη κατασκευασμένα από textilene ύφασμα υψηλής αντοχής στη φθορά</li>
<li>Ξύλινη επένδυση στα μπράτσα των πολυθρόνων για άνεση και αισθητική</li>
<li>Ανθεκτικότητα στις εξωτερικές συνθήκες χωρίς ανάγκη ειδικής συντήρησης</li>
<li>Εύκολη συναρμολόγηση με όλα τα απαραίτητα εξαρτήματα παρεχόμενα</li>
</ul>"
285033,simple,9995363,,"Καρέκλες Bravo",1,0,visible,,"<!DOCTYPE html> <html lang=""el""> <head> <meta charset=""UTF-8""> <title>Καρέκλες Bravo - Εμπνευσμένη Πολυτέλεια Εξωτερικού Χώρου</title> </head> <body> <p>Αναβαθμίστε τον εξωτερικό σας χώρο με το σετ τραπεζαρίας Bravo, την τέλεια επιλογή για στιγμές χαλάρωσης με στυλ! Ένα κομψό σύνολο που συνδυάζει άριστα τη λειτουργικότητα με την αισθητική. Ο μεταλλικός σκελετός σε φυσικό καφέ χρώμα και η ανθεκτική ενισχυμένη γυάλινη επιφάνεια δημιουργούν ένα διαχρονικό design.</p> <p>Οι πολυθρόνες, εύκολα στοιβάξιμες για μέγιστη ευελιξία, προσφέρουν άνετο κάθισμα από το ανθεκτικό ύφασμα textilene που καθαρίζεται εύκολα. Ιδανικές για ατελείωτες ώρες απόλαυσης στον κήπο ή τη βεράντα σας, με εξαιρετική αντοχή στις καιρικές συνθήκες. Το σετ Bravo είναι η τέλεια επιλογή για όσους αναζητούν ποιότητα και κομψότητα στον εξωτερικό τους χώρο.</p> </body> </html>",,,taxable,,1,59,,0,0,36.1,70,120,72,1,,,"99,95","Κήπος & Εξωτερικός Χώρος",καρέκλα,,https://eboy.gr/app/uploads/sites/2/2026/05/set-trapezarias-5tmch-fb910731-4-karekle.webp,,,,,,,,,0,B2BMarkt,ύψος,"72 εκ.",1,1,πλάτος,"120 εκ.",1,1,μήκος,"70 εκ.",1,1,B2BMarkt,76429,,"2026-05-10 01:51:47",B2BMarkt,"<ul>
<li>Μεταλλικός σκελετός από ανοξείδωτο ατσάλι 42x14mm και 26x15mm για ανθεκτικότητα στη φθορά.</li>
<li>Επιφάνεια τραπεζιού: ενισχυμένο διάφανο γυαλί με προστασία κατά των γρατζουνιών, δυνατότητα στήριξης ομπρέλας μέσω ειδικής τρύπας.</li>
<li>Καθίσματα από ύφασμα textilene υψηλής αντοχής (540g/m²) σε καφέ χρώμα.</li>
<li>Στοιβαζόμενο design για εύκολη αποθήκευση και μεταφορά.</li>
<li>Εύκολη συναρμολόγηση τραπεζιού χωρίς την ανάγκη ειδικών εργαλείων.</li>
</ul>"
285035,simple,9995264,,"Σετ παιδικού δωματίου Paschal",1,0,visible,,"<!DOCTYPE html> <html lang=""el""> <head> <meta charset=""UTF-8""> <title>Σετ Paschal Παιδικού Δωματίου</title> </head> <body> <p>Μεταμορφώστε το παιδικό δωμάτιο σε έναν μαγικό χώρο με το ολοκληρωμένο σετ PASCHAL! Ένα πρωτοποριακό πακέτο που συνδυάζει λειτουργικότητα και αισθητική, δημιουργώντας ένα ιδανικό περιβάλλον για το μικρό σας αγγελούδι. Το σετ περιλαμβάνει προσεκτικά επιλεγμένα έπιπλα που αναπτύσσονται αρμονικά στον χώρο των 6τ.μ., προσφέροντας άφθονο αποθηκευτικό χώρο και σημεία παιχνιδιού.</p> <p>Η ποιότητα συναντά τη φαντασία σε αυτό το παιδικό δωμάτιο: από την κομψή λευκή μελαμίνη με ξύλινες λεπτομέρειες μέχρι τα εργονομικά σχεδιασμένα κομμάτια, κάθε στοιχείο είναι προσεκτικά επιλεγμένο για να προσφέρει ασφάλεια και στυλ. Δημιουργήστε μια ονειρεμένη γωνιά που θα εμπνεύσει τη δημιουργικότητα του παιδιού σας και θα ομορφύνει το σπίτι σας.</p> </body> </html>",,,taxable,,1,28,,0,0,150.6,30,46,55,1,,,"724,27",Υπνοδωμάτιο,τραπέζι,,https://eboy.gr/app/uploads/sites/2/2026/05/set-paidikoy-domatioy-6tmx-fb921337-xylo.webp,,,,,,,,,0,B2BMarkt,ύψος,"55 εκ.",1,1,πλάτος,"46 εκ.",1,1,μήκος,"30 εκ.",1,1,B2BMarkt,76434,,"2026-05-10 01:52:24",B2BMarkt,"<ul>
<li>Κατασκευή από μελαμίνη υψηλής ποιότητας και ξύλο πεύκου</li>
<li>Χιαστί διάταξη σκελετού για αυξημένη σταθερότητα</li>
<li>Περιλαμβάνει στρώμα αφρού χωρίς ελατήρια (διαστάσεις: 190x90x15εκ)</li>
<li>Προσφέρει αποθηκευτικό χώρο με συρτάρια και ράφια στη ντουλάπα</li>
<li>Επιφάνεια σε λευκό χρώμα με φυσική απόχρωση ξύλου στα κάγκελα του κρεβατιού</li>
<li>Σχεδιασμός τύπου Montessori στο κρεβάτι με προστατευτικά περιμετρικά κάγκελα</li>
</ul>"
285037,simple,9995350,,"Φωτιστικό Luxon",1,0,visible,,"<!DOCTYPE html> <html lang=""el""> <head> <meta charset=""UTF-8""> <title>Φωτιστικό Luxon - Ανανεώστε το Χώρο σας</title> </head> <body> <p>Ανακαλύψτε τη νέα τάση στο interior design με τα μοναδικά φωτιστικά Luxon. Σχεδιασμένα από υψηλής ποιότητας Fiber Cement σε καθαρό λευκό, συνδυάζουν την πρωτοποριακή αισθητική με την ποιότητα κατασκευής. Τρία μεγέθη (S-M-L) προσφέρουν ευελιξία για κάθε χώρο, δημιουργώντας ατμοσφαιρική ατμόσφαιρα.</p> <p>Με το Luxon φέρνετε μια πινελιά σύγχρονης κομψότητας στο σπίτι σας. Η ιδιαίτερη υφή και το ακανόνιστο σχήμα προσθέτουν χαρακτήρα στους εσωτερικούς χώρους, ενώ ο προσεγμένος σχεδιασμός εξασφαλίζει μέγιστη απόδοση φωτισμού. Ετοιμαστείτε να μεταμορφώσετε τη διάθεσή σας με ένα προϊόν που συνδυάζει τέλεια λειτουργικότητα και στυλ.</p> </body> </html>",,,taxable,,1,19,,0,0,14,15,44,42,1,,,"185,7",Κουζίνα,φωτιστικό,,https://eboy.gr/app/uploads/sites/2/2026/05/set-3tmx-epitoichia-fotistika-fb91072501.webp,,,,,,,,,0,B2BMarkt,ύψος,"42 εκ.",1,1,πλάτος,"44 εκ.",1,1,μήκος,"15 εκ.",1,1,B2BMarkt,76442,,"2026-05-10 01:52:56",B2BMarkt,"<ul>
<li>Κατασκευή από Fiber Cement ενισχυμένο με συνθετικές ίνες για ανθεκτικότητα και διάρκεια ζωής.</li>
<li>Λευκό χρώμα με ακανόνιστη υφή για σύγχρονη αισθητική σε interior design.</li>
<li>Υποδοχή λαμπτήρα Ε27 συμβατή αποκλειστικά με LED λάμπες πιστοποιημένες CE για εξοικονόμηση ενέργειας.</li>
<li>Ασφαλής στερέωση στον τοίχο κατάλληλη μόνο για εσωτερική χρήση.</li>
<li>Προσφέρεται σε τρεις μεγέθη (S-M-L) προσφέροντας ευελιξία στην επιλογή ανάλογα με τις ανάγκες του χώρου.</li>
</ul>"
285039,simple,9995351,,"Φωτιστικα Luxon",1,0,visible,,"<!DOCTYPE html> <html lang=""el""> <head> <meta charset=""UTF-8""> <title>Φωτιστικά Luxon</title> </head> <body> <p>Τα φωτιστικά LUXON αποτελούν την ιδανική επιλογή για όσους αναζητούν μοναδικό στυλ και υψηλή ποιότητα στον εσωτερικό τους χώρο. Κατασκευασμένα από υψηλής αντοχής Fiber Cement, προσφέρουν μια σύγχρονη αισθητική χάρη στο ιδιαίτερο γκρι χρώμα και το ακανόνιστο σχήμα τους που ταιριάζει σε κάθε διακοσμητικό ύφος.<br /><br /> Με τρεις διαφορετικές διαστάσεις (S-M-L), μπορείτε να δημιουργήσετε μια αρμονική σύνθεση φωτισμού, αναδεικνύοντας την ατμόσφαιρα του σπιτιού σας. Η απλότητα της γραμμής τους συνδυάζεται αρμονικά με τη λειτουργικότητα, προσφέροντας ένα εκλεπτυσμένο αποτέλεσμα.</p> </body> </html>",,,taxable,,1,22,,0,0,14,15,44,42,1,,,"185,7",Κουζίνα,φωτιστικό,,https://eboy.gr/app/uploads/sites/2/2026/05/set-3tmx-epitoichia-fotistika-fb91072502.webp,,,,,,,,,0,B2BMarkt,ύψος,"42 εκ.",1,1,πλάτος,"44 εκ.",1,1,μήκος,"15 εκ.",1,1,B2BMarkt,76443,,"2026-05-10 01:53:28",B2BMarkt,"<ul>
<li>Κατασκευή από Fiber Cement, σύνθετο δομικό υλικό με ενίσχυση συνθετικών ινών για αντοχή και διάρκεια.</li>
<li>Γκρι φινίρισμα σε υφή που ακολουθεί σύγχρονες τάσεις διακόσμησης (interior design).</li>
<li>Σπείρωμα λαμπτήρα E27 συμβατό με LED φωτιστικά CE Certified για ενεργειακή απόδοση.</li>
<li>Αντοχή στη χρήση μόνο σε εσωτερικούς χώρους σύμφωνα με τις προδιαγραφές ασφαλείας.</li>
<li>Προσφέρονται τρία μεγέθη (S-M-L) για ευελιξία στην εφαρμογή.</li>
</ul>"
285041,simple,0615518,5208067226561,"Πολυθρόνα τραπεζαρίας Brann",1,0,visible,,"<p>Ανακαλύψτε την απόλυτη σύνθεση κομψότητας και άνεσης με την πολυθρόνα BRANN. Σχεδιασμένη για να αποτελέσει το επίκεντρο του χώρου σας, συνδυάζει παραδοσιακά υλικά με σύγχρονη φινέτσα. Ο ανθεκτικός σκελετός από μασίφ ξύλο teak εξασφαλίζει μακροχρόνια αντοχή και σταθερότητα.</p> <p>Η μοναδική σχεδίαση με την ημικυκλική πλάτη από ποιοτικό συνθετικό σχοινί προσφέρει υποστήριξη και μια ξεχωριστή αισθητική πινελιά. Το άνετο κάθισμα σε καφέ PU δέρμα, συνδυάζει ζεστασιά με διαχρονική κομψότητα, δημιουργώντας το ιδανικό σημείο συνάντησης για χαλάρωση μετά το γεύμα. Επιλέξτε την BRANN και μεταμορφώστε τον χώρο σας σε ένα περιβάλλον υψηλής αισθητικής.</p>",,,taxable,,1,70,,0,0,7,67,60,76,1,,,"199,9","Σαλόνι & Καθιστικό",πολυθρόνα,,https://eboy.gr/app/uploads/sites/2/2026/05/polythrona-trapezarias-fb91823811-xylo-t.webp,,,,,,,,,0,B2BMarkt,ύψος,"76 εκ.",1,1,πλάτος,"60 εκ.",1,1,μήκος,"67 εκ.",1,1,B2BMarkt,76444,5208067226561,"2026-05-10 01:54:08",B2BMarkt,"<ul>
<li>Κατασκευή από μασίφ ξύλο teak με εξαιρετική αντοχή στην υγρασία και τον χρόνο</li>
<li>Ημικυκλική πλάτη επενδυμένη με συνθετικό σχοινί για εργονομική στήριξη και κομψή εμφάνιση</li>
<li>Κάθισμα με επένδυση PU δέρματος σε καφέ απόχρωση, προσφέροντας άνεση και ανθεκτικότητα στη χρήση</li>
<li>Δυνατότητα εύκολης συντήρησης χάρη στην ανθεκτική επιφάνεια του δέρματος PU</li>
<li>Σταθερή βάση με πόδια που εξασφαλίζουν την ισορροπία της πολυθρόνας</li>
</ul>"
285043,simple,0699478,5208067208574,"Πολυθρόνα χώρου Leone",1,0,visible,,"<!DOCTYPE html> <html lang=""el""> <head> <meta charset=""UTF-8""> </head> <body> <div style=""max-width: 600px; margin: 20px auto;""> <p>Αναζητάτε την τέλεια πολυθρόνα για τον εξωτερικό σας χώρο που συνδυάζει στυλ και πρακτικότητα;</p> <p>Η Leone είναι εδώ! Μια κλασική επιλογή σε μαύρο χρώμα, με ενιαία κατασκευή textilene που προσφέρει απαράμιλλη αντοχή στις καιρικές συνθήκες. Τα ξύλινα μπράτσα προσδίδουν ζεστασιά και διαχρονική αισθητική στο χώρο σας.</p> <p>Με δυνατότητα στοίβαξης καταλαμβάνει τον ελάχιστο δυνατό χώρο όταν δεν χρησιμοποιείται, ενώ διατηρεί την κομψότητά της χάρη στον minimal σχεδιασμό της. Ιδανική για χαλάρωση μετά το ηλιοβασίλεμα ή ως κεντρικό σημείο συζήτησης με φίλους.</p> </div> </body> </html>",,,taxable,,1,470,,0,0,4.6,68,55,90,1,,,"19,9","Κήπος & Εξωτερικός Χώρος",πολυθρόνα,,https://eboy.gr/app/uploads/sites/2/2026/05/polythrona-exchoroy-fb9642903-metalliki-.webp,,,,,,,,,0,B2BMarkt,ύψος,"90 εκ.",1,1,πλάτος,"55 εκ.",1,1,μήκος,"68 εκ.",1,1,B2BMarkt,76445,5208067208574,"2026-05-10 01:54:56",B2BMarkt,"<ul>
<li>Κατασκευή από ανθεκτικό μεταλλικό σκελετό πάχους 0.8mm</li>
<li>Καθίσματα και πλάτη επενδυμένα με textilene υψηλής ποιότητας σε μαύρο χρώμα, ανθεκτικά στην υγρασία και την φθορά</li>
<li>Μπράτσα κατασκευασμένα από φυσικό ξύλο για ζεστή αισθητική και εργονομική χρήση</li>
<li>Σχεδίαση στοιβαζόμενου προϊόντος για εύκολη αποθήκευση και εξοικονόμηση χώρου</li>
<li>Επιφάνεια textilene με αντιολισθητικές ιδιότητες</li>
<li>Ύψος καθίσματος 44εκ. κατάλληλο για άνετη χρήση σε εξωτερικούς χώρους</li>
</ul>"
285045,simple,0699479,5208067208581,"Πολυθρόνα χώρου Leone",1,0,visible,,"<p>Εμπνευστείτε από την κομψότητα της πολυθρόνας Leone για τον εξωτερικό σας χώρο! Μια κλασική επιλογή που συνδυάζει αριστοτεχνικά λειτουργικότητα και στυλ.</p> <p>Με το εκλεπτυσμένο Σαμπανί χρώμα, η Leone προσθέτει μια πινελιά πολυτέλειας στον κήπο ή τη βεράντα σας. Η ιδιαίτερη σχεδίασή της με ενιαίο κομμάτι textilene στην πλάτη και το κάθισμα προσφέρει άνεση χωρίς συμβιβασμούς στη διάρκεια, ενώ τα ξύλινα μπράτσα προσθέτουν ζεστασιά και ανθεκτικότητα. Η πρακτική της σχεδίαση επιτρέπει την εύκολη στοίβαξη, εξοικονομώντας πολύτιμο χώρο όταν δεν χρησιμοποιείται.</p>",,,taxable,,1,348,,0,0,4.6,68,55,90,1,,,"19,9","Κήπος & Εξωτερικός Χώρος",πολυθρόνα,,https://eboy.gr/app/uploads/sites/2/2026/05/polythrona-exchoroy-fb9642904-metalliki-.webp,,,,,,,,,0,B2BMarkt,ύψος,"90 εκ.",1,1,πλάτος,"55 εκ.",1,1,μήκος,"68 εκ.",1,1,B2BMarkt,76446,5208067208581,"2026-05-10 01:55:44",B2BMarkt,"<ul>
<li>Κατασκευή από ανθεκτικό μεταλλικό σκελετό με διατομή 40x14mm και πάχος 0.8mm</li>
<li>Κάθισμα και πλάτη επενδυμένα με textilene υψηλής ποιότητας σε Σαμπάνια χρώμα, αδιάβροχο και αντιστατικό</li>
<li>Μπράτσα κατασκευασμένα από φυσικό ξύλο για ζεστή αίσθηση και αυξημένη αντοχή</li>
<li>Σχεδιασμός στοιβαζόμενου προϊόντος για εύκολη αποθήκευση και εξοικονόμηση χώρου</li>
<li>Επιφάνεια textilene ανθεκτική στη φθορά, την υγρασία και την UV ακτινοβολία</li>
</ul>"
285047,simple,0619027,5208067214292,"Παιδικό κρεβάτι με κάγκελο Houser Montessori",1,0,visible,,"<!DOCTYPE html> <html lang=""el""> <head> <meta charset=""UTF-8""> <title>Παιδικό Κρεβάτι Houser Montessori</title> </head> <body> <p>Ανακαλύψτε το παιδικό κρεβάτι Houser, μια μοντέρνα και λειτουργική επιλογή για κάθε παιδικό υπνοδωμάτιο. Σχεδιασμένο με τις αρχές του συστήματος Montessori, ενθαρρύνει την ανεξαρτησία και την εξερεύνηση από μικρή ηλικία.</p> <p>Με τη μοναδική σχεδίαση χαμηλού ύψους χωρίς πόδια, το παιδί μπορεί να ανέβει και να κατέβει εύκολα μόνο του, αναπτύσσοντας αυτοπεποίθηση και δεξιότητες αυτονομίας. Η κλασική γραμμή του και η υψηλή ποιότητα κατασκευής του το καθιστούν όχι μόνο ασφαλές αλλά και αισθητικά άρτιο, ενώ ταιριάζει αρμονικά σε κάθε παιδικό χώρο.</p> </body> </html>",,,taxable,,1,53,,0,0,25.5,96,196,145.5,1,,,"189,9",Υπνοδωμάτιο,κρεβάτι,,https://eboy.gr/app/uploads/sites/2/2026/05/krebati-paidiko-me-kagkelo-fb970601-tmon.webp,,,,,,,,,0,B2BMarkt,ύψος,"145.5 εκ.",1,1,πλάτος,"196 εκ.",1,1,μήκος,"96 εκ.",1,1,B2BMarkt,76447,5208067214292,"2026-05-10 01:56:32",B2BMarkt,"<ul>
<li>Κατασκευή από μασίφ ξύλο με φυσικό φινίρισμα και επεξεργασία με μη τοξικό βερνίκι νερού.</li>
<li>Υποδοχή στρώματος για διαστάσεις 90x190 εκ. με τάβλες στήριξης από κόντρα πλακέ.</li>
<li>Σχεδιασμός χαμηλού ύψους χωρίς πόδια, επιτρέποντας την εύκολη πρόσβαση στο κρεβάτι.</li>
<li>Ειδικός σχεδιασμός Montessori που προάγει την αυτονομία και την εξερεύνηση του παιδιού.</li>
<li>Μοναδική αισθητική σχήματος σπιτιού με διακοσμητική καμινάδα.</li>
</ul>"
285049,simple,0413171,5208067184199,"Επιτραπέζιο διακοσμητικό Dean",1,0,visible,,"<p>Αναβαθμίστε τον χώρο σας με το DEAN, ένα μοναδικό επιτραπέζιο διακοσμητικό που συνδυάζει την κομψότητα με τη φυσική αισθητική. Με γήινες αποχρώσεις τερακότας σε απόχρωση ΚΡΕΜ και τις αρμονικές πινελιές του φυσικού σχοινιού agel, δημιουργεί μια ατμόσφαιρα ηρεμίας και πολυτέλειας.</p> <p>Το ξεχωριστό design του ψηλού κυπέλλου προσαρμόζεται άψογα σε κάθε χώρο - από την κεντρική κονσόλα μέχρι το γραφείο σας. Η επιλογή του DEAN προσφέρει όχι μόνο αισθητική αναβάθμιση αλλά και μια αυθεντική πινελιά χειροποίητης ποιότητας που ξεχωρίζει. Ιδανικό για όσους αναζητούν κάτι ιδιαίτερο με διαχρονική κομψότητα.</p>",,,taxable,,1,23,,0,0,4.35,18,18,35,1,,,"39,02",Διακόσμηση,διακοσμητικό,,https://eboy.gr/app/uploads/sites/2/2026/05/epitrapezio-diakosmitiko-fb9467902-krem-.webp,,,,,,,,,0,B2BMarkt,ύψος,"35 εκ.",1,1,πλάτος,"18 εκ.",1,1,μήκος,"18 εκ.",1,1,B2BMarkt,76448,5208067184199,"2026-05-10 01:57:19",B2BMarkt,"<ul>
<li>Κατασκευή από τερακότα υψηλής ποιότητας με φυσική υφή και εξαιρετική ανθεκτικότητα</li>
<li>Κρεμ φινίρισμα για μοντέρνα αισθητική και ανάδειξη του σχήματος</li>
<li>Πλευρική διακόσμηση με σχοινί αγνότητας (αgel) που προσδίδει αυθεντικό χειροποίητο στυλ</li>
<li>Ανθεκτική επιφάνεια κατάλληλη μόνο για εσωτερική χρήση</li>
<li>Σχεδιασμός σε σχήμα ψηλού κυπέλλου με στόμιο διαμέτρου 14 εκ.</li>
<li>Φυσική, γήινη απόχρωση τερακότας (κρεμ)</li>
</ul>"
285051,simple,0413193,5208067184779,"Γλάστρα χώρου Quan",1,0,visible,,"<p>Αναβαθμίστε το χώρο σας με την γλάστρα QUAN, ένα αριστούργημα σύγχρονης διακόσμησης εσωτερικού χώρου. Το ιδιαίτερο design της συνδυάζει αρμονικά κομψότητα και λειτουργικότητα, προσφέροντας μια μοναδική αισθητική πινελιά στο περιβάλλον σας.</p> <p>Κατασκευασμένη από υψηλής ποιότητας Fiber Cement σε εντυπωσιακό γκρι χρώμα, η Quan ξεχωρίζει για τον μοναδικό συνδυασμό με την ξύλινη βάση teak. Η επιλογή ενός εσωτερικού δοχείου εξασφαλίζει τη σωστή διατήρηση των φυτών σας, ενώ το κομψό τρίποδο στήριγμα προσφέρει σταθερότητα και στυλ. Ιδανική για κάθε σύγχρονο σπίτι ή επαγγελματικό χώρο, η Quan μεταμορφώνει το περιβάλλον σε ένα πράσινο καταφύγιο αρμονίας και ομορφιάς.</p>",,,taxable,,1,20,,0,0,12,35,35,50,1,,,"124,9",Διακόσμηση,διακοσμητικό,,https://eboy.gr/app/uploads/sites/2/2026/05/glastra-esotchoroy-fb9468003m-fiber-ceme.webp,,,,,,,,,0,B2BMarkt,ύψος,"50 εκ.",1,1,πλάτος,"35 εκ.",1,1,μήκος,"35 εκ.",1,1,B2BMarkt,76449,5208067184779,"2026-05-10 01:58:04",B2BMarkt,"<ul>
<li>Κατασκευή από Fiber Cement ενισχυμένο με ίνες κυτταρίνης για αυξημένη ανθεκτικότητα και ελάχιστη συντήρηση.</li>
<li>Επίστρωση σε ΓΚΡΙ χρώμα με ανθεκτική επιφάνεια.</li>
<li>Συνοδεύεται από τρίποδη βάση από ξύλο teak υψηλής ποιότητας.</li>
<li>Σχεδιασμός ρηχός με φαρδιά βάση για καλύτερη σταθερότητα.</li>
<li>Προτείνεται η χρήση εσωτερικού δοχείου για βέλτιστη διατήρηση του φυτού.</li>
<li>Κατάλληλο αποκλειστικά για εσωτερική χρήση.</li>
</ul>"
285053,simple,0514775,5208067195485,"Πολυθρόνα Flan",1,0,visible,,"<!DOCTYPE html> <html lang=""el""> <head> <meta charset=""UTF-8""> </head> <body> <p>Ανακαλύψτε την πολυθρόνα FLAN, τον απόλυτο σύμμαχο της άνετης ζωής στον εξωτερικό σας χώρο! Με την κομψή και διαχρονική της σχεδίαση, προσφέρει την ιδανική επιλογή για χαλάρωση στο μπαλκόνι ή την αυλή σας.</p> <p>Η ποιότητα συναντά την πρακτικότητα σε αυτή την καινοτόμο κατασκευή. Το ανθεκτικό υλικό πολυπροπυλενίου, σε λαμπερό λευκό χρώμα, εξασφαλίζει μακροχρόνια αντοχή στις καιρικές συνθήκες. Τα ψηλά μπράτσα προσφέρουν όχι μόνο αισθητική αλλά και μέγιστη άνεση κατά την χρήση. Ιδανική επιλογή τόσο για οικιακή όσο και επαγγελματική χρήση - όπως σε εκδηλώσεις catering - χάρη στο ελαφρύ της βάρος και τη δυνατότητα εύκολης αποθήκευσης.</p> </body> </html>",,,taxable,,1,107,,0,0,3.7,56,57,82.5,1,,,"25,99","Κήπος & Εξωτερικός Χώρος",πολυθρόνα,,https://eboy.gr/app/uploads/sites/2/2026/05/polythrona-exotchoroy-fb9636901-leyko-po.webp,,,,,,,,,0,B2BMarkt,ύψος,"82.5 εκ.",1,1,πλάτος,"57 εκ.",1,1,μήκος,"56 εκ.",1,1,B2BMarkt,76450,5208067195485,"2026-05-10 01:58:51",B2BMarkt,"<ul>
<li>Κατασκευή από ενισχυμένο πολυπροπυλένιο υψηλής αντοχής</li>
<li>Ανθεκτικότητα σε υγρασία, βάρος και ακραίες θερμοκρασίες</li>
<li>Επιφάνεια λείου λευκού χρώματος (UV ανθεκτική)</li>
<li>Ελαφρύ και στοιβαζόμενο για εύκολη μεταφορά και αποθήκευση</li>
<li>Άνεση λόγω του σχεδιασμού με ψηλά μπράτσα</li>
<li>Απλός καθαρισμός με υγρό πανί</li>
<li>Κατάλληλο για επαγγελματική χρήση σε εξωτερικούς χώρους</li>
</ul>"
285055,simple,0514776,5208067195492,"Πολυθρόνα Flan",1,0,visible,,"<!DOCTYPE html> <html lang=""el""> <head> <meta charset=""UTF-8""> <title>Πολυθρόνα FLAN</title> </head> <body> <p>Ανακαλύψτε την πολυθρόνα FLAN, τον ιδανικό σύντροφο για τις στιγμές χαλάρωσης στον εξωτερικό σας χώρο. Συνδυάζει άψογα τη μοντέρνα αισθητική με την άνεση και την ποιότητα κατασκευής. Το ιδιαίτερο design της και το σκούρο χρώμα προσδίδουν έναν κομψό τόνο σε κάθε εξωτερικό χώρο.</p> <p>Απολαύστε αναπαυτικές στιγμές στην ποιοτική πολυθρόνα από ανθεκτικό πολυπροπυλένιο, σχεδιασμένη για μακροχρόνια χρήση. Η εργονομική σχεδίαση με τα ψηλόβρατσα προσφέρει μέγιστη άνεση, ενώ η δυνατότητα στοίβαξης την καθιστά πρακτική και εύκολη στη μεταφορά. Ιδανική επιλογή για επαγγελματικούς χώρους και προσωπική χρήση, συνδυάζει αισθητική και λειτουργικότητα.</p> </body> </html>",,,taxable,,1,93,,0,0,3.7,56,57,82.5,1,,,"25,99","Κήπος & Εξωτερικός Χώρος",πολυθρόνα,,https://eboy.gr/app/uploads/sites/2/2026/05/polythrona-exotchoroy-fb9636902-mayro-po.webp,,,,,,,,,0,B2BMarkt,ύψος,"82.5 εκ.",1,1,πλάτος,"57 εκ.",1,1,μήκος,"56 εκ.",1,1,B2BMarkt,76451,5208067195492,"2026-05-10 01:59:33",B2BMarkt,"<ul>
<li>Κατασκευή από ενισχυμένο πολυπροπυλένιο με υψηλή αντοχή στο βάρος, το νερό και τη θερμότητα.</li>
<li>Μαύρο φινίρισμα ανθεκτικό στις περιβαλλοντικές συνθήκες εξωτερικού χώρου.</li>
<li>Ελαφριά κατασκευή κατάλληλη για εύκολη μετακίνηση και στοιβαζόμενη διάταξη.</li>
<li>Αναπαυτικά ψηλά μπράτσα σχεδιασμένα για μέγιστη άνεση κατά την χρήση.</li>
<li>Απλή συντήρηση με καθαρισμό μόνο με βρεγμένο πανί, κατάλληλο για εξωτερική χρήση.</li>
</ul>"
285057,simple,0514777,5208067195508,"Πολυθρόνα Flan",1,0,visible,,"<p>Ανακαλύψτε την πολυθρόνα FLAN, το απόλυτο αξεσουάρ για να απολαύσετε τον εξωτερικό χώρο σας με στυλ και άνεση. Σχεδιασμένη για όσους εκτιμούν την ποιότητα και τη διαχρονική αισθητική, συνδυάζει άψογα την πρακτικότητα με την κομψότητα. Τα ψηλά μπράτσα προσφέρουν όχι μόνο μοναδικό σχεδιασμό αλλά και μέγιστη άνεση, κάνοντας κάθε στιγμή χαλάρωσης αξέχαστη.</p> <p>Με το διακριτικό γκρι χρώμα της να ξεχωρίζει, η FLAN ταιριάζει αρμονικά σε κάθε διακόσμηση εξωτερικού χώρου. Η στιβαρή κατασκευή από πολυπροπυλένιο εγγυάται αντοχή στον χρόνο και στις καιρικές συνθήκες. Ιδανική επιλογή τόσο για οικιακή χρήση όσο και για επαγγελματικούς χώρους, όπως catering, χάρη στη δυνατότητα στοίβαξης και το χαμηλό της βάρος.</p>",,,taxable,,1,30,,0,0,3.7,56,57,82.5,1,,,"25,99","Κήπος & Εξωτερικός Χώρος",πολυθρόνα,,https://eboy.gr/app/uploads/sites/2/2026/05/polythrona-exotchoroy-fb9636910-gkri-pol.webp,,,,,,,,,0,B2BMarkt,ύψος,"82.5 εκ.",1,1,πλάτος,"57 εκ.",1,1,μήκος,"56 εκ.",1,1,B2BMarkt,76453,5208067195508,"2026-05-10 02:00:20",B2BMarkt,"<ul>
<li>Κατασκευή από ενισχυμένο πολυπροπυλένιο υψηλής αντοχής</li>
<li>Ανθεκτικότητα σε υγρασία, βάρος και ακραίες θερμοκρασίες</li>
<li>Εύκολος καθαρισμός με βρεγμένο πανί</li>
<li>Στοιβαζόμενη για εύκολη αποθήκευση και μεταφορά</li>
<li>Γκρι χρώμα με ομοιόμορφη επιφάνεια</li>
<li>Υψηλά μπράτσα για αυξημένη άνεση</li>
<li>Ανθεκτική κατασκευή κατάλληλη για επαγγελματική χρήση</li>
</ul>"
285059,simple,0699475,5208067208635,"Βάση τραπεζιού σταυρός",1,0,visible,,"<p>Αναβαθμίστε τον εξωτερικό σας χώρο με την εντυπωσιακή βάση τραπεζιού ΗΜ449.03 σε κομψό μαύρο χρώμα! Αυτή η μοντέρνα βάση αλουμινίου συνδυάζει διαχρονική αισθητική με λειτουργική ευελιξία. Με μοναδικό design που επιτρέπει τη στήριξη τόσο στρογγυλών όσο και τετράγωνων τραπεζιών, προσφέρει απεριόριστες δυνατότητες συνδυασμών.</p> <p>Το καινοτόμο σύστημα ρύθμισης ύψους καθιστά την τοποθέτηση του τραπεζιού απλή διαδικασία σε οποιοδήποτε ύψος επιθυμείτε. Ιδανική επιλογή για εξωτερικούς χώρους, συνδυάζεται άψογα με διάφορες επιφάνειες όπως βερσαλίτη ή HPL, δημιουργώντας ένα αρμονικό σύνολο που συνδυάζει στυλ και ανθεκτικότητα. Επιλέξτε τη βάση ΗΜ449.03 για να δώσετε στον εξωτερικό σας χώρο την κομψότητα που του αξίζει!</p>",,,taxable,,1,391,,0,0,1.81,54,54,68,1,,,"24,99","Κήπος & Εξωτερικός Χώρος",τραπέζι,,https://eboy.gr/app/uploads/sites/2/2026/05/basi-trapezioy-aloyminioy-mayri-fb944903.webp,,,,,,,,,0,B2BMarkt,ύψος,"68 εκ.",1,1,πλάτος,"54 εκ.",1,1,μήκος,"54 εκ.",1,1,B2BMarkt,76457,5208067208635,"2026-05-10 02:01:09",B2BMarkt,"<ul>
<li>Κατασκευή από κράμα αλουμινίου υψηλής αντοχής</li>
<li>Μαύρο ηλεκτροστατικό φινίρισμα ανθεκτικό στις καιρικές συνθήκες</li>
<li>Σταθερός τριποδικός σχεδιασμός (3-νυχη βάση σε σχήμα αστεριού)</li>
<li>Ρυθμιζόμενο ύψος με ενσωματωμένους ρυθμιστές ύψους</li>
<li>Συμβατό με στρογγυλά και τετράγωνα καπάκια τραπεζιού</li>
<li>Απλός καθαρισμός με υγρό πανί, ανθεκτικό στη σκόνη</li>
</ul>"
285061,simple,9995387,,"Τραπέζι Taber",1,0,visible,,"<!DOCTYPE html> <html lang=""el""> <head> <meta charset=""UTF-8""> <title>Τραπέζι Taber</title> </head> <body> <p>Ανακαλύψτε την κομψότητα και τη λειτουργικότητα του TABER, του ιδανικού σετ τραπεζαρίας για τον εξωτερικό σας χώρο. Αυτό το εντυπωσιακό σύνολο συνδυάζει την υψηλή αισθητική με την ανθεκτικότητα στη χρήση.</p> <p>Με μοντέρνο σχεδιασμό και κορυφαία υλικά, το σετ περιλαμβάνει ένα τραπέζι από αλουμίνιο σε καθαρό λευκό που προσφέρει διαχρονική κομψότητα, συνοδευόμενο από 6 αναπαυτικές πολυθρόνες. Η επιφάνεια από οικολογικές πλάκες polywood εγγυάται αντοχή στον καιρό και την καθημερινή χρήση, ενώ καθαρίζεται εύκολα.</p> </body> </html>",,,taxable,,1,7,,0,0,60.6,92,160,72,1,,,"589,3","Κήπος & Εξωτερικός Χώρος",τραπέζι,,https://eboy.gr/app/uploads/sites/2/2026/05/set-trapezarias-fb910738-trapezi-6-polyt.webp,,,,,,,,,0,B2BMarkt,ύψος,"72 εκ.",1,1,πλάτος,"160 εκ.",1,1,μήκος,"92 εκ.",1,1,B2BMarkt,76461,,"2026-05-10 02:01:50",B2BMarkt,"<ul>
<li>Κατασκευή από σκελετό αλουμινίου με λευκή ηλεκτροστατική βαφή για αντοχή στις καιρικές συνθήκες.</li>
<li>Επιφάνεια τραπεζιού και καθισμάτων από πλαστικές πλάκες polywood πάχους 14mm, ανθεκτικές στη φθορά, την υγρασία και τους μικροοργανισμούς.</li>
<li>Αδιάβροχη κατασκευή χωρίς ανάγκη ειδικής συντήρησης πέραν ενός απλού καθαρισμού με υγρό πανί.</li>
<li>Ελαφρύ βάρος για εύκολη μεταφορά και αποθήκευση.</li>
<li>Ανθεκτικότητα σε UV ακτινοβολία για μακροχρόνια χρήση στον εξωτερικό χώρο.</li>
</ul>"
285063,simple,9995370,,"Καναπές-polyθρόνα Relax Synthia",1,0,visible,,"<p>Ανακαλύψτε τον καναπέ Relax Synthia, το απόλυτο σημείο αναφοράς για όσους αναζητούν την απόλυτη άνεση στο σπίτι τους. Ο κομψός συνδυασμός μπεζ υφάσματος και σύγχρονης σχεδίασης δημιουργεί ένα κομψό επίκεντρο στον εσωτερικό σας χώρο. Το μοναδικό χαρακτηριστικό της ηλεκτρικής ανάκλισης προσφέρει εξατομικευμένη χαλάρωση με το πάτημα ενός κουμπιού, ενώ ο έξυπνος σχεδιασμός του επιτρέπει εύκολη προσαρμογή στις ανάγκες σας.</p> <p>Δημιουργήστε τις ιδανικές συνθήκες χαλάρωσης για εσάς και τους καλεσμένους σας, απολαμβάνοντας την ποιότητα κατασκευής που συνδυάζει στυλ και πρακτικότητα. Ο Relax Synthia είναι περισσότερο από ένας καναπές - είναι η επιτομή της σύγχρονης φιλοξενίας, όπου η αισθητική συναντά την άνεση σε κάθε στιγμή χρήσης.</p>",,,taxable,,1,2,,0,0,141,60,70,16,1,,,"949,8","Σαλόνι & Καθιστικό",καναπές,,https://eboy.gr/app/uploads/sites/2/2026/05/set-kanapes-polythrona-relax-fb91073501-.webp,,,,,,,,,0,B2BMarkt,ύψος,"16 εκ.",1,1,πλάτος,"70 εκ.",1,1,μήκος,"60 εκ.",1,1,B2BMarkt,76463,,"2026-05-10 02:02:34",B2BMarkt,"<ul>
<li>Κατασκευή από μεταλλικό σκελετό και ξύλινα στοιχεία στήριξης</li>
<li>Ύφασμα Μπεζ, υψηλής ποιότητας ανθεκτικό στη φθορά</li>
<li>Ηλεκτρικός μηχανισμός ανάκλισης στο δεξί κάθισμα</li>
<li>Πτυσσόμενο τραπεζάκι με 2 ενσωματωμένες ποτηροθήκες στο μεσαίο τμήμα</li>
<li>Κρυφοί αποθηκευτικοί χώροι στην αριστερή σεζλόνγκ και στα μπράτσα</li>
<li>Αντιολισθητική επιφάνεια υφάσματος για αυξημένη σταθερότητα</li>
</ul>"
285065,simple,9995373,,"Σετ καναπές-polyθρόνα Relax Synthia",1,0,visible,,"<p>Ανακαλύψτε την απόλυτη εμπειρία χαλάρωσης με το σετ καναπές-polyθρόνα Relax Synthia. Η μοντέρνα σχεδίασή του σε γκρι απόχρωση συνδυάζεται αρμονικά με την κορυφαία ποιότητα υφάσματος, δημιουργώντας ένα κομψό σύνολο που αναβαθμίζει κάθε χώρο.</p> <p>Ο καναπές γωνιακός αριστερής τοποθέτησης προσφέρει μοναδική άνεση με τον ηλεκτρικό μηχανισμό ανάκλισης στο αριστερό τμήμα, επιτρέποντας εξατομικευμένη εμπειρία χαλάρωσης. Η έξυπνη κατασκευή του περιλαμβάνει κρυφό αποθηκευτικό χώρο και πρακτική πτυσσόμενη θέση, ενώ η πολυθρόνα συμπληρώνει αρμονικά το σύνολο, προσφέροντας επιπλέον χώρο για καλεσμένους ή στιγμές μοναχικής απόλαυσης.</p>",,,taxable,,1,2,,0,0,141,60,70,16,1,,,"949,8","Σαλόνι & Καθιστικό",καναπές,,https://eboy.gr/app/uploads/sites/2/2026/05/set-kanapes-polythrona-relax-fb91073603-.webp,,,,,,,,,0,B2BMarkt,ύψος,"16 εκ.",1,1,πλάτος,"70 εκ.",1,1,μήκος,"60 εκ.",1,1,B2BMarkt,76465,,"2026-05-10 02:03:12",B2BMarkt,"<ul>
<li>Κατασκευή από μεταλλικό σκελετό και ξύλινα στοιχεία στήριξης</li>
<li>Κάλυμμα από συνθετικό ύφασμα ανθεκτικό στη φθορά με γκρι απόχρωση</li>
<li>Ηλεκτρικός μηχανισμός ανάκλισης στο αριστερό κάθισμα</li>
<li>Πτυσσόμενο τραπεζάκι με 2 ενσωματωμένες ποτηροθήκες στο μεσαίο τμήμα</li>
<li>Ενσωματωμένοι αποθηκευτικοί χώροι (με κρυφές λαβές) στα μπράτσα και τη δεξιά πλευρά</li>
<li>Εργονομικός σχεδιασμός με ρυθμιζόμενη κλίση στην πολυθρόνα relax</li>
</ul>"
285067,simple,9995372,,"Καναπές-polυθρόνα Relax Synthia",1,0,visible,,"<p>Αναβαθμίστε το σαλόνι σας με τον μοναδικό καναπέ-polυθρόνα Relax Synthia - ένα αριστούργημα κομψότητας και άνεσης. Ο τριθέσιος γωνιακός σχεδιασμός του προσφέρει απαράμιλλη αισθητική, ενώ η ηλεκτρική ανάκλιση στη δεξιά πλευρά επιτρέπει εξατομικευμένη εμπειρία χαλάρωσης. Με μοντέρνο μπεζ ύφασμα που προσδίδει ζεστασιά στον χώρο σας, ο καναπές συνδυάζει την πρακτικότητα με το στυλ.</p> <p>Απολαύστε στιγμές απόλυτης ξεκούρασης χάρη στο έξυπνο σύστημα ανάκλισης και τον κρυφό αποθηκευτικό χώρο. Η Synthia δεν είναι απλά ένα έπιπλο - είναι η επιτομή του σύγχρονου lifestyle, δημιουργώντας έναν προσωπικό παράδεισο χαλάρωσης στο σπίτι σας.</p>",,,taxable,,1,4,,0,0,141,60,70,16,1,,,"949,8","Σαλόνι & Καθιστικό",καναπές,,https://eboy.gr/app/uploads/sites/2/2026/05/set-kanapes-polythrona-relax-fb91073601-.webp,,,,,,,,,0,B2BMarkt,ύψος,"16 εκ.",1,1,πλάτος,"70 εκ.",1,1,μήκος,"60 εκ.",1,1,B2BMarkt,76466,,"2026-05-10 02:03:46",B2BMarkt,"<ul>
<li>Κατασκευή από μεταλλικό σκελετό με επένδυση υφάσματος μπεζ χρώματος.</li>
<li>Ηλεκτρικός μηχανισμός ανάκλισης στο αριστερό τριθέσιο κάθισμα.</li>
<li>Πτυσσόμενο τραπεζάκι με 2 ενσωματωμένες ποτηροθήκες στο μεσαίο τμήμα.</li>
<li>Κρυφοί αποθηκευτικοί χώροι στη δεξιά σεζλόνγκ και στα μπράτσα.</li>
<li>Υφασμάτινη επιφάνεια με δυνατότητα εύκολης συντήρησης.</li>
</ul>"
285069,simple,0509904,5208067203937,"Κρεβάτι Milo",1,0,visible,,"<p>Το κρεβάτι Milo είναι η τέλεια επιλογή για όσους αναζητούν την αρμονία μεταξύ στυλ και άνεσης στον προσωπικό τους χώρο. Με τις κομψές γραμμές του και την προσεγμένη μπεζ υφασμάτινη επένδυση, μεταμορφώνει το υπνοδωμάτιο σας σε ένα μοντέρνο καταφύγιο.</p> <p>Η καινοτόμος σχεδίαση με το ψηλό καπιτονέ κεφαλάρι δεν προσφέρει μόνο μια αίσθηση πολυτέλειας, αλλά και επιπλέον αποθηκευτικό χώρο, λύνοντας αποτελεσματικά τα προβλήματα οργάνωσης του ύπνου. Ετοιμαστείτε να απολαύσετε τον πιο αναζωογονητικό ύπνο της ζωής σας!</p>",,,taxable,,1,7,,0,0,94,202,160,34,1,,,"479,9",Υπνοδωμάτιο,κρεβάτι,,https://eboy.gr/app/uploads/sites/2/2026/05/krebati-diplo-me-apothikeytiko-choro-fb9.webp,,,,,,,,,0,B2BMarkt,ύψος,"34 εκ.",1,1,πλάτος,"160 εκ.",1,1,μήκος,"202 εκ.",1,1,B2BMarkt,76467,5208067203937,"2026-05-10 02:04:18",B2BMarkt,"<ul>
<li>Κατασκευή από ανθεκτικό ξύλινο σκελετό για μακροχρόνια σταθερότητα</li>
<li>Υφασμάτινη επένδυση σε μπεζ απόχρωση με ανάγλυφο μοτίβο</li>
<li>Ψηλό καπιτονέ κεφαλάρι με ξενοδοχειακή αισθητική</li>
<li>Ενσωματωμένος αποθηκευτικός χώρος κάτω από το κρεβάτι</li>
<li>Μηχανισμός gas lift για εύκολη ανύψωση των υποστρωμάτων</li>
<li>Μεταλλικά χερούλια για πρακτική χρήση του αποθηκευτικού χώρου</li>
</ul>"
285071,simple,0615473,5208067210690,"Ξαπλώστρα Thatcher",1,0,visible,,"<p>Αποκτήστε την premium ξαπλώστρα παραλίας Thatcher και μεταμορφώστε το χώρο σας! Με κομψή, τετραγωνισμένη σχεδίαση και εντυπωσιακό σαμπανί φινίρισμα, η Thatcher αποτελεί την ιδανική επιλογή για όσους αναζητούν πολυτέλεια και στυλ στον εξωτερικό τους χώρο. Η ιδιαίτερη κατασκευή από αλουμίνιο σε συνδυασμό με ανθεκτικό textilene προσφέρει μέγιστη αντοχή στις καιρικές συνθήκες και απαράμιλλη άνεση κατά τη χρήση. Τα ειδικά πόδια ενίσχυσης στη μέση της ξαπλώστρας εξασφαλίζουν απόλυτη σταθερότητα, επιτρέποντάς σας να χαλαρώσετε χωρίς έγνοια. Μια επένδυση που συνδυάζει αισθητική αρτιότητα με ποιοτική κατασκευή - η Thatcher θα γίνει το αγαπημένο σας σημείο χαλάρωσης!</p>",,,taxable,,1,267,,0,0,10.3,64,197,92,1,,,"124,9","Κήπος & Εξωτερικός Χώρος",ξαπλώστρα,,https://eboy.gr/app/uploads/sites/2/2026/05/xaplostra-aloyminioy-fb9598304-sampani-s.webp,,,,,,,,,0,B2BMarkt,ύψος,"92 εκ.",1,1,πλάτος,"197 εκ.",1,1,μήκος,"64 εκ.",1,1,B2BMarkt,76468,5208067210690,"2026-05-10 02:04:50",B2BMarkt,"<ul>
<li>Κατασκευή από σκελετό αλουμινίου με διατομή 50x25x1.2 mm για υψηλή αντοχή και μικρό βάρος.</li>
<li>Επιφάνεια καθίσματος και πλάτης από textilene ανθεκτικό στη φθορά και την υγρασία.</li>
<li>Ανοξείδωτες βίδες σύνδεσης για αυξημένη αντίσταση στη διάβρωση.</li>
<li>5 ρυθμιζόμενα επίπεδα ανάκλισης (συμπεριλαμβανομένου του επίπεδου) με σκαλιέρα.</li>
<li>Ειδικά στηρίγματα στο μέσο της ξαπλώστρας για πρόσθετη σταθερότητα.</li>
<li>Χρώμα σαμπάνιας σε σκελετό και textilene για ομοιόμορφη αισθητική.</li>
</ul>"
285073,simple,0613296,5208067215558,"Βάση ομπρέλας Granite",1,0,visible,,"<p>Αναβαθμίστε την εμπειρία σας στην παραλία με τη νέα βάση ομπρέλας Granite! Σχεδιασμένη με γνώμονα τον συνδυασμό ανθεκτικότητας και κομψότητας, αποτελεί την ιδανική επιλογή για όσους αναζητούν ποιότητα στον εξωτερικό τους χώρο. Το μοντέρνο γκρι χρώμα από φυσικό γρανίτη συνδυάζεται αρμονικά με κάθε διακοσμητικό στυλ κήπου ή παραλίας.</p> <p>Η πρακτική της σχεδίαση περιλαμβάνει ενσωματωμένες ρόδες για εύκολη μετακίνηση και εργονομικό χερούλι μεταφοράς - μια πραγματική καινοτομία στην κατηγορία της. Με την ανθεκτική ανοξείδωτη κατασκευή της, προσφέρει ασφάλεια και μακροζωία, αποτελώντας επένδυση που θα σας εξυπηρετήσει για πολλά καλοκαίρια. Γίνετε ο οικοδεσπότης του πιο οργανωμένου και στιλάτου χώρου παραλίας!</p>",,,taxable,,1,411,,0,0,41,45,45,37,1,,,"49,9","Κήπος & Εξωτερικός Χώρος",ομπρέλα,,https://eboy.gr/app/uploads/sites/2/2026/05/basi-omprelas-graniti-40kg-me-cheroyli-r.webp,,,,,,,,,0,B2BMarkt,ύψος,"37 εκ.",1,1,πλάτος,"45 εκ.",1,1,μήκος,"45 εκ.",1,1,B2BMarkt,76469,5208067215558,"2026-05-10 02:05:23",B2BMarkt,"<ul>
<li>Κατασκευή από φυσικό γρανίτη υψηλής αντοχής</li>
<li>Ανοξείδωτη χαλύβδινη σωλήνωση διαμέτρου 48mm με πάχος μετάλλου 1mm</li>
<li>Εργονομικό χερούλι μεταφοράς στη μία πλευρά</li>
<li>Δύο ενσωματωμένες ρόδες για εύκολη μετακίνηση</li>
<li>Σύστημα σφιγκτήρων για προσαρμογή σε διάφορα μεγέθη ομπρέλας</li>
<li>Αντιδιαβρωτική προστασία χαλύβδινης κατασκευής</li>
<li>Επιφάνεια γρανίτη με φυσικό φινίρισμα γκρι χρώματος</li>
</ul>"
285075,simple,0699476,5208067208628,"Τραπέζι Bruno",1,0,visible,,"<!DOCTYPE html> <html lang=""el""> <head> <meta charset=""UTF-8""> <title>Τραπέζι Bruno - Η Τέλεια Επιλογή για τον Εξωτερικό Χώρο</title> </head> <body> <p>Αναβαθμίστε το μπαλκόνι ή τον κήπο σας με το κομψό τραπέζι BRUNO, την ιδανική επιλογή για στιγμές χαλάρωσης στη φύση. Ο εντυπωσιακός συνδυασμός μαύρου μεταλλικού σκελετού και θολής γυάλινης επιφάνειας δημιουργεί μια μοντέρνα αισθητική που θα εντυπωσιάσει.</p> <p>Το τραπέζι αυτό δεν είναι απλά ένας χώρος εστίασης - είναι η καρδιά της ατμόσφαιρας στον εξωτερικό σας χώρο. Η μοναδική του σχεδίαση με τις στρογγυλεμένες γωνίες προσφέρει άνεση και στυλ, ενώ το ενισχυμένο γυαλί εξασφαλίζει ανθεκτικότητα στη χρήση. Με διαστάσεις 140x80x72Y εκ., προσαρμόζεται τέλεια σε κάθε χώρο εξωτερικού χώρου.</p> </body> </html>",,,taxable,,1,214,,0,0,20.5,80,140,72,1,,,"44,9","Κήπος & Εξωτερικός Χώρος",τραπέζι,,https://eboy.gr/app/uploads/sites/2/2026/05/trapezi-fb9510603-mayro-metalliko-me-gya.webp,,,,,,,,,0,B2BMarkt,ύψος,"72 εκ.",1,1,πλάτος,"140 εκ.",1,1,μήκος,"80 εκ.",1,1,B2BMarkt,76470,5208067208628,"2026-05-10 02:05:55",B2BMarkt,"<ul>
<li>Μεταλλικός σκελετός με ηλεκτροστατική βαφή μαύρου χρώματος για αντοχή στις καιρικές συνθήκες</li>
<li>Ενισχυμένη θολή γυάλινη επιφάνεια ανθεκτική σε κρούσεις και UV ακτινοβολία</li>
<li>Στρογγυλεμένες γωνίες για αυξημένη ασφάλεια</li>
<li>Σταθερή βάση με πόδια από το ίδιο μεταλλικό υλικό για μέγιστη σταθερότητα</li>
<li>Αντιδιαβρωτική προστασία του μετάλλου μέσω της διαδικασίας ηλεκτροστατικής βαφής</li>
</ul>"
285077,simple,0613297,5208067215565,"Βάση ομπρέλας Granito",1,0,visible,,"<p>Αναβαθμίστε τη διακόσμηση του εξωτερικού σας χώρου με τη βάση ομπρέλας Granito. Μια εντυπωσιακή επιλογή από γκρι γρανίτη που συνδυάζει απαράμιλλη αισθητική με κορυφαία ποιότητα και ανθεκτικότητα.</p> <p>Η καινοτόμος σχεδίαση της βάσης, με το κομψό χερούλι μεταφοράς και τις διακριτικές ρόδες, προσφέρει πρακτικότητα χωρίς να θυσιάζει την αισθητική. Τοποθετήστε την ομπρέλα σας στη θέση της εύκολα και μετακινηθείτε τη βάση με απόλυτη ευκολία, διατηρώντας πάντα έναν κομψά οργανωμένο εξωτερικό χώρο. Με μοντέρνο σχεδιασμό που ταιριάζει σε κάθε στυλ διακόσμησης, η Granito αποτελεί μια διαχρονική επιλογή για το σπίτι ή τον επαγγελματικό σας χώρο.</p>",,,taxable,,1,210,,0,0,61,50,50,40,1,,,"69,9","Κήπος & Εξωτερικός Χώρος",ομπρέλα,,https://eboy.gr/app/uploads/sites/2/2026/05/basi-omprelas-graniti-60kg-me-cheroyli-r.webp,,,,,,,,,0,B2BMarkt,ύψος,"40 εκ.",1,1,πλάτος,"50 εκ.",1,1,μήκος,"50 εκ.",1,1,B2BMarkt,76471,5208067215565,"2026-05-10 02:06:27",B2BMarkt,"<ul>
    <li>Κατασκευή από γρανίτη υψηλής ποιότητας με γκρι χρώμα, ανθεκτικό στις καιρικές συνθήκες</li>
    <li>Ανοξείδωτη χαλύβδινη σωλήνα διαμέτρου Φ58mm με πάχος 1.1mm και σύστημα spring slip fit για σταθερή στήριξη</li>
    <li>Ενσωματωμένες ρόδες στην βάση για εύκολη μετακίνηση (κρυφές)</li>
    <li>Χερούλι μεταφοράς για χειροκίνητο χειρισμό</li>
    <li>Επιφάνεια φινιρίσματος από φυσικό γρανίτη με αντιολισθητικές ιδιότητες</li>
    <li>Συνολικό βάρος: 60 kg, κατάλληλο για επαγγελματική και οικιακή χρήση</li>
</ul>"
285079,simple,0619013,5208067207911,"Πολυθρόνα Orin",1,0,visible,,"<!DOCTYPE html> <html lang=""el""> <head> <meta charset=""UTF-8""> <title>Πολυθρόνα Orin</title> </head> <body> <p>Ανακαλύψτε την πολυθρόνα ORIN, το απόλυτο αξεσουάρ για τον εξωτερικό σας χώρο! Σχεδιασμένη με κομψή αισθητική, συνδυάζει αρμονικά τη φυσική ομορφιά του wicker σε φυσικό χρώμα με τον κομψό καπουτσίνο σκελετό αλουμινίου. Η μοναδική κυρτή πλάτη με έντονη κλίση προσφέρει μέγιστη άνεση και στήριξη.</p> <p>Το ORIN ξεχωρίζει για την πρακτικότητα και την ποιότητά του: διαθέτει ποιοτικό μαξιλάρι καθίσματος, αποθηκευτική δυνατότητα καθώς στοιβαζεται εύκολα, ενώ η αντοχή των υλικών του εξασφαλίζει μακροχρόνια χρήση. Μια πολυθρόνα που αναβαθμίζει τον εξωτερικό σας χώρο με στυλ και άνεση.</p> </body> </html>",,,taxable,,1,141,,0,0,4.5,58,58,75,1,,,"114,9","Κήπος & Εξωτερικός Χώρος",πολυθρόνα,,https://eboy.gr/app/uploads/sites/2/2026/05/polythrona-aloyminioy-fb9626503-kapoytsi.webp,,,,,,,,,0,B2BMarkt,ύψος,"75 εκ.",1,1,πλάτος,"58 εκ.",1,1,μήκος,"58 εκ.",1,1,B2BMarkt,76472,5208067207911,"2026-05-10 02:06:57",B2BMarkt,"<ul>
<li>Κατασκευή από σκελετό αλουμινίου με διατομή 50x25x1.2mm και πόδια Φ25x1.2mm για ανθεκτικότητα και αντοχή στη φθορά</li>
<li>Πλέξη wicker από P.E. Rattan διαμέτρου 7mm σε φυσικό χρώμα για αισθητική και άνεση</li>
<li>Μαξιλάρι καθίσματος με πάχος 5 εκατοστών και ποιοτικό ύφασμα για άνετη στήριξη</li>
<li>Κυρτή πλάτη με έντονη κλίση (60 μοιρών) για εργονομική υποστήριξη</li>
<li>Στοιβαζόμενη σχεδίαση για εύκολη αποθήκευση και μεταφορά</li>
<li>Καπούτσινου χρώματος φινίρισμα αλουμινίου για αντοχή στις εξωτερικές συνθήκες</li>
</ul>"
285081,simple,0613376,,"Βάση τραπεζιού Distile Aluminium",1,0,visible,,"<p>Αναβαθμίστε την αισθητική του εξωτερικού χώρου με τη μοντέρνα βάση τραπεζιού Distile Aluminium. Η κομψή της σχεδίαση συνδυάζει αρμονικά λειτουργικότητα και στυλ, προσφέροντας μια εκλεπτυσμένη πινελιά στο χώρο σας.<br /> Η ρυθμιζόμενη βάση σε καπουτσίνο απόχρωση προσαρμόζεται εύκολα στις ανάγκες σας, ενώ οι μεταλλικές λεπτομέρειες προσδίδουν διαχρονική κομψότητα.</p>",,,taxable,,1,127,,0,0,4.36,60,100,73,1,,,"89,9","Κήπος & Εξωτερικός Χώρος",τραπέζι,,https://eboy.gr/app/uploads/sites/2/2026/05/basi-trapezioy-aloyminioy-distili-fb9461.webp,,,,,,,,,0,B2BMarkt,ύψος,"73 εκ.",1,1,πλάτος,"100 εκ.",1,1,μήκος,"60 εκ.",1,1,B2BMarkt,76473,,"2026-05-10 02:07:28",B2BMarkt,"<ul>
<li>Κατασκευή από αλουμίνιο με ηλεκτροστατική βαφή ΚΑΠΟΥΤΣΙΝΟΥ χρώματος</li>
<li>Δυνατότητα ρύθμισης ύψους μέσω ρυθμιζόμενων ποδιών με ρεγουλατόρους</li>
<li>Μεταλλικές κολώνες διαμέτρου 6 εκ. και μεταλλικές αψίδες στήριξης</li>
<li>Επιφάνεια/πλαίσιο στήριξης καπακιού: 100x40 εκ.</li>
<li>Προσφέρει σταθερή βάση για διάφορους τύπους επιφανειών (βερσαλίτ, HPL, MDF)</li>
<li>Ανθεκτική κατασκευή κατάλληλη για εξωτερική χρήση</li>
</ul>"
285083,simple,0619022,5208067208048,"Τραπέζι μέσης Teroc",1,0,visible,,"<p>Ανακαλύψτε το τραπεζάκι μέσης TEROC, τον κομψό σας συνοδοιπόρο στους εξωτερικούς χώρους. Με την μοναδική του γκρι απόχρωση αλουμινίου, προσδίδει ένα διαχρονικό στυλ σε κάθε εξωτερικό χώρο, δημιουργώντας μια κομψή ατμόσφαιρα που συνδυάζει λειτουργικότητα με αισθητική αρτιότητα.</p> <p>Η ανθεκτικότητα και η ελαφριά κατασκευή από άριστης ποιότητας αλουμίνιο το καθιστούν ιδανικό για καθημερινή χρήση. Επιλέξτε το τραπεζάκι TEROC και μετατρέψτε τον κήπο ή το μπαλκόνι σας σε έναν κομψό χώρο χαλάρωσης, όπου η ποιότητα συναντά την ομορφιά.</p>",,,taxable,,1,94,,0,0,4.8,70,70,44,1,,,"84,9","Κήπος & Εξωτερικός Χώρος",τραπέζι,,https://eboy.gr/app/uploads/sites/2/2026/05/trapezi-mesis-stroggylo-exchoroy-fb96434.webp,,,,,,,,,0,B2BMarkt,ύψος,"44 εκ.",1,1,πλάτος,"70 εκ.",1,1,μήκος,"70 εκ.",1,1,B2BMarkt,76474,5208067208048,"2026-05-10 02:08:01",B2BMarkt,"<ul>
<li>Κατασκευή από κράμα αλουμινίου υψηλής αντοχής</li>
<li>Γκρι ηλεκτροστατική βαφή ανθεκτική στις καιρικές συνθήκες</li>
<li>Στρογγυλή επιφάνεια με λεία επεξεργασία για εύκολη καθαριότητα</li>
<li>Σχεδιασμός χωρίς κενά για προστασία από την υγρασία</li>
<li>Ελαφρύ βάρος με ενισχυμένη δομική ακεραιότητα</li>
<li>Αντιδιαβρωτική προστασία κατά της οξείδωσης</li>
</ul>"
285085,simple,0619023,5208067208062,"Τραπέζι Teroc",1,0,visible,,"<p>Εμπλουτίστε την εξωτερική σας διακόσμηση με το μοναδικό τραπεζάκι TEROC σε ΚΑΠΟΥΤΣΙΝΟ απόχρωση. Ένα αληθινό στολίδι για τους εξωτερικούς χώρους, σχεδιασμένο να συνδυάζει στυλ και αντοχή στη φθορά του χρόνου.<br />Η κομψή στρογγυλή του μορφή ταιριάζει αρμονικά σε κάθε χώρο, ενώ η επιλογή του αλουμινίου εξασφαλίζει ανθεκτικότητα στις καιρικές συνθήκες χωρίς συμβιβασμούς στην αισθητική.</p>",,,taxable,,1,89,,0,0,4.8,70,70,44,1,,,"84,9","Κήπος & Εξωτερικός Χώρος",τραπέζι,,https://eboy.gr/app/uploads/sites/2/2026/05/trapezi-mesis-stroggylo-exchoroy-fb96434-1.webp,,,,,,,,,0,B2BMarkt,ύψος,"44 εκ.",1,1,πλάτος,"70 εκ.",1,1,μήκος,"70 εκ.",1,1,B2BMarkt,76475,5208067208062,"2026-05-10 02:08:35",B2BMarkt,"<ul>
<li>Κατασκευή από αλουμίνιο υψηλής αντοχής για αντοχή στις εξωτερικές συνθήκες</li>
<li>Ματ ΚΑΠΟΥΤΣΙΝΟ επίστρωση για προστασία και διαχρονικό φινίρισμα</li>
<li>Ρομβοειδής σχεδιασμός με στρογγυλεμένες γωνίες για ασφάλεια χρήσης</li>
<li>Ελαφρύ προφίλ που επιτρέπει την εύκολη μετακίνηση του τραπεζιού</li>
<li>Αντιδιαβρωτική επεξεργασία αλουμινίου για μακροχρόνια αντοχή στη φθορά</li>
<li>Ανθεκτική κατασκευή με στιβαρή βάση στήριξης</li>
</ul>"
285087,simple,0619024,5208067208055,"Τραπέζι μέσης Teroc",1,0,visible,,"<!DOCTYPE html> <html lang=""el""> <head> <meta charset=""UTF-8""> <title>Τραπέζι Μέσης Teroc</title> </head> <body> <p>Ανακαλύψτε το Τραπεζάκι Μέσης TEROC, τον απόλυτο σύμμαχο για την εξωτερική σας διακόσμηση. Με κομψό στρογγυλό σχεδιασμό και λευκές αποχρώσεις που αντανακλούν το φως, προσθέτει μια νότα πολυτέλειας στον κήπο ή τη βεράντα σας.</p> <p>Κατασκευασμένο από ανθεκτικό αλουμίνιο υψηλής ποιότητας, προσφέρει μακροχρόνια αντοχή στις εξωτερικές συνθήκες ενώ διατηρεί πάντα μια κομψή εμφάνιση. Η επιλογή του λευκού χρώματος εξασφαλίζει την εναρμόνιση με κάθε διακοσμητικό στυλ, δημιουργώντας έναν αρμονικό και πολυτελές εξωτερικό χώρο.</p> </body> </html>",,,taxable,,1,59,,0,0,4.8,70,70,44,1,,,"84,9","Κήπος & Εξωτερικός Χώρος",τραπέζι,,https://eboy.gr/app/uploads/sites/2/2026/05/trapezi-mesis-stroggylo-exchoroy-fb96434-2.webp,,,,,,,,,0,B2BMarkt,ύψος,"44 εκ.",1,1,πλάτος,"70 εκ.",1,1,μήκος,"70 εκ.",1,1,B2BMarkt,76477,5208067208055,"2026-05-10 02:09:08",B2BMarkt,"<ul>
<li>Κατασκευή από κράμα αλουμινίου υψηλής αντοχής</li>
<li>Λευκό ηλεκτροστατικό φινίρισμα ανθεκτικό στις καιρικές συνθήκες</li>
<li>Στρογγυλή επιφάνεια με λεία επεξεργασία</li>
<li>Εύκολος χειρισμός και μετακίνηση λόγω χαμηλού βάρους</li>
<li>Αντιδιαβρωτική προστασία για εξωτερική χρήση</li>
<li>Σταθερή βάση χωρίς κινούμενα μέρη</li>
</ul>"
285089,simple,0603344,5208067216081,"Καναπές κρεβάτι αριστερή γωνία Kanso",1,0,visible,,"<p>Ανακαλύψτε τον ιδανικό καναπέ για το σαλόνι σας - τον KANSO, έναν μοντέρνο γωνιακό καναπέ που μεταμορφώνεται σε άνετο κρεβάτι. Η μοναδική αριστερή του γωνία δημιουργεί έναν ζεστό χώρο συνάντησης, ενώ η μπεζ υφασμάτινη επένδυση προσδίδει στυλ και διαχρονική κομψότητα. Τα χαμηλά πόδια τονίζουν την minimal αισθητική του, προσαρμόζοντας αρμονικά το έπιπλο στον σύγχρονο τρόπο ζωής.</p> <p>Με έμφαση στην καθημερινή άνεση και τη λειτουργικότητα, ο KANSO προσφέρει εξαιρετική ποιότητα κατασκευής για μακροχρόνια χρήση. Αποτελεί την τέλεια επιλογή για όσους αναζητούν ένα πολυλειτουργικό έπιπλο που συνδυάζει πρακτικότητα και design. Η ουδέτερη απόχρωση του μπεζ ταιριάζει σε κάθε διακόσμηση, δημιουργώντας έναν χώρο φιλόξενο και κομψό.</p>",,,taxable,,1,4,,0,0,121,188,244,80,1,,,"769,9","Σαλόνι & Καθιστικό",καναπές,,https://eboy.gr/app/uploads/sites/2/2026/05/kanapes-krebati-aristeri-gonia-fb9333803.webp,,,,,,,,,0,B2BMarkt,ύψος,"80 εκ.",1,1,πλάτος,"244 εκ.",1,1,μήκος,"188 εκ.",1,1,B2BMarkt,76479,5208067216081,"2026-05-10 02:09:52",B2BMarkt,"<ul>
<li>Κατασκευή από μεταλλικό σκελετό υψηλής αντοχής για μακροχρόνια χρήση.</li>
<li>Επένδυση με ανθεκτικό ΜΠΕΖ ύφασμα κατάλληλο για καθημερινή χρήση και εύκολο καθαρισμό.</li>
<li>Διαθέτει πολύ χαμηλά πόδια που ενισχύουν το μοντέρνο design και επιτρέπουν εύκολη πρόσβαση κάτω από τον καναπέ.</li>
<li>Μετατρέπεται εύκολα σε κρεβάτι προσφέροντας άνετο ύπνο (δυνατότητα χρήσης ως έπιπλο ύπνου).</li>
<li>Σχεδιασμός με αριστερή γωνία για βέλτιστη αξιοποίηση μικρών χώρων στο σαλόνι.</li>
</ul>"
285091,simple,9996749,,"Καρέκλες Endika",1,0,visible,,"<!DOCTYPE html> <html lang=""el""> <head> <meta charset=""UTF-8""> </head> <body> <p>Εμπλουτίστε τον εξωτερικό σας χώρο με την Endika Collection - το απόλυτο σετ τραπεζαρίας για μοναδικές στιγμές χαλάρωσης! Αυτή η κομψή συλλογή συνδυάζει κομψότητα και άνεση, δημιουργώντας ένα ιδανικό περιβάλλον για τις καλοκαιρινές συναντήσεις σας.</p> <p>Με μοντέρνο σχεδιασμό και προσεγμένη κατασκευή, περιλαμβάνει ένα ανθεκτικό μεταλλικό τραπέζι σε φυσική απόχρωση καφέ με προστατευτικό γυαλί ασφαλείας, συνοδευόμενο από τέσσερις πολυθρόνες που θα γίνουν το αγαπημένο σημείο συνάντησης της παρέας. Τα αναπαυτικά μαξιλάρια σε μπεζ χρώμα προσφέρουν εξαιρετική υποστήριξη, ενώ η διακριτική τους εμφάνιση ταιριάζει αρμονικά στον εξωτερικό χώρο. Η Endika Collection είναι η ιδανική επιλογή για όσους αναζητούν ποιότητα και στυλ στη διακόσμηση του κήπου ή της βεράντας τους.</p> </body> </html>",,,taxable,,1,26,,0,0,53.4,90,150,75,1,,,"239,5","Κήπος & Εξωτερικός Χώρος",καρέκλα,,https://eboy.gr/app/uploads/sites/2/2026/05/set-trapezarias-5tmch-fb921011-karekles-.webp,,,,,,,,,0,B2BMarkt,ύψος,"75 εκ.",1,1,πλάτος,"150 εκ.",1,1,μήκος,"90 εκ.",1,1,B2BMarkt,76480,,"2026-05-10 02:10:25",B2BMarkt,"<ul>
<li>Μεταλλικός σκελετός τραπεζιού από χάλυβα για αντοχή στη φθορά και τις καιρικές συνθήκες</li>
<li>Επιφάνεια τραπεζιού από ανθεκτικό γυαλί ασφαλείας με καφέ απόχρωση</li>
<li>Καφέ μεταλλικές πολυθρόνες με ηλεκτροστατική βαφή για προστασία από την υγρασία</li>
<li>Αναπαυτικά μαξιλάρια με επένδυση μπεζ υφάσματος και φερμουάρ, πάχος 8 εκατοστών</li>
<li>Αφαιρούμενα καλύμματα μαξιλαριών με κορδόνια για εύκολο καθαρισμό</li>
</ul>"
285093,simple,0619019,5208067208017,"Βοηθητικό τραπέζι χώρου Teroc",1,0,visible,,"<p>Αναβαθμίστε τον εξωτερικό σας χώρο με το τραπεζάκι TEROC, την τέλεια επιλογή για όσους αναζητούν συνδυασμό ποιότητας και αισθητικής. Κατασκευασμένο από ανθεκτικό αλουμίνιο σε γκρι απόχρωση, αυτό το στρογγυλό βοηθητικό τραπεζάκι προσφέρει διαχρονική κομψότητα.</p> <p>Η προηγμένη κατασκευή του εξασφαλίζει αντοχή στις καιρικές συνθήκες, καθιστώντας το ιδανικό για καθημερινή χρήση στον κήπο ή τη βεράντα σας. Απολαύστε την ευελιξία του σε κάθε χώρο εξωτερικού σχεδιασμού, γνωρίζοντας ότι επιλέγετε ποιότητα που συνδυάζει πρακτικότητα και αισθητική αρμόνικα.</p>",,,taxable,,1,80,,0,0,3.1,47,47,53,1,,,"44,9","Κήπος & Εξωτερικός Χώρος",τραπέζι,,https://eboy.gr/app/uploads/sites/2/2026/05/trapezi-boithitiko-stroggylo-exchoroy-fb.webp,,,,,,,,,0,B2BMarkt,ύψος,"53 εκ.",1,1,πλάτος,"47 εκ.",1,1,μήκος,"47 εκ.",1,1,B2BMarkt,76482,5208067208017,"2026-05-10 02:10:57",B2BMarkt,"<ul>
<li>Κατασκευή από αλουμίνιο υψηλής αντοχής για αντοχή στις εξωτερικές συνθήκες</li>
<li>Γκρι ηλεκτροστατική βαφή με ανθεκτικότητα στη φθορά και τις καιρικές μεταβολές</li>
<li>Στρογγυλή επιφάνεια εργασίας για εργονομική χρήση και εύκολο καθαρισμό</li>
<li>Αντιολισθητικά πόδια για σταθερότητα σε διάφορες επιφάνειες</li>
<li>Σχεδιασμός χωρίς κενά στην κατασκευή για εύκολη συντήρηση και προστασία από την υγρασία</li>
</ul>"
285095,simple,0619020,5208067208031,"Βοηθητικό τραπέζι Teroc",1,0,visible,,"<p>Εμπλουτίστε την αυλή ή το μπαλκόνι σας με στυλ και λειτουργικότητα! Το βοηθητικό τραπεζάκι Teroc είναι ο ιδανικός σύντροφος για τις στιγμές χαλάρωσης έξω. Η κομψή του σχεδίαση σε απόχρωση καπουτσίνου, κατασκευασμένη από ανθεκτικό αλουμίνιο, θα εντυπωσιάσει με την αισθητική της αρμονία και τη διαχρονική της ποιότητα.</p> <p>Απολαύστε την ελευθερία να τοποθετήσετε το τραπεζάκι όπου επιθυμείτε, καθώς η στρογγυλή του βάση εξασφαλίζει σταθερότητα και ασφάλεια. Η επιλογή σας για έναν κομψό και ανθεκτικό σύντροφο στον εξωτερικό χώρο είναι εδώ!</p>",,,taxable,,1,84,,0,0,3.1,47,47,53,1,,,"44,9","Κήπος & Εξωτερικός Χώρος",τραπέζι,,https://eboy.gr/app/uploads/sites/2/2026/05/trapezi-boithitiko-stroggylo-exchoroy-fb-1.webp,,,,,,,,,0,B2BMarkt,ύψος,"53 εκ.",1,1,πλάτος,"47 εκ.",1,1,μήκος,"47 εκ.",1,1,B2BMarkt,76483,5208067208031,"2026-05-10 02:11:29",B2BMarkt,"<ul>
<li>Κατασκευή από κράμα αλουμινίου υψηλής αντοχής.</li>
<li>Στρογγυλή επιφάνεια με φινίρισμα σε απόχρωση καπουτσίνου.</li>
<li>Ανθεκτικό στις εξωτερικές καιρικές συνθήκες (UV προστασία).</li>
<li>Ελαφρύ σχεδιασμό για εύκολη μετακίνηση.</li>
<li>Σταθερή βάση χωρίς δυνατότητα ανατροπής.</li>
<li>Αντιδιαβρωτική επεξεργασία επιφάνειας αλουμινίου.</li>
</ul>"
285097,simple,0619021,5208067208024,"Τραπέζι βοηθητικό στρογγυλό χώρου Teroc",1,0,visible,,"<p>Αναβαθμίστε τον εξωτερικό σας χώρο με το κομψό στρογγυλό τραπεζάκι TEROC. Η λευκή απόχρωση αλουμινίου προσδίδει μια εκλεπτυσμένη αισθητική, συνδυάζοντας τέλεια τη μοντέρνα αρχιτεκτονική με την αντοχή στις εξωτερικές συνθήκες. Ιδανικό για κάθε γωνιά του κήπου ή της βεράντας σας.</p> <p>Δημιουργήστε ένα αρμονικό περιβάλλον όπου η πρακτικότητα συναντά την ομορφιά. Το ελαφρύ βάρος και η ανθεκτική κατασκευή αλουμινίου το καθιστούν εξαιρετικά εύκολο στη χρήση και τη συντήρηση, προσφέροντας χρόνια απόλαυσης στον εξωτερικό σας χώρο. Διακοσμήστε με στυλ και εξασφαλίστε τον απαραίτητο χώρο για τα αγαπημένα σας ροφήματα ή διακοσμητικά στοιχεία.</p>",,,taxable,,1,59,,0,0,3.1,47,47,53,1,,,"44,9","Κήπος & Εξωτερικός Χώρος",τραπέζι,,https://eboy.gr/app/uploads/sites/2/2026/05/trapezi-boithitiko-stroggylo-exchoroy-fb-2.webp,,,,,,,,,0,B2BMarkt,ύψος,"53 εκ.",1,1,πλάτος,"47 εκ.",1,1,μήκος,"47 εκ.",1,1,B2BMarkt,76484,5208067208024,"2026-05-10 02:12:00",B2BMarkt,"<ul>
<li>Κατασκευή από αλουμίνιο υψηλής αντοχής για μακροχρόνια χρήση σε εξωτερικό χώρο</li>
<li>Λευκή ηλεκτροστατική βαφή ανθεκτική στις καιρικές συνθήκες</li>
<li>Στρογγυλή επιφάνεια με λεία επεξεργασία για εύκολη καθαριότητα</li>
<li>Σχεδιασμός χωρίς πόδια στο κέντρο για μέγιστη σταθερότητα και προστασία του δαπέδου</li>
<li>Ελαφρύ βάρος που επιτρέπει την εύκολη μετακίνηση και μεταφορά</li>
<li>Αντιδιαβρωτική προστασία αλουμινίου κατά ISO 1456</li>
</ul>"
285099,simple,0509907,5208067203883,"Κρεβάτι Malena",1,0,visible,,"<p>Εμπνευσμένο από την κομψότητα και τη διαχρονική αισθητική, το διπλό κρεβάτι Malena μεταμορφώνει τον προσωπικό σας χώρο σε έναν παράδεισο χαλάρωσης. Με ψηλό κεφαλάρι που συνδυάζει καπιτονέ τεχνοτροπία και υφασμάτινους τρούκς σε απαλό ΜΠΕΖ ανάγλυφο ύφασμα, δημιουργεί μια μοναδική ατμόσφαιρα στο υπνοδωμάτιο.</p> <p>Η ανώτερη ποιότητα κατασκευής εγγυάται μακροχρόνια απόλαυση: ανθεκτικός σκελετός με 3ετή εγγύηση και αντιολισθητική φόδρα κάτω από το στρώμα 150x200 εκ., εξασφαλίζουν έναν ξεκούραστο ύπνο. Το κρεβάτι Malena δεν είναι απλώς ένας χώρος ύπνου - είναι η καρδιά του προσωπικού σας καταφύγιου.</p>",,,taxable,,1,6,,0,0,78.4,205,152,26.5,1,,,"299,92",Υπνοδωμάτιο,κρεβάτι,,https://eboy.gr/app/uploads/sites/2/2026/05/krebati-diplo-fb963832-mpez-yfasma-gia-s.webp,,,,,,,,,0,B2BMarkt,ύψος,"26.5 εκ.",1,1,πλάτος,"152 εκ.",1,1,μήκος,"205 εκ.",1,1,B2BMarkt,76485,5208067203883,"2026-05-10 02:12:37",B2BMarkt,"<ul>
<li>Κατασκευή από ξύλινο σκελετό για αντοχή και σταθερότητα.</li>
<li>Ψηλό καπιτονέ κεφαλάρι με υφασμάτινους τρούκς για διακοσμητική υφή.</li>
<li>Αναλυτικό ανάγλυφο ΜΠΕΖ ύφασμα υψηλής ποιότητας στην επένδυση.</li>
<li>Αντιολισθητική φόδρα κάτω από το στρώμα για ασφάλεια.</li>
<li>Διαμόρφωση συνεχόμενης επιφάνειας τοποθέτησης στρώματος 150x200 εκ.</li>
<li>3-ετή εγγύηση σκελετού που επιβεβαιώνει την αξιοπιστία κατασκευής.</li>
</ul>"
285101,simple,0619016,5208067207980,"Τραπέζι βοηθητικό Mino",1,0,visible,,"<p>Μεταμορφώστε την αυλή, τη βεράντα ή τον επαγγελματικό σας χώρο με το κομψό βοηθητικό τραπεζάκι MINO. Συνδυάζει άριστα τη σύγχρονη αισθητική με την εξαιρετική ανθεκτικότητα, προσφέροντας έναν ιδανικό σύντροφο για τις καθημερινές σας στιγμές έξω.</p> <p>Κατασκευασμένο από υψηλής ποιότητας αλουμίνιο σε εκλεπτυσμένο γκρι χρώμα και σχοινί, το ΜΙΝΟ ξεχωρίζει για την κομψότητά του ενώ παράλληλα είναι εξαιρετικά ανθεκτικό στις καιρικές συνθήκες. Η minimal σχεδίασή του ταιριάζει αρμονικά με κάθε στυλ εξωτερικού χώρου, δημιουργώντας ένα διαχρονικό σημείο αναφοράς που θα αγαπήσετε.</p>",,,taxable,,1,93,,0,0,3.4,20,470,1.5,1,,,"74,9","Κήπος & Εξωτερικός Χώρος",τραπέζι,,https://eboy.gr/app/uploads/sites/2/2026/05/trapezi-boithitiko-exchoroy-fb9643201-al.webp,,,,,,,,,0,B2BMarkt,ύψος,"1.5 εκ.",1,1,πλάτος,"470 εκ.",1,1,μήκος,"20 εκ.",1,1,B2BMarkt,76487,5208067207980,"2026-05-10 02:13:10",B2BMarkt,"<ul>
<li>Κατασκευή από κράμα αλουμινίου υψηλής αντοχής στη διάβρωση και την ηλιακή ακτινοβολία</li>
<li>Γυαλιστερή επιφάνεια γκρι χρώματος με αντοχή στην υγρασία</li>
<li>Ενσωματωμένο χερούλι από ανθεκτικό συνθετικό σχοινί για εύκολη μεταφορά</li>
<li>Αντιολισθητική βάση για ασφάλεια κατά τη χρήση</li>
<li>Ελαφρύ βάρος με ενισχυμένη δομική ακεραιότητα</li>
</ul>"
285103,simple,0619017,5208067208000,"Βοηθητικό τραπέζι χώρου Mino",1,0,visible,,"<p>Ανακαλύψτε το Mino, το ιδανικό βοηθητικό τραπεζάκι για τον εξωτερικό σας χώρο! Μια κομψή προσθήκη που συνδυάζει αρμονικά την minimal αισθητική με την απόλυτη λειτουργικότητα.</p> <p>Κατασκευασμένο από υψηλής ποιότητας αλουμίνιο και σχοινί σε ζεστό καπούτσινου χρώματος, προσφέρει αντοχή και κομψότητα ταυτόχρονα. Ιδανικό τόσο για προσωπικές στιγμές χαλάρωσης στη βεράντα όσο και για επαγγελματικούς χώρους υψηλών προδιαγραφών. Το Mino μεταμορφώνει τον εξωτερικό σας χώρο σε ένα πραγματικά ξεχωριστό σημείο συνάντησης.</p>",,,taxable,,1,95,,0,0,3.4,20,470,1.5,1,,,"74,9","Κήπος & Εξωτερικός Χώρος",τραπέζι,,https://eboy.gr/app/uploads/sites/2/2026/05/trapezi-boithitiko-exchoroy-fb9643203-al.webp,,,,,,,,,0,B2BMarkt,ύψος,"1.5 εκ.",1,1,πλάτος,"470 εκ.",1,1,μήκος,"20 εκ.",1,1,B2BMarkt,76488,5208067208000,"2026-05-10 02:13:43",B2BMarkt,"<ul>
<li>Κατασκευή από κράμα αλουμινίου υψηλής αντοχής</li>
<li>Χρώμα: Καπουτσίνο με ανθεκτική επίστρωση UV προστασίας</li>
<li>Ενσωματωμένη λαβή μεταφοράς από συνθετικό σχοινί στο κέντρο</li>
<li>Αντιδιαβρωτική προστασία για εξωτερική χρήση</li>
<li>Σταθερή στρογγυλή επιφάνεια εργασίας</li>
</ul>"
285105,simple,0619018,5208067207997,"Τραπέζι βοηθητικό χώρου Mino",1,0,visible,,"<!DOCTYPE html> <html lang=""el""> <head> <meta charset=""UTF-8""> <title>Τραπέζι MINO</title> </head> <body> <p>Αναβαθμίστε τον εξωτερικό σας χώρο με το κομψό τραπεζάκι Mino, μια κομψή επιλογή που συνδυάζει τέλεια τη λειτουργικότητα με την αισθητική. Κατασκευασμένο από ανθεκτικό αλουμίνιο σε καθαρό λευκό χρώμα, προσφέρει διαχρονική ομορφιά και αντοχή στις καιρικές συνθήκες.</p> <p>Δημιουργήστε άνετους χώρους χαλάρωσης στη βεράντα ή τον κήπο σας, απολαμβάνοντας στιγμές απόλυτης ηρεμίας. Το Mino είναι η ιδανική επιλογή για όσους αναζητούν την ποιότητα και το στυλ στον εξωτερικό τους χώρο, συνδυάζοντας τέλεια την πρακτικότητα με την κομψότητα.</p> </body> </html>",,,taxable,,1,97,,0,0,3.4,20,470,1.5,1,,,"74,9","Κήπος & Εξωτερικός Χώρος",τραπέζι,,https://eboy.gr/app/uploads/sites/2/2026/05/trapezi-boithitiko-exchoroy-fb9643202-al.webp,,,,,,,,,0,B2BMarkt,ύψος,"1.5 εκ.",1,1,πλάτος,"470 εκ.",1,1,μήκος,"20 εκ.",1,1,B2BMarkt,76489,5208067207997,"2026-05-10 02:14:16",B2BMarkt,"<ul>
<li>Κατασκευή από κράμα αλουμινίου υψηλής αντοχής στη διάβρωση και την υγρασία.</li>
<li>Επίστρωση με ειδική επεξεργασία για προστασία από τις περιβαλλοντικές συνθήκες.</li>
<li>Χερούλι μεταφοράς από συνθετικό σχοινί μπεζ χρώματος, ενσωματωμένο στο κέντρο του τραπεζιού.</li>
<li>Αντιολισθητική επιφάνεια (δεν προσδιορίζεται υλικό).</li>
<li>Σχεδιασμός με κρυφή λαβή μεταφοράς για εύκολη μετακίνηση.</li>
</ul>"
285107,simple,0603326,5208067214940,"Καρέκλα επισκέπτη Trabbel",1,0,visible,,"<!DOCTYPE html> <html lang=""el""> <head> <meta charset=""UTF-8""> <title>Καρέκλα Επισκέπτη Trabbel</title> </head> <body> <p>Αναβαθμίστε την επαγγελματική σας εικόνα με την καρέκλα TRABBEL, το απόλυτο αξεσουάρ για κάθε σύγχρονο γραφείο. Η κομψή σχεδίαση σε μαύρο mesh και μεταλλικά πόδια χρωμίου συνδυάζει αριστοτεχνικά τη λειτουργικότητα με το στυλ.</p> <p>Απολαύστε άνεση που διαρκεί με τον έξυπνο συνδυασμό αεριζόμενου υφάσματος και εργονομικού σχεδιασμού. Ιδανική επιλογή για χώρους όπου η επαγγελματική φήμη συναντά την κομψότητα, η TRABBEL αποτελεί την τέλεια πρόταση φιλοξενίας επισκεπτών που θέλουν να κάνουν τη διαφορά.</p> </body> </html>",,,taxable,,1,198,,0,0,6.166,50,48,82,1,,,"27,9",Γραφείο,καρέκλα,,https://eboy.gr/app/uploads/sites/2/2026/05/karekla-episkepti-fb9121101-mesh-yfasma-.webp,,,,,,,,,0,B2BMarkt,ύψος,"82 εκ.",1,1,πλάτος,"48 εκ.",1,1,μήκος,"50 εκ.",1,1,B2BMarkt,76490,5208067214940,"2026-05-10 02:14:47",B2BMarkt,"<ul>
<li>Κατασκευή από διάτρητο mesh ύφασμα και σκελετό πολυπροπυλενίου μαύρου χρώματος</li>
<li>Μεταλλικά πόδια χρωμίου σε σχήμα ""Π"" για αυξημένη σταθερότητα</li>
<li>Σχεδιασμός που επιτρέπει την κυκλοφορία αέρα για αερισμό του σώματος</li>
<li>Εργονομική υποστήριξη στη μέση κατά το κάθισμα</li>
<li>Φινίρισμα mesh υφάσματος για δροσερή αίσθηση καθ' όλη τη διάρκεια της χρήσης</li>
</ul>"
285109,simple,0603324,5208067214919,"Καρεκλα συνεδριου Deno",1,0,visible,,"<p>Ετοιμαστείτε να αναβαθμίσετε τις επαγγελματικές σας συναντήσεις με την εντυπωσιακή καρέκλα συνεδρίου DENO. Σχεδιασμένη για μέγιστη άνεση και λειτουργικότητα, συνδυάζει άψογα το μοντέρνο στυλ με την πρακτικότητα.</p> <p>Η κομψή μαύρη κατασκευή από mesh υλικό προσφέρει δροσερή αίσθηση κατά τη διάρκεια των μακροχρόνιων συναντήσεων, ενώ η τηλεσκοπική επιφάνεια εργασίας προσαρμόζεται τέλεια στις ανάγκες σας - περιστρέφεται και μετακινείται εύκολα για βέλτιστη εργονομία. Η ενσωματωμένη ποτηροθήκη συμπληρώνει την πρακτικότητα της καρέκλας, διατηρώντας το χώρο σας οργανωμένο.</p> <p>Δημιουργήστε μια αξέχαστη επαγγελματική εικόνα στον χώρο σας με την DENO - την ιδανική επιλογή για κάθε σύγχρονη επιχείρηση που αναζητά ποιότητα και στυλ.</p>",,,taxable,,1,55,,0,0,8,63,65,82,1,,,"49,9",Γραφείο,καρέκλα,,https://eboy.gr/app/uploads/sites/2/2026/05/karekla-synedrioy-ptyssomeni-me-analogio.webp,,,,,,,,,0,B2BMarkt,ύψος,"82 εκ.",1,1,πλάτος,"65 εκ.",1,1,μήκος,"63 εκ.",1,1,B2BMarkt,76491,5208067214919,"2026-05-10 02:15:20",B2BMarkt,"<ul>
  <li>Κατασκευή από μεταλλικό σκελετό ABS υψηλής αντοχής</li>
  <li>Ανατομική πλάτη και κάθισμα με επένδυση mesh μαύρου χρώματος για αερισμό</li>
  <li>Εσωτερική ενίσχυση foam πάχους 4 εκατοστών για άνεση</li>
  <li>Τηλεσκοπικό αναλόγιο με κίνηση σε πολλαπλές κατευθύνσεις</li>
  <li>Συρόμενη ποτηροθήκη με προστασία από διαρροές</li>
  <li>Πτυσσόμενος σχεδιασμός για εύκολη μεταφορά και αποθήκευση</li>
</ul>"
285111,simple,0619014,5208067207935,"Καρεκλα Aluminium Lynn",1,0,visible,,"<!DOCTYPE html> <html lang=""el""> <head> <meta charset=""UTF-8""> </head> <body> <p>Αναβαθμίστε τον εξωτερικό σας χώρο με την καρέκλα Aluminium Lynn - την τέλεια σύνθεση στυλ και άνεσης! Σχεδιασμένη για να αντέχει στον χρόνο, συνδυάζει την κομψότητα του wicker ρατάν σε φυσικό τόνο με τον ανθεκτικό σκελετό αλουμινίου στην απόχρωση καπουτσίνου.</p> <p>Η LYNN προσφέρει μοναδική αισθητική και άνεση. Ιδανική επιλογή για επαγγελματίες που αναζητούν ποιότητα χωρίς συμβιβασμούς, αλλά και για οικιακή χρήση. Η εργονομική της σχεδίαση εξασφαλίζει χαλάρωση, ενώ η ανθεκτική κατασκευή εγγυάται μακροζωία στη φύση. Επιλέξτε την καρέκλα που συνδυάζει την κομψότητα με την πρακτικότητα.</p> </body> </html>",,,taxable,,1,170,,0,0,3.5,62,57,78,1,,,"74,9","Κήπος & Εξωτερικός Χώρος",καρέκλα,,https://eboy.gr/app/uploads/sites/2/2026/05/karekla-aloyminioy-fb9626703-kapoytsino-.webp,,,,,,,,,0,B2BMarkt,ύψος,"78 εκ.",1,1,πλάτος,"57 εκ.",1,1,μήκος,"62 εκ.",1,1,B2BMarkt,76492,5208067207935,"2026-05-10 02:15:53",B2BMarkt,"<ul>
<li>Σκελετός από αλουμίνιο 28x1.5mm με ηλεκτροστατική βαφή για αντοχή στις εξωτερικές συνθήκες</li>
<li>Πλέξη wicker κατασκευασμένη από P.E. Rattan πάχους 7mm σε φυσικό χρώμα</li>
<li>Αντιολισθητικά πλαστικά πέλματα στα πόδια για προστασία δαπέδων</li>
<li>Κυρτή πλάτη και κάθισμα με ρυθμιζόμενο ύψος 46 εκ.</li>
<li>Ανθεκτικό φινίρισμα P.E. Rattan που προσφέρει φυσική αισθητική και αντοχή στη φθορά</li>
<li>Διχτυωτή πλέξη wicker για αερισμό και άνεση</li>
</ul>"
285113,simple,9996370,,"Πολυθρόνα λήμνος Textilene",1,0,visible,,"<p>Ανακαλύψτε την πολυθρόνα Λήμνος, το εμβληματικό κάθισμα που συνδυάζει την κλασική κομψότητα με την απόλυτη άνεση στον εξωτερικό χώρο. Με τη μοναδική της σχεδίαση και άριστη κατασκευή, αποτελεί την ιδανική επιλογή για να απολαύσετε τις καλοκαιρινές σας στιγμές.</p> <p>Χαρακτηρίζεται από την ανθεκτική ξύλινη βάση εμποτισμού σε φυσική απόχρωση, ενώ η υφασμάτινη επένδυση Textilene σε έντονο μπλε χρώμα προσδίδει μια φρέσκια και μοντέρνα αισθητική. Η πολυθρόνα Λήμνος είναι ταυτόχρονα λειτουργική για επαγγελματικούς χώρους και ιδανική για τον προσωπικό σας εξωτερικό χώρο, προσφέροντας άνεση και στυλ χωρίς συμβιβασμούς στην ποιότητα.</p>",,,taxable,,1,26,,0,0,4,54,57,88.5,1,,,"46,08","Κήπος & Εξωτερικός Χώρος",πολυθρόνα,,https://eboy.gr/app/uploads/sites/2/2026/05/polythrona-skinotheti-me-pani-textilene-.webp,,,,,,,,,0,B2BMarkt,ύψος,"88.5 εκ.",1,1,πλάτος,"57 εκ.",1,1,μήκος,"54 εκ.",1,1,B2BMarkt,76493,,"2026-05-10 02:16:26",B2BMarkt,"<ul>
<li>Κατασκευή από ανθεκτικό ξύλο οξιάς εμποτισμού σε φυσική απόχρωση.</li>
<li>Εξωτερική επιφάνεια Textilene μπλε χρώματος, αδιάβροχη και ανθεκτική στην UV ακτινοβολία.</li>
<li>Πτυσσόμενος σχεδιασμός για εύκολη αποθήκευση και μεταφορά (κλείνει στα 24x54x89 εκ).</li>
<li>Ύψος καθίσματος: 49 εκ. από το έδαφος.</li>
<li>Εργονομικά σχεδιασμένα μπράτσα ύψους 69 εκ.</li>
</ul>"
285115,simple,0603327,5208067214964,"Καρέκλα γραφείου Decifer",1,0,visible,,"<!DOCTYPE html> <html lang=""el""> <head> <meta charset=""UTF-8""> </head> <body> <p>Αναβαθμίστε το γραφείο σας με την καρέκλα DECIFER - την απόλυτη επιλογή για όσους αναζητούν συνδυασμό κομψότητας και εργονομικής άνεσης. Η μοντέρνα σχεδίαση σε μαύρη απόχρωση συνδυάζει αριστοτεχνικά λειτουργικότητα και στυλ, δημιουργώντας ένα εντυπωσιακό κέντρο προσοχής στον χώρο εργασίας σας.</p> <p>Κατασκευασμένη με υψηλής ποιότητας υλικά, προσφέρει μοναδική υποστήριξη στη μέση και την πλάτη, ιδανική για μακρές ώρες εργασίας. Η πρωτοποριακή κατασκευή mesh εξασφαλίζει άψογη αερισμό και άνεση που προσαρμόζεται στις κινήσεις σας. Διαμορφώστε το ιδανικό περιβάλλον εργασίας, συνδυάζοντας λειτουργικότητα και αισθητική αριστοτεχνικά.</p> </body> </html>",,,taxable,,1,52,,0,0,13,60,61,110,1,,,"76,9",Γραφείο,καρέκλα,,https://eboy.gr/app/uploads/sites/2/2026/05/karekla-grafeioy-fb9121201-mayro-mesh-ba.webp,,,,,,,,,0,B2BMarkt,ύψος,"110 εκ.",1,1,πλάτος,"61 εκ.",1,1,μήκος,"60 εκ.",1,1,B2BMarkt,76494,5208067214964,"2026-05-10 02:16:58",B2BMarkt,"<ul>
<li>Ύφασμα επένδυσης από premium mesh υψηλής ελαστικότητας και αντοχής</li>
<li>Σκελετός και μπράτσα κατασκευασμένα από ενισχυμένο πολυπροπυλένιο για αντοχή στη χρήση</li>
<li>Μηχανισμός tilt (κλίσης) για ρύθμιση γωνίας καθίσματος 2 κατευθύνσεων</li>
<li>Δίκτυο στο ύφασμα επιτρέπει άριστη κυκλοφορία αέρα, αποτρέποντας την εφίδρωση</li>
<li>Αντιθαμβωτική επεξεργασία επιφάνειας υφάσματος για μείωση αντανακλάσεων</li>
</ul>"
285117,simple,0603325,5208067214933,"Σκαμπό Dromen",1,0,visible,,"<p>Ανακαλύψτε το απόλυτο εργαλείο για τον σύγχρονο επαγγελματικό χώρο. Το σκαμπό DROMEN συνδυάζει την άριστη εργονομία με την κομψή αισθητική, προσφέροντας μια μοναδική εμπειρία εργασίας.</p> <p>Σχεδιασμένο για χώρους που απαιτούν ευελιξία και άνεση, το Dromen προσαρμόζεται εύκολα σε διάφορα ύψη, εξασφαλίζοντας την ιδανική θέση εργασίας ανεξάρτητα από τις συνθήκες του χώρου σας. Η προσεγμένη κατασκευή του και η αναπαυτική του υφή το καθιστούν όχι μόνο λειτουργικό αλλά και ελκυστικό στοιχείο διακόσμησης στο γραφείο σας.</p>",,,taxable,,1,53,,0,0,10,60,48,104,1,,,"59,9",Γραφείο,σκαμπό,,https://eboy.gr/app/uploads/sites/2/2026/05/skampo-me-ypopodio-fb9121001-mayro-yfasm.webp,,,,,,,,,0,B2BMarkt,ύψος,"104 εκ.",1,1,πλάτος,"48 εκ.",1,1,μήκος,"60 εκ.",1,1,B2BMarkt,76495,5208067214933,"2026-05-10 02:17:31",B2BMarkt,"<ul>
<li>Κάλυμμα καθισμάτων και πλάτης από υψηλής αντοχής μαύρο ύφασμα με πυκνή ύφανση για αντοχή στην καθημερινή χρήση.</li>
<li>Ρυθμιζόμενο ύψος καθίσματος 62-88εκ. και συνολικής καρέκλας 104-130εκ. για προσαρμογή σε διαφορετικά επίπεδα εργασίας.</li>
<li>Ενισχυμένο κυκλικό υποπόδιο από πολυπροπυλένιο με ρυθμιζόμενη σταθερότητα ύψους.</li>
<li>Αντιολισθητική επιφάνεια στο υποπόδιο για ασφάλεια κατά τη χρήση.</li>
<li>Σχεδίαση που επιτρέπει την ελευθερία κινήσεων του χρήστη χωρίς περιορισμούς.</li>
</ul>"
285119,simple,0603331,5208067215008,"Καρεκλα γραφειου Taskmaster",1,0,visible,,"<!DOCTYPE html> <html lang=""el""> <head> <meta charset=""UTF-8""> <title>Taskmaster Καρέκλα Γραφείου</title> </head> <body> <p>Ανακαλύψτε την επιτομή της εργονομικής άνεσης με την καρέκλα γραφείου Taskmaster - το απόλυτο σύμμαχο για κάθε απαιτητικό εργασιακό περιβάλλον. Η μοναδική σχεδίαση προσφέρει απόλυτο έλεγχο στην προσαρμογή, αγκαλιάζοντας τις ανάγκες σας.<br><br> Κάθε στιγμή στη δουλειά μετατρέπεται σε εμπειρία κορυφαίας άνεσης χάρη στα εξελιγμένα συστήματα ρύθμισης που προσαρμόζονται στο σώμα σας. Η αισθητική της γραμμή συνδυάζει τον επαγγελματισμό με την καινοτομία, δημιουργώντας ένα εντυπωσιακό οπτικό αποτέλεσμα που αναβαθμίζει κάθε χώρο εργασίας.</p> </body> </html>",,,taxable,,1,44,,0,0,15.8,65,69,125,1,,,"129,9",Γραφείο,καρέκλα,,https://eboy.gr/app/uploads/sites/2/2026/05/karekla-grafeioy-fb9121601-mayro-mesh-ba.webp,,,,,,,,,0,B2BMarkt,ύψος,"125 εκ.",1,1,πλάτος,"69 εκ.",1,1,μήκος,"65 εκ.",1,1,B2BMarkt,76496,5208067215008,"2026-05-10 02:18:02",B2BMarkt,"<ul>
<li>Επένδυση από υψηλής αντοχής μαύρο mesh στην πλάτη με ενσωματωμένο σύστημα αερισμού.</li>
<li>Καθίσματα επενδυμένα με αφρώδες υλικό και mesh για βέλτιστη άνεση και διαπνοή.</li>
<li>Ρυθμιζόμενα μπράτσα PU σε ύψος, βάθος και γωνία 3D για εξατομικευμένη υποστήριξη καρπών και ώμων.</li>
<li>Ανεξάρτητο προσκέφαλο ρυθμιζόμενο ως προς το ύψος και την κλίση.</li>
<li>Κατασκευή με ανθεκτική μεταλλική δομή που υποστηρίζει μέγιστο βάρος 120 kg.</li>
<li>Επιφάνεια mesh υψηλής πυκνότητας στην πλάτη και PU στα μπράτσα για αντοχή στη χρήση.</li>
</ul>"
285121,simple,0603328,5208067214971,"Καρέκλα γραφείου Flexora",1,0,visible,,"<!DOCTYPE html> <html lang=""el""> <head> <meta charset=""UTF-8""> <title>Καρέκλα Γραφείου Flexora</title> </head> <body> <p>Η καρέκλα γραφείου Flexora μεταμορφώνει τον χώρο εργασίας σας σε ένα σύγχρονο και άνετο περιβάλλον. Με την πρωτοποριακή σχεδίαση του σκελετού ""X"" που αγκαλιάζει τη σπονδυλική στήλη, προσφέρει μοναδική στήριξη και άνεση καθ' όλη τη διάρκεια της ημέρας.</p> <p>Σχεδιασμένη με προσοχή στη λεπτομέρεια, συνδυάζει άψογα το στυλ με την ποιότητα, δημιουργώντας μια καρέκλα που δεν είναι απλά ένα έπιπλο - αλλά ο απόλυτος σύμμαχος στην παραγωγικότητα. Η κομψή της εμφάνιση προσαρμόζεται σε κάθε επαγγελματικό χώρο, ενώ η εργονομική της κατασκευή εξασφαλίζει υγιεινή στάση σώματος και μέγιστη ευεξία.</p> </body> </html>",,,taxable,,1,49,,0,0,12.8,63,60,125,1,,,"79,9",Γραφείο,καρέκλα,,https://eboy.gr/app/uploads/sites/2/2026/05/karekla-grafeioy-fb9121301-mayro-mesh-ba.webp,,,,,,,,,0,B2BMarkt,ύψος,"125 εκ.",1,1,πλάτος,"60 εκ.",1,1,μήκος,"63 εκ.",1,1,B2BMarkt,76497,5208067214971,"2026-05-10 02:18:34",B2BMarkt,"<ul>
<li>Σκελετός με δομή ""X"" από ενισχυμένο ατσάλι για αυξημένη σταθερότητα και υποστήριξη της σπονδυλικής στήλης</li>
<li>Επένδυση καθίσματος από ελαστικό mesh (συνδυασμός μαύρου υφάσματος και πλέγματος) για αερισμό και άνεση</li>
<li>Κάθισμα με αφρώδη γέμιση υψηλής πυκνότητας 35 (density) για μακροχρόνια διατήρηση του σχήματος</li>
<li>Ρυθμιζόμενο προσκέφαλο και μπράτσα με ανεξάρτητη κίνηση για εξατομικευμένη υποστήριξη</li>
<li>Μηχανισμός ρύθμισης ύψους καθίσματος με κλειδώματα ασφαλείας</li>
<li>Ελαστικές βάσεις με ρόδες για εύκολη μετακίνηση και σταθερότητα στο έδαφος</li>
</ul>"
285123,simple,0603329,5208067214988,"Καρεγα νοβυς",1,0,visible,,"<p>Εξοπλίστε το γραφείο σας με μια καρέκλα που συνδυάζει στυλ και απόλυτη άνεση! Η NOVUS είναι ο ιδανικός σύντροφος για ατελείωτες ώρες εργασίας, προσφέροντας κορυφαία υποστήριξη και ευεξία. Σχεδιασμένη με προσοχή στη λεπτομέρεια, διαθέτει ανατομική πλάτη mesh που αναπνέει και προσαρμόζεται στο σχήμα του σώματος, ενώ η ενσωματωμένη στήριξη μέσης παρέχει την ιδανική ευθυγράμμιση σπονδυλικής στήλης.</p> <p>Με μοντέρνο σχεδιασμό και υψηλής ποιότητας υλικά, η NOVUS δεν είναι απλά μια καρέκλα γραφείου - είναι ένα έπιπλο που αναβαθμίζει τον επαγγελματικό σας χώρο. Η προσεγμένη της αισθητική ταιριάζει άψογα σε κάθε σύγχρονο περιβάλλον εργασίας, συνδυάζοντας την επαγγελματική εμφάνιση με την απόλυτη εργονομία. Επενδύστε στην υγεία και την παραγωγικότητά σας!</p>",,,taxable,,1,61,,0,0,14,67,72,106,1,,,"99,9",Γραφείο,καρέκλα,,https://eboy.gr/app/uploads/sites/2/2026/05/karekla-grafeioy-fb9121401-mayro-mesh-ma.webp,,,,,,,,,0,B2BMarkt,ύψος,"106 εκ.",1,1,πλάτος,"72 εκ.",1,1,μήκος,"67 εκ.",1,1,B2BMarkt,76498,5208067214988,"2026-05-10 02:19:06",B2BMarkt,"<ul>
<li>Πλάτη από mesh ύφασμα και αφρό υψηλής πυκνότητας 35D για αερισμό και άνετη στήριξη</li>
<li>Ενσωματωμένο σύστημα υποστήριξης μέσης (lumbar support)</li>
<li>Ανεξάρτητο προσκέφαλο για επιπλέον υποστήριξη αυχένα</li>
<li>Κάθισμα με ελαστικό mesh ύφασμα για ευελιξία και άνεση</li>
<li>Μηχανισμός κλειδώματος θέσης 5 σημείων (situ) για ρύθμιση εργονομικής προσαρμογής</li>
<li>Βάση από ανθεκτικό πολυπροπυλένιο 5 ακτίνων με υψηλή αντοχή σε πίεση</li>
</ul>"
285125,simple,0603330,5208067214995,"Καρεκλα γραφειου Moden",1,0,visible,,"<p>Εμπιστευτείτε το μέλλον του εργασιακού σας χώρου με την καρέκλα γραφείου MODEN. Σχεδιασμένη για να μεταμορφώσει την καθημερινή σας εμπειρία, αυτή η executive καρέκλα συνδυάζει αριστοτεχνικά το μοντέρνο design με την απόλυτη άνεση και υποστήριξη.</p> <p>Με την premium κατασκευή της από υψηλής ποιότητας υφάσματα mesh και τις προηγμένες 3D ρυθμίσεις της, κάθε στιγμή εργασίας γίνεται απόλαυση. Η MODEN δεν είναι απλώς μια καρέκλα - είναι ο προσωπικός σας χώρος ευεξίας στο γραφείο. Εντυπωσιακή αισθητική σε μαύρο χρώμα για να αναβαθμίσει το επαγγελματικό σας περιβάλλον, προσφέροντας παράλληλα την ιδανική εργονομική στάση σώματος.</p>",,,taxable,,1,13,,0,0,18,69,68,126,1,,,"199,9",Γραφείο,καρέκλα,,https://eboy.gr/app/uploads/sites/2/2026/05/karekla-grafeioy-fb9121501-mayro-mesh-ba.webp,,,,,,,,,0,B2BMarkt,ύψος,"126 εκ.",1,1,πλάτος,"68 εκ.",1,1,μήκος,"69 εκ.",1,1,B2BMarkt,76499,5208067214995,"2026-05-10 02:19:36",B2BMarkt,"<ul>
<li>Κατασκευή από ανθεκτικό ύφασμα mesh υψηλής ποιότητας για αεριζόμενη υποστήριξη.</li>
<li>Πιστοποίηση BIFMA STANDARD για εγγυημένη αντοχή και ασφάλεια.</li>
<li>Ρυθμιζόμενο ύψος υποστήριξης μέσης για σωστή στάση σπονδυλικής στήλης.</li>
<li>3D ρυθμιζόμενα στοιχεία για εξατομικευμένη εργονομική προσαρμογή.</li>
<li>Imported mesh ύφασμα με βελτιστοποιημένη κυκλοφορία αέρα.</li>
</ul>"
285127,simple,0603294,5208067215152,"Καναπές Nord",1,0,visible,,"<p>Ανακαλύψτε τον καναπέ Nord - την ιδανική επιλογή για το σαλόνι σας! Με κομψό σχεδιασμό που συνδυάζει άνεση και στυλ, ο τριθέσιος καναπές Nord προσφέρει έναν χώρο χαλάρωσης που ξεχωρίζει. Η διακριτική γκρι απόχρωση του ανάγλυφου υφάσματος προσδίδει μια εκλεπτυσμένη ατμόσφαιρα στον εσωτερικό σας χώρο.</p> <p>Η σύγχρονη αισθητική συναντά την πρακτικότητα σε αυτό το αριστούργημα εσωτερικού σχεδιασμού. Δημιουργήστε ένα σημείο αναφοράς στο σαλόνι σας, όπου η ποιότητα και ο μοντέρνος χαρακτήρας συνυπάρχουν αρμονικά. Ιδανικός για καθημερινή χρήση αλλά και ως κεντρικό στοιχείο διακόσμησης, ο καναπές Nord είναι η έξυπνη επιλογή για όσους αναζητούν κάτι ξεχωριστό.</p>",,,taxable,,1,10,,0,0,58,96,230,75,1,,,699,"Σαλόνι & Καθιστικό",καναπές,,https://eboy.gr/app/uploads/sites/2/2026/05/kanapes-3-thesios-fb9332101-gkri-yfasma-.webp,,,,,,,,,0,B2BMarkt,ύψος,"75 εκ.",1,1,πλάτος,"230 εκ.",1,1,μήκος,"96 εκ.",1,1,B2BMarkt,76500,5208067215152,"2026-05-10 02:20:09",B2BMarkt,"<ul>
<li>Κατασκευή από μεταλλικό σκελετό υψηλής αντοχής με ξύλινες ενισχύσεις.</li>
<li>Επένδυση με ανάγλυφο ύφασμα ΓΚΡΙ απόχρωσης, ανθεκτικό στη φθορά.</li>
<li>Διαθέτει δύο αφαιρούμενα διακοσμητικά μαξιλάρια για επιπλέον άνεση και αισθητική.</li>
<li>Ρυθμιζόμενη πλάτη καθίσματος για βέλτιστη υποστήριξη.</li>
<li>Ελάχιστα πόδια στήριξης 3 εκατοστών για ευκολία στον καθαρισμό.</li>
</ul>"
285129,simple,0603296,5208067215176,"Καναπές Nord",1,0,visible,,"<p>O καναπές NORD είναι η ιδανική επιλογή για όσους αναζητούν την τέλεια ισορροπία μεταξύ κομψότητας και άνεσης στον εσωτερικό τους χώρο. Με τον λιτό αλλά εκλεπτυσμένο σχεδιασμό του, μεταμορφώνει κάθε σαλόνι σε έναν μοντέρνο παράδεισο χαλάρωσης.</p> <p>Η απαλή ΑΝΟΙΧΤΗ ΜΠΕΖ απόχρωση του υφάσματος προσδίδει μια αίσθηση φρεσκάδας και διαχρονικότητας στο χώρο σας. Ο καναπές NORD δεν είναι απλά ένα έπιπλο - είναι η καρδιά του σπιτιού όπου οι στιγμές ηρεμίας και φιλοξενίας δημιουργούν αναμνήσεις που διαρκούν.</p>",,,taxable,,1,6,,0,0,58,96,230,75,1,,,699,"Σαλόνι & Καθιστικό",καναπές,,https://eboy.gr/app/uploads/sites/2/2026/05/kanapes-3-thesios-fb9332102-anoichto-mpe.webp,,,,,,,,,0,B2BMarkt,ύψος,"75 εκ.",1,1,πλάτος,"230 εκ.",1,1,μήκος,"96 εκ.",1,1,B2BMarkt,76501,5208067215176,"2026-05-10 02:20:45",B2BMarkt,"<ul>
<li>Κατασκευή από σκελετό υψηλής αντοχής με μεταλλικά στοιχεία</li>
<li>Επένδυση με ανάγλυφο ύφασμα ανοιχτής μπεζ απόχρωσης, ανθεκτικό στη φθορά</li>
<li>Διαθέτει δύο διακοσμητικά μαξιλάρια για επιπλέον άνεση και αισθητική</li>
<li>Πολύ χαμηλά πόδια στήριξης με μοντέρνο σχεδιασμό</li>
<li>Εύκολη συντήρηση υφάσματος λόγω της απαλής υφής του</li>
<li>Ανθεκτικά μπράτσα ύψους 68 εκ. με εργονομικό σχεδιασμό</li>
</ul>"
285131,simple,0603295,5208067215169,"Καναπές Nord",1,0,visible,,"<p>Ανακαλύψτε τον καναπέ NORD, μια κομψή προσθήκη στον εσωτερικό σας χώρο. Με την κομψότητα που προσφέρει ο λιτός του σχεδιασμός και την άνεση των ποιοτικών υλικών του, αποτελεί ιδανική επιλογή για σύγχρονους χώρους. Το ανάγλυφο γκρι ύφασμα συνδυάζει αρμονικά μοντέρνα αισθητική με διαχρονική κομψότητα, προσαρμόζοντας εύκολα κάθε διακοσμητικό στυλ.</p> <p>Δημιουργήστε το ιδανικό σημείο χαλάρωσης στον χώρο σας, επιλέγοντας τον NORD είτε ως κύριο καναπέ είτε ως συμπληρωματικό στοιχείο σε ένα σετ σαλονιού. Η μοναδική ισορροπία μεταξύ αισθητικής και άνεσης που προσφέρει, τον καθιστά απαραίτητο για όσους αναζητούν την ποιότητα στη διακόσμηση του σπιτιού τους.</p>",,,taxable,,1,5,,0,0,47,91,170,75,1,,,599,"Σαλόνι & Καθιστικό",καναπές,,https://eboy.gr/app/uploads/sites/2/2026/05/kanapes-2-thesios-fb9332201-gkri-yfasma-.webp,,,,,,,,,0,B2BMarkt,ύψος,"75 εκ.",1,1,πλάτος,"170 εκ.",1,1,μήκος,"91 εκ.",1,1,B2BMarkt,76502,5208067215169,"2026-05-10 02:21:18",B2BMarkt,"<ul>
<li>Κατασκευή από μεταλλικό σκελετό υψηλής αντοχής με πολύ χαμηλά πόδια</li>
<li>Επένδυση με ανάγλυφο ύφασμα ΓΚΡΙ χρώματος, ανθεκτικό στην καθημερινή χρήση</li>
<li>2 μαξιλάρια καθίσματος για επιπλέον άνεση και διακοσμητική ενίσχυση</li>
<li>Σχεδιασμός 2 θέσεων με συμπαγείς διαστάσεις για βέλτιστη αξιοποίηση χώρου</li>
<li>Εύκολος καθαρισμός με ηλεκτρική σκούπα (μη υφασμάτινες επιφάνειες)</li>
</ul>"
285133,simple,0603297,5208067215183,"Καναπές Nord",1,0,visible,,"<p>Ανακαλύψτε τον καναπέ NORD, την ιδανική επιλογή για το καθιστικό σας που συνδυάζει άψογα τη μοντέρνα αισθητική με την απόλυτη άνεση. Με λιτή σχεδίαση και καθαρές γραμμές, δημιουργεί μια αρμονική ατμόσφαιρα στον χώρο σας, ενώ τα πολύ χαμηλά του πόδια προσθέτουν μια νότα κομψότητας.</p> <p>Η ΑΝΟΙΧΤΗ ΜΠΕΖ απόχρωση με ανάγλυφο ύφασμα προσδίδει μια εκλεπτυσμένη εμφάνιση που προσαρμόζεται σε κάθε στυλ διακόσμησης. Ο καναπές NORD δεν είναι απλά ένα έπιπλο - είναι η επιλογή για όσους αναζητούν την τέλεια ισορροπία μεταξύ αισθητικής και πρακτικότητας στον εσωτερικό τους χώρο.</p>",,,taxable,,1,4,,0,0,47,91,170,75,1,,,599,"Σαλόνι & Καθιστικό",καναπές,,https://eboy.gr/app/uploads/sites/2/2026/05/kanapes-2-thesios-fb9332202-anoichto-mpe.webp,,,,,,,,,0,B2BMarkt,ύψος,"75 εκ.",1,1,πλάτος,"170 εκ.",1,1,μήκος,"91 εκ.",1,1,B2BMarkt,76503,5208067215183,"2026-05-10 02:21:50",B2BMarkt,"<ul>
<li>Κατασκευή από μεταλλικό σκελετό υψηλής αντοχής με πολύ χαμηλά πόδια</li>
<li>Επένδυση με ποιοτικό ανάγλυφο ύφασμα ανοιχτού μπεζ χρώματος ανθεκτικό στη φθορά</li>
<li>Σχεδιασμός για 2 άτομα με συμπαγείς διαστάσεις</li>
<li>Περιλαμβάνει δύο διακοσμητικά μαξιλάρια προστιθέμενης άνεσης</li>
<li>Εύκολος καθαρισμός υφάσματος</li>
</ul>"
285135,simple,0603308,5208067215374,"Καναπές Arctis",1,0,visible,,"<p>Ανακαλύψτε την τέχνη του μοντέρνου σχεδιασμού με τον καναπέ ARCTIS. Ένας τριθέσιος θησαυρός που μεταμορφώνει τον προσωπικό σας χώρο σε σημείο αναφοράς της σύγχρονης αισθητικής. Η μοναδική σύνθεση των καμπυλωτών γραμμών και η διακριτική ανάγλυφη γκρι απόχρωση δημιουργούν ένα κομψό σύνολο που προσδίδει κύρος στο σαλόνι σας.</p> <p>Αφήστε τον εαυτό σας να χαλαρώσει στην άνετη αγκαλιά του ARCTIS, όπου η ποιότητα συναντά την απλότητα. Ιδανικός για στιγμές χαλάρωσης με οικογένεια ή φίλους, ο καναπές αυτός γίνεται το επίκεντρο κάθε συνάντησης, συνδυάζοντας άψογα λειτουργικότητα και στυλ σε ένα άρτιο αποτέλεσμα.</p>",,,taxable,,1,9,,0,0,68,88,229,88,1,,,699,"Σαλόνι & Καθιστικό",καναπές,,https://eboy.gr/app/uploads/sites/2/2026/05/kanapes-3-thesios-fb9332701-gkri-yfasma-.webp,,,,,,,,,0,B2BMarkt,ύψος,"88 εκ.",1,1,πλάτος,"229 εκ.",1,1,μήκος,"88 εκ.",1,1,B2BMarkt,76504,5208067215374,"2026-05-10 02:22:24",B2BMarkt,"<ul>
<li>Κατασκευή από σκελετό αλουμινίου υψηλής αντοχής.</li>
<li>Ύφασμα γκρι με ανάγλυφη υφή, ανθεκτικό στην καθημερινή χρήση.</li>
<li>Ενιαία πλάτη και μπράτσα σε οργανικό καμπύλο σχεδιασμό.</li>
<li>Πολύ χαμηλά μαύρα πόδια για χαμηλό προφίλ και σταθερότητα.</li>
<li>Περιλαμβάνει 2 διακοσμητικά μαξιλαράκια από το ίδιο ύφασμα.</li>
<li>Εύκολη συντήρηση υφάσματος με δυνατότητα καθαρισμού.</li>
</ul>"
285137,simple,0603310,5208067215398,"Καναπές Arctis",1,0,visible,,"<p>Εμπνευσμένος από τη σύγχρονη αισθητική, ο καναπές ARCTIS έρχεται να κατακτήσει τον χώρο σας. Με την κομψή, minimal σχεδίασή του και τις κομψές οργανικές γραμμές, δημιουργεί μια ατμόσφαιρα χαλάρωσης και πολυτέλειας στο σαλόνι σας.</p> <p>Το ανοιχτό μπεζ ύφασμα με την ιδιαίτερη ανάγλυφη υφή του όχι μόνο προσδίδει μοναδικό στυλ αλλά προσφέρει και εξαιρετική άνεση. Ο καναπές αγκαλιάζει το σώμα, δημιουργώντας τον ιδανικό χώρο για χαλάρωση μετά από μια απαιτητική μέρα. Η επιλογή αυτή θα αποτελέσει σίγουρα το επίκεντρο κάθε σύγχρονου σπιτιού, συνδυάζοντας την αισθητική αρτιότητα με την ποιοτική κατασκευή.</p>",,,taxable,,1,8,,0,0,68,88,229,88,1,,,699,"Σαλόνι & Καθιστικό",καναπές,,https://eboy.gr/app/uploads/sites/2/2026/05/kanapes-3-thesios-fb9332702-anoichto-mpe.webp,,,,,,,,,0,B2BMarkt,ύψος,"88 εκ.",1,1,πλάτος,"229 εκ.",1,1,μήκος,"88 εκ.",1,1,B2BMarkt,76505,5208067215398,"2026-05-10 02:22:57",B2BMarkt,"<ul>
<li>Κατασκευή από σκελετό αλουμινίου υψηλής αντοχής.</li>
<li>Ύφασμα επένδυσης: ανοιχτό μπεζ, ανάγλυφο, ανθεκτικό στην τριβή με καλή αντοχή στο πλύσιμο.</li>
<li>Ενσωματωμένα μπράτσα με καμπύλο σχεδιασμό που αποτελούν ενιαίο κομμάτι με την πλάτη.</li>
<li>Διαθέτει πολύ χαμηλά μαύρα πόδια για χαμηλό προφίλ και σταθερότητα.</li>
<li>Περιλαμβάνονται 2 διακοσμητικά μαξιλαράκια από το ίδιο ύφασμα ως αξεσουάρ.</li>
<li>Ενιαία σχεδίαση πλάτης που προσφέρει στήριξη και άνεση.</li>
</ul>"
285139,simple,0603309,5208067215381,"Καναπές Arctis",1,0,visible,,"<!DOCTYPE html> <html lang=""el""> <head> <meta charset=""UTF-8""> </head> <body> <p>O καναπές ARCTIS είναι το απόλυτο σημείο αναφοράς για όσους αναζητούν κομψότητα και άνεση στο σαλόνι τους. Με την κομψή, μινιμαλιστική του γραμμή και τις διακριτικές οργανικές καμπύλες, μεταμορφώνει τον χώρο σας σε ένα καταφύγιο χαλάρωσης.</p> <p>Η ειδική επεξεργασία του γκρι υφάσματος με ανάγλυφη υφή δημιουργεί μια πολυτελή επιφάνεια που τραβά τα βλέμματα, ενώ παράλληλα προσφέρει εξαιρετική αίσθηση στο άγγιγμα. Ο ARCTIS δεν είναι απλά ένας καναπές - είναι η καρδιά του σύγχρονου σπιτιού, συνδυάζοντας άψογα λειτουργικότητα και αισθητική σε ένα διαχρονικό κομμάτι.</p> </body> </html>",,,taxable,,1,5,,0,0,57,88,169,88,1,,,580,"Σαλόνι & Καθιστικό",καναπές,,https://eboy.gr/app/uploads/sites/2/2026/05/kanapes-2-thesios-fb9332801-gkri-yfasma-.webp,,,,,,,,,0,B2BMarkt,ύψος,"88 εκ.",1,1,πλάτος,"169 εκ.",1,1,μήκος,"88 εκ.",1,1,B2BMarkt,76506,5208067215381,"2026-05-10 02:23:32",B2BMarkt,"<ul>
<li>Κατασκευή από ανθεκτικό μεταλλικό σκελετό με επιχρωμίωση για αυξημένη αντοχή στη φθορά</li>
<li>Ύφασμα υψηλής πυκνότητας με ανάγλυφη υφή γκρι απόχρωσης 1200g/m²</li>
<li>Ενσωματωμένο σύστημα στήριξης που επιτρέπει την εύκολη συναρμολόγηση και μετακίνηση</li>
<li>Εσωτερική ελαστική ενίσχυση στους συνδέσμους για αυξημένη ανθεκτικότητα στη χρήση</li>
<li>Διαθέσιμη επένδυση με αφαιρούμενα μαξιλάρια (2 τεμάχια) για εύκολο καθαρισμό</li>
<li>Αντιολισθητικά πόδια χαμηλού προφίλ από συνθετικό υλικό υψηλής ποιότητας</li>
</ul>"
285141,simple,0603311,5208067215404,"Καναπές Arctis",1,0,visible,,"<!DOCTYPE html> <html lang=""el""> <head> <meta charset=""UTF-8""> <title>Καναπές ARCTIS</title> <style> body { font-family: 'Segoe UI', Arial, sans-serif; } h1 { color: #2c3e50; } </style> </head> <body> <p>Ο καναπές ARCTIS είναι η κομψή επιλογή για όσους αναζητούν την τέλεια σύνθεση στυλ και άνεσης. Με τη μοναδική του σχεδίαση που συνδυάζει καμπύλες γραμμές και ανάγλυφο ανοιχτό μπεζ ύφασμα, μεταμορφώνει κάθε χώρο σε σημείο αναφοράς. Η απαλή υφή και τα φυσικά χαρακτηριστικά του δημιουργούν ένα ήρεμο περιβάλλον, ιδανικό για χαλάρωση.</p> <p>Απολαύστε την ποιότητα ενός σύγχρονου επίπλου που γίνεται το επίκεντρο του σπιτιού σας. Ο καναπές ARCTIS δεν είναι απλώς μία επιλογή - είναι μια εμπειρία άνεσης και κομψότητας που παραμένει αξεπέραστη στον χρόνο.</p> </body> </html>",,,taxable,,1,4,,0,0,57,88,169,88,1,,,580,"Σαλόνι & Καθιστικό",καναπές,,https://eboy.gr/app/uploads/sites/2/2026/05/kanapes-2-thesios-fb9332802-anoichto-mpe.webp,,,,,,,,,0,B2BMarkt,ύψος,"88 εκ.",1,1,πλάτος,"169 εκ.",1,1,μήκος,"88 εκ.",1,1,B2BMarkt,76507,5208067215404,"2026-05-10 02:24:05",B2BMarkt,"<ul>
<li>Κατασκευή από ανθεκτικό μεταλλικό σκελετό με επιχρύσωση για αυξημένη αντοχή</li>
<li>Ύφασμα υψηλής πυκνότητας ανοιχτού μπεζ χρώματος με ανάγλυφη υφή για βελτιωμένη αισθητική και αντοχή στη χρήση</li>
<li>Ενσωματωμένο σύστημα στήριξης που επιτρέπει την εύκολη συναρμολόγηση χωρίς εργαλεία</li>
<li>Εργονομική ενιαία πλάτη με ενσωματωμένα καμπύλα μπράτσα για μέγιστη άνεση</li>
<li>Αντιολισθητικά, χαμηλά μαύρα πόδια από ενισχυμένο πλαστικό για σταθερότητα και προστασία του δαπέδου</li>
</ul>"
285143,simple,0613275,5208067209717,"Σαλόνι Stern",1,0,visible,,"<p>Μεταφέρετε την άνεση του σπιτιού στον εξωτερικό σας χώρο με το εκπληκτικό σετ σαλονιού STERN! Δημιουργήστε έναν κομψό και φιλόξενο χώρο για στιγμές χαλάρωσης, συνδυάζοντας στυλ και ανθεκτικότητα. Το μοντέρνο design σε γκρι/φυσική απόχρωση εναρμονίζεται αρμονικά με κάθε περιβάλλον, ενώ η κατασκευή από υψηλής ποιότητας wicker και αλουμίνιο εξασφαλίζει μακροχρόνια χρήση.</p> <p>Αφήστε το σετ να γίνει το επίκεντρο του κήπου ή της βεράντας σας, προσφέροντας στιγμές απόλαυσης για εσάς και τους καλεσμένους σας. Ιδανικό για χαλάρωση μετά το ηλιοβασίλεμα ή για ευχάριστες βραδιές με φίλους, το STERN σαλόνι είναι η τέλεια επιλογή για όσους αναζητούν την απόλυτη ισορροπία μεταξύ ποιότητας και αισθητικής στον εξωτερικό τους χώρο.</p>",,,taxable,,1,20,,0,0,74,81.5,79,80,1,,,1299,"Κήπος & Εξωτερικός Χώρος",τραπέζι,,https://eboy.gr/app/uploads/sites/2/2026/05/set-saloni-5tmch-fb9655501-gkri-aloymini.webp,,,,,,,,,0,B2BMarkt,ύψος,"80 εκ.",1,1,πλάτος,"79 εκ.",1,1,μήκος,"81.5 εκ.",1,1,B2BMarkt,76508,5208067209717,"2026-05-10 02:24:37",B2BMarkt,"<ul>
<li>Σκελετός από ανοδιωμένο αλουμίνιο σε γκρι χρώμα για υψηλή αντοχή στη διάβρωση και το χρόνο.</li>
<li>Επένδυση με wicker υψηλής πυκνότητας για φυσική όψη και εξαιρετική ανθεκτικότητα στις καιρικές συνθήκες.</li>
<li>Μαξιλάρια με γέμιση foam και κάλυμμα OLEFIN γκρι χρώματος, αφαιρούμενα με φερμουάρ, για εύκολο καθαρισμό.</li>
<li>Επιφάνειες τραπεζιών από αλουμίνιο με αντιχαρακτική προστασία για αντοχή στη χρήση.</li>
<li>Ανθεκτικό στις καιρικές συνθήκες (UV & υγρασία) λόγω των ειδικών επεξεργασιών των υλικών.</li>
</ul>"
285145,simple,0613276,5208067209700,"Σαλόνι Stern",1,0,visible,,"<!DOCTYPE html> <html lang=""el""> <head> <meta charset=""UTF-8""> </head> <body> <p>Μεταμορφώστε τον εξωτερικό σας χώρο σε ένα κομψό καταφύγιο χαλάρωσης με το σαλόνι STERN. Ένα ολοκληρωμένο σετ 5 τεμαχίων, σχεδιασμένο για ατελείωτες στιγμές ξεγνοιασιάς στη φύση. Η αρμονία μεταξύ μοντέρνας αισθητικής και ανθεκτικής κατασκευής το καθιστά την ιδανική επιλογή για κάθε εποχή.</p> <p>Απολαύστε την άνεση του ανοιχτού μπεζ χρώματος σε συνδυασμό με τη φυσική όψη του wicker, δημιουργώντας μια ζεστή ατμόσφαιρα στον κήπο ή τη βεράντα σας. Το σετ περιλαμβάνει όλα τα απαραίτητα στοιχεία για να μεταμορφώσετε τον εξωτερικό σας χώρο σε ένα σύγχρονο σαλόνι.</p> </body> </html>",,,taxable,,1,16,,0,0,74,81.5,79,80,1,,,1299,"Κήπος & Εξωτερικός Χώρος",τραπέζι,,https://eboy.gr/app/uploads/sites/2/2026/05/set-saloni-5tmch-fb9655502-anoichto-mpez.webp,,,,,,,,,0,B2BMarkt,ύψος,"80 εκ.",1,1,πλάτος,"79 εκ.",1,1,μήκος,"81.5 εκ.",1,1,B2BMarkt,76509,5208067209700,"2026-05-10 02:25:12",B2BMarkt,"<ul>
<li>Σκελετός από αλουμίνιο σε ανοιχτή μπεζ απόχρωση με υψηλή αντοχή στη διάβρωση</li>
<li>Επένδυση με wicker υψηλής πυκνότητας για φυσική υφή και ανθεκτικότητα στην υγρασία</li>
<li>Επιφάνειες τραπεζιών από αλουμίνιο με προστασία UV για μακροχρόνια αντοχή στον ήλιο</li>
<li>Μαξιλάρια με ύφασμα Olefin αδιάβροχο και ανθεκτικό στους λεκέδες</li>
<li>Αφαιρούμενα καλύμματα με φερμουάρ για εύκολο καθαρισμό</li>
</ul>"
285147,simple,0613277,5208067209724,"Πολυθρόνα Boxer",1,0,visible,,"<!DOCTYPE html> <html lang=""el""> <head> <meta charset=""UTF-8""> <title>Πολυθρόνα Boxer</title> </head> <body> <p>Αναβαθμίστε το εξωτερικό σας χώρο με την πολυθρόνα BOXER, τον τέλειο συνδυασμό στυλ και άνεσης. Η αρμονική σύνθεση του ανθεκτικού σκελετού από αλουμίνιο σε μπεζ απόχρωση με την ποιοτική πλέξη twist wicker δημιουργεί ένα μοναδικό κομμάτι που συνδυάζει αρμονικά industrial αισθητική με boho κομψότητα.</p> <p>Απολαύστε τις χαλαρωτικές στιγμές σας, απολαμβάνοντας την ποιότητα και την αντοχή της BOXER. Ιδανική για τους λάτρεις του μοντέρνου σχεδιασμού που αναζητούν διαχρονική κομψότητα στον εξωτερικό τους χώρο.</p> </body> </html>",,,taxable,,1,47,,0,0,6.9,60,58,80,1,,,"139,9","Κήπος & Εξωτερικός Χώρος",πολυθρόνα,,https://eboy.gr/app/uploads/sites/2/2026/05/polythrona-fb9655602-aloyminio-olefin-mp.webp,,,,,,,,,0,B2BMarkt,ύψος,"80 εκ.",1,1,πλάτος,"58 εκ.",1,1,μήκος,"60 εκ.",1,1,B2BMarkt,76510,5208067209724,"2026-05-10 02:25:46",B2BMarkt,"<ul>
<li>Σκελετός από αλουμίνιο υψηλής αντοχής για προστασία από τις καιρικές συνθήκες και τη διάβρωση.</li>
<li>Πλέξη wicker twist 7mm με χειροποίητη επεξεργασία για μοναδική υφή και αντοχή στην έκθεση στο εξωτερικό περιβάλλον.</li>
<li>Μαξιλάρια καθίσματος και πλάτης με ύφασμα OLEFIN 100% (370g/m2) ανθεκτικό στις καιρικές συνθήκες, αφαιρούμενα με φερμουάρ.</li>
<li>Μοντέρνο industrial design με ενιαία πλάτη και μπράτσα από wicker σε φυσική απόχρωση.</li>
<li>Επιφάνεια που συνδυάζει το φυσικό χρώμα του wicker με την απόχρωση μπεζ του αλουμινίου για διαχρονικό αποτέλεσμα.</li>
</ul>"
285149,simple,0613278,5208067209748,"Πολυθρόνα Boxer",1,0,visible,,"<!DOCTYPE html> <html lang=""el""> <head> <meta charset=""UTF-8""> <title>Πολυθρόνα Boxer</title> </head> <body> <p>Μεταμορφώστε τον εξωτερικό σας χώρο με την πολυθρόνα BOXER, το απόλυτο must-have για κάθε λάτρη της άνεσης και του στυλ! Συνδυάζει αρμονικά τη βιομηχανική κομψότητα με τη φυσική ομορφιά, δημιουργώντας ένα ξεχωριστό σημείο χαλάρωσης.</p> <p>Ο σκελετός από ανθεκτικό αλουμίνιο σε ανθρακί τόνο συναντά την υψηλής ποιότητας πλέξη twist wicker σε ζεστή φυσική απόχρωση, προσφέροντας όχι μόνο εντυπωσιακή αισθητική αλλά και απαράμιλλη αντοχή στις καιρικές συνθήκες. Απολαύστε στιγμές απόλυτης χαλάρωσης στον κήπο ή τη βεράντα σας, με μια πολυθρόνα που συνδυάζει λειτουργικότητα και design σε απόλυτη αρμονία.</p> </body> </html>",,,taxable,,1,98,,0,0,6.9,60,58,80,1,,,"139,9","Κήπος & Εξωτερικός Χώρος",πολυθρόνα,,https://eboy.gr/app/uploads/sites/2/2026/05/polythrona-fb9655601-aloyminio-olefin-gk.webp,,,,,,,,,0,B2BMarkt,ύψος,"80 εκ.",1,1,πλάτος,"58 εκ.",1,1,μήκος,"60 εκ.",1,1,B2BMarkt,76511,5208067209748,"2026-05-10 02:26:22",B2BMarkt,"<ul>
<li>Σκελετός από αλουμίνιο υψηλής αντοχής με προστασία έναντι της διάβρωσης</li>
<li>Πλέξη twist wicker 7mm σε φυσική απόχρωση για εξωτερική χρήση</li>
<li>Ενιαία πλάτη και μπράτσα κατασκευασμένα χειροποίητα από ανθεκτικό wicker</li>
<li>Ανατομικά μαξιλάρια με ύφασμα OLEFIN 100% (230g/m2) αδιάβροχο και ανθεκτικό στις καιρικές συνθήκες, αφαιρούμενα με φερμουάρ</li>
<li>Ανθρακί γκρι φινίρισμα στον σκελετό που συνδυάζεται αρμονικά με τη φυσική απόχρωση του wicker</li>
</ul>"
285151,simple,0613279,5208067209779,"Τραπέζι σαλονιού Stad",1,0,visible,,"<!DOCTYPE html> <html lang=""el""> <head> <meta charset=""UTF-8""> </head> <body> <p>Μεταμορφώστε τον εξωτερικό σας χώρο με το μοντέρνο τραπέζι Stad - την ιδανική επιλογή για στιγμές χαλάρωσης με φίλους και οικογένεια. Με χωρητικότητα 6-8 ατόμων, συνδυάζει άψογα την λειτουργικότητα με την κομψότητα.</p> <p>Κατασκευασμένο από ανθεκτικό αλουμίνιο σε σκούρο γκρι χρώμα, προσφέρει στιβαρή κατασκευή που αντέχει στις καιρικές συνθήκες. Η επιφάνεια από sintered stone εγγυάται μακροζωία και αντοχή στη θερμότητα και τις γρατζουνιές, διατηρώντας πάντα τη λαμπερή της όψη. Ιδανικό για κήπους, βεράντες και patio, το Stad ξεχωρίζει με την minimal αισθητική του και την υψηλή ποιότητα κατασκευής.</p> </body> </html>",,,taxable,,1,44,,0,0,58.3,90,180,74,1,,,399,"Κήπος & Εξωτερικός Χώρος",τραπέζι,,https://eboy.gr/app/uploads/sites/2/2026/05/trapezi-trapezarias-fb9655701-gkri-aloym.webp,,,,,,,,,0,B2BMarkt,ύψος,"74 εκ.",1,1,πλάτος,"180 εκ.",1,1,μήκος,"90 εκ.",1,1,B2BMarkt,76512,5208067209779,"2026-05-10 02:26:55",B2BMarkt,"<ul>
<li>Σκελετός και πόδια από ανθεκτικό αλουμίνιο σε σκούρο γκρι χρώμα με αντιδιαβρωτική προστασία.</li>
<li>Επιφάνεια κατασκευασμένη από sintered stone υψηλής αντοχής σε καιρικές συνθήκες, γρατζουνιές και θερμότητα.</li>
<li>Κατάλληλο για εξωτερική χρήση σε κήπους, βεράντες ή patio.</li>
<li>Σχεδιασμένο για 6-8 άτομα με επιφάνεια τραπεζιού.</li>
<li>Μινιμαλιστικό design με έμφαση στην αισθητική του εξωτερικού χώρου.</li>
</ul>"
285153,simple,0613280,5208067209762,"Τραπέζι σαλονιού Stad",1,0,visible,,"<!DOCTYPE html> <html lang=""el""> <head> <meta charset=""UTF-8""> <title>Τραπέζι Stad - Έπιπλο Εξωτερικού Χώρου</title> </head> <body> <p>Μεταμορφώστε τον εξωτερικό σας χώρο με το εντυπωσιακό τραπέζι Stad, την τέλεια επιλογή για στιγμές χαλάρωσης με φίλους και οικογένεια. Ο μοντέρνος σχεδιασμός του με σκελετό από αλουμίνιο σε απόχρωση μπεζ προσδίδει αισθητική κομψότητα στον κήπο ή τη βεράντα σας.</p> <p>Εξοπλισμένο με επιφάνεια υψηλής αντοχής από sintered stone σε λευκό χρώμα, το τραπέζι Stad αντέχει στις καιρικές συνθήκες και προσφέρει προστασία από θερμότητα. Ιδανικό για καθημερινές απολαύσεις, συνδυάζοντας στυλ, ποιότητα κατασκευής και ανθεκτικότητα στη χρήση. Μια κομψή προσθήκη που θα αναβαθμίσει τον εξωτερικό σας χώρο.</p> </body> </html>",,,taxable,,1,26,,0,0,58.3,90,180,74,1,,,399,"Κήπος & Εξωτερικός Χώρος",τραπέζι,,https://eboy.gr/app/uploads/sites/2/2026/05/trapezi-trapezarias-fb9655702-mpez-aloym.webp,,,,,,,,,0,B2BMarkt,ύψος,"74 εκ.",1,1,πλάτος,"180 εκ.",1,1,μήκος,"90 εκ.",1,1,B2BMarkt,76513,5208067209762,"2026-05-10 02:27:26",B2BMarkt,"<ul>
<li>Σκελετός και πόδια κατασκευασμένα από ανθεκτικό αλουμίνιο σε μπεζ χρώμα, με αντιδιαβρωτικές ιδιότητες.</li>
<li>Επιφάνεια από sintered stone υψηλής αντοχής σε καιρικές συνθήκες, γρατζουνιές και θερμότητα (λευκό χρώμα).</li>
<li>Κατάλληλο για εξωτερική χρήση σε κήπο, βεράντα ή patio.</li>
<li>Σχεδιασμός κατάλληλος για 6-8 άτομα.</li>
<li>Ανθεκτική κατασκευή με ενισχυμένα πόδια από αλουμίνιο (173x83 εκ. απόσταση) για μέγιστη σταθερότητα.</li>
</ul>"
285155,simple,0613282,5208067209793,"Τραπέζι σαλονιού Stad",1,0,visible,,"<p>Το τραπέζι σαλονιού Stad αποτελεί την τέλεια επιλογή για όσους αναζητούν κομψότητα και ανθεκτικότητα στον εξωτερικό τους χώρο. Με δυναμικότητα 8 ατόμων, συνδυάζει άψογα τη λειτουργικότητα με το μοντέρνο design. Η ιδιαίτερη αισθητική του προκύπτει από τον συνδυασμό αλουμινένιου σκελετού σε σκούρα απόχρωση γκρι και της ανθεκτικής επιφάνειας από sintered stone στο ίδιο χρώμα.</p> <p>Απολαύστε γεύματα και στιγμές χαλάρωσης στον κήπο ή στη βεράντα σας, καθώς το Stad διαθέτει όλα τα απαραίτητα χαρακτηριστικά για μακροχρόνια χρήση: αντοχή στις καιρικές συνθήκες, προστασία από γρατζουνιές και υψηλές θερμοκρασίες. Μια αυθεντική προσθήκη που αναβαθμίζει κάθε εξωτερικό χώρο με την κομψότητά του.</p>",,,taxable,,1,45,,0,0,76.3,100,220,74,1,,,499,"Κήπος & Εξωτερικός Χώρος",τραπέζι,,https://eboy.gr/app/uploads/sites/2/2026/05/trapezi-trapezarias-fb9655801-gkri-aloym.webp,,,,,,,,,0,B2BMarkt,ύψος,"74 εκ.",1,1,πλάτος,"220 εκ.",1,1,μήκος,"100 εκ.",1,1,B2BMarkt,76514,5208067209793,"2026-05-10 02:27:56",B2BMarkt,"<ul>
<li>Σκελετός και πόδια από αλουμίνιο σκούρου γκρι χρώματος με αντιδιαβρωτική προστασία</li>
<li>Επιφάνεια κατασκευασμένη από sintered stone υψηλής αντοχής σε καιρικές συνθήκες, γρατζουνιές και θερμότητα</li>
<li>Ανθεκτικότητα στην ανακύκλωση του υλικού κατασκευής λόγω της χρήσης αλουμινίου</li>
<li>Κατάλληλο για εξωτερική χρήση με πιστοποίηση για έκθεση σε εξωτερικούς χώρους</li>
<li>Σχεδιασμός με μεγάλη σταθερότητα χάρη στο σύστημα ποδιών (213x93 εκ.)</li>
<li>Ελάχιστη συντήρηση απαιτούμενη λόγω της ανθεκτικής επιφάνειας sintered stone</li>
</ul>"
285157,simple,0613281,5208067209786,"Τραπέζι σαλονιού Stad",1,0,visible,,"<!DOCTYPE html> <html lang=""el""> <head> <meta charset=""UTF-8""> <title>Τραπέζι σαλονιού Stad</title> <style> h1 {color: #21467f; text-align:center;} p {font-size: 18px; line-height: 1.4} </style> </head> <body> <p>Εμπλουτίστε το σαλόνι του κήπου σας με το εντυπωσιακό τραπέζι Stad, σχεδιασμένο για να χαρίζει κομψότητα και άνεση στους καλοκαιρινούς μήνες. Συνδυάζοντας την ανθεκτικότητα με τη μοντέρνα αισθητική, αυτό το τραπέζι αποτελεί την ιδανική επιλογή για στιγμές με φίλους ή οικογενειακές συγκεντρώσεις στον εξωτερικό χώρο.<br />Η μινιμαλιστική του γραμμή σε συνδυασμό με την εξαιρετική ποιότητα κατασκευής από αλουμίνιο και sintered stone, εξασφαλίζει μακροχρόνια χρήση και απαράμιλλη αντοχή στις καιρικές συνθήκες. Δημιουργήστε έναν αρμονικό και πολυτελή χώρο που συνδυάζει λειτουργικότητα και στυλ.</p> </body> </html>",,,taxable,,1,27,,0,0,76.3,100,220,74,1,,,499,"Κήπος & Εξωτερικός Χώρος",τραπέζι,,https://eboy.gr/app/uploads/sites/2/2026/05/trapezi-trapezarias-fb9655802-mpez-aloym.webp,,,,,,,,,0,B2BMarkt,ύψος,"74 εκ.",1,1,πλάτος,"220 εκ.",1,1,μήκος,"100 εκ.",1,1,B2BMarkt,76515,5208067209786,"2026-05-10 02:28:26",B2BMarkt,"<ul>
<li>Σκελετός και πόδια από ανοδιωμένο αλουμίνιο σε μπεζ χρώμα, ανθεκτικά στη διάβρωση.</li>
<li>Επιφάνεια κατασκευασμένη από sintered stone με λευκό φινίρισμα, ανθεκτική στις καιρικές συνθήκες, τις γρατζουνιές και τη θερμότητα έως 120°C.</li>
<li>Ιδανικό για εξωτερική χρήση σε κήπους, βεράντες και patio.</li>
<li>Αντοχή στη φθορά λόγω της υψηλής ποιότητας κατασκευής.</li>
<li>Σταθερή δομή με απόσταση ποδιών που προσφέρει σταθερότητα στο τραπέζι.</li>
</ul>"
285159,simple,0613283,5208067209809,"Πολυθρόνα Victus",1,0,visible,,"<p>Ανακαλύψτε την τέλεια σύνθεση στυλ και άνεσης με την πολυθρόνα τραπεζαρίας VICTUS για τον εξωτερικό σας χώρο. Δημιουργήστε έναν κομψό και φιλόξενο χώρο που συνδυάζει την ανθεκτικότητα με το εκλεπτυσμένο design.</p> <p>Με σκελετό από αλουμίνιο σε μπεζ απόχρωση, η πολυθρόνα εξασφαλίζει μακροχρόνια αντοχή στις εξωτερικές συνθήκες. Η φυσική υφή του wicker στο κάθισμα και στην πλάτη προσφέρει όχι μόνο αισθητική γοητεία αλλά και μοναδική αίσθηση χαλάρωσης. Τα μαξιλάρια υψηλής ποιότητας εξασφαλίζουν την απόλυτη άνεση για ώρες απόλαυσης στον κήπο ή τη βεράντα σας.</p>",,,taxable,,1,207,,0,0,8.05,62,60,76,1,,,165,"Κήπος & Εξωτερικός Χώρος",πολυθρόνα,,https://eboy.gr/app/uploads/sites/2/2026/05/polythrona-fb9655902-aloyminio-olefin-mp.webp,,,,,,,,,0,B2BMarkt,ύψος,"76 εκ.",1,1,πλάτος,"60 εκ.",1,1,μήκος,"62 εκ.",1,1,B2BMarkt,76516,5208067209809,"2026-05-10 02:28:55",B2BMarkt,"<ul>
<li>Σκελετός από ανοδιωμένο αλουμίνιο ανοιχτής μπεζ απόχρωσης για υψηλή αντοχή στη διάβρωση και μακροζωία.</li>
<li>Επένδυση με πλεκτό wicker σε φυσικό χρώμα για αυθεντική υφή και αισθητική διαχρονικότητας.</li>
<li>Μαξιλάρια καθίσματος και πλάτης με μαλακό ύφασμα σε ανοιχτό μπεζ χρώμα για αυξημένη άνεση.</li>
<li>Ανθεκτική κατασκευή κατάλληλη για καθημερινή χρήση σε εξωτερικές συνθήκες.</li>
<li>Εύκολος καθαρισμός των μαξιλαριών υφάσματος.</li>
</ul>"
285161,simple,0613284,5208067209823,"Πολυθρόνα Victus",1,0,visible,,"<p>Αναβαθμίστε την αισθητική του εξωτερικού σας χώρου με την πολυθρόνα VICTUS, το απόλυτο κομμάτι για στιγμές χαλάρωσης. Συνδυάζει άψογα την κομψότητα με την άνεση, δημιουργώντας ένα εντυπωσιακό κέντρο προσοχής στον κήπο ή τη βεράντα σας. Η ανθεκτική κατασκευή από αλουμίνιο σε όμορφη γκρι απόχρωση, συνδυάζεται αρμονικά με το φυσικό wicker που προσδίδει κλασική γοητεία και διαχρονικό στυλ.</p> <p>Απολαύστε μοναδικές στιγμές ηρεμίας χάρη στα πλούσια μαξιλάρια υψηλής ποιότητας, ιδανικά για ατελείωτες ώρες χαλάρωσης. Η VICTUS δεν είναι απλά μια πολυθρόνα - είναι η επιτομή του σύγχρονου εξωτερικού σχεδιασμού, προσφέροντας έναν χώρο όπου η κομψότητα συναντά την πρακτικότητα.</p>",,,taxable,,1,235,,0,0,8.05,62,60,76,1,,,165,"Κήπος & Εξωτερικός Χώρος",πολυθρόνα,,https://eboy.gr/app/uploads/sites/2/2026/05/polythrona-fb9655901-aloyminio-olefin-gk.webp,,,,,,,,,0,B2BMarkt,ύψος,"76 εκ.",1,1,πλάτος,"60 εκ.",1,1,μήκος,"62 εκ.",1,1,B2BMarkt,76517,5208067209823,"2026-05-10 02:29:26",B2BMarkt,"<ul>
<li>Σκελετός από ανοδιωμένο αλουμίνιο σε γκρι απόχρωση με υψηλή αντοχή στη διάβρωση</li>
<li>Επένδυση wicker twist με φυσική υφή και ανθεκτικότητα στις καιρικές συνθήκες</li>
<li>Μαξιλάρια καθίσματος και πλάτης με ύφασμα υψηλής πυκνότητας για άνεση και μακροχρόνια χρήση</li>
<li>Εργονομικός σχεδιασμός με ρυθμιζόμενη πλάτη για βέλτιστη στήριξη</li>
<li>Αντιστατική επεξεργασία υφασμάτων για εύκολη καθαριότητα</li>
<li>Σταθερή βάση με αντιολισθητικά πόδια από αλουμίνιο</li>
</ul>"
285163,simple,0613285,5208067209861,"Πολυθρόνα Lounge Remvazzo",1,0,visible,,"<!DOCTYPE html> <html lang=""el""> <head> <meta charset=""UTF-8""> </head> <body> <p>Ανακαλύψτε την απόλυτη εμπειρία χαλάρωσης με τη πολυθρόνα REMVAZZO, ειδικά σχεδιασμένη για να μεταμορφώσει τον εξωτερικό σας χώρο σε ένα κομψό καταφύγιο ηρεμίας. Το μοναδικό design συνδυάζει αριστοτεχνικά την άνεση με την αισθητική, δημιουργώντας ένα σημείο αναφοράς στον κήπο ή τη βεράντα σας.</p> <p>Με την ανθεκτική κατασκευή από αλουμίνιο και τις φυσικές υφές του wicker, η REMVAZZO προσφέρει μια πολυτελή επιλογή που αντέχει στο χρόνο. Απολαύστε στιγμές χαλάρωσης σε έναν χώρο που συνδυάζει στυλ και ποιότητα, μετατρέποντας κάθε στιγμή στην αυλή σας σε μοναδική εμπειρία.</p> </body> </html>",,,taxable,,1,30,,0,0,19.9,85,90,96,1,,,379,"Κήπος & Εξωτερικός Χώρος",πολυθρόνα,,https://eboy.gr/app/uploads/sites/2/2026/05/polythrona-lounge-me-ypopodio-fb9656102-.webp,,,,,,,,,0,B2BMarkt,ύψος,"96 εκ.",1,1,πλάτος,"90 εκ.",1,1,μήκος,"85 εκ.",1,1,B2BMarkt,76518,5208067209861,"2026-05-10 02:29:55",B2BMarkt,"<ul>
<li>Σκελετός από ανοδιωμένο αλουμίνιο σε ανοιχτή μπεζ απόχρωση για υψηλή αντοχή στη διάβρωση και σταθερότητα.</li>
<li>Επένδυση με πλεκτό wicker (twist) φυσικής υφής σε ανοιχτό μπεζ χρώμα, ανθεκτικό στις καιρικές συνθήκες.</li>
<li>Μαξιλάρια καθίσματος, πλάτης και προσκέφαλου με ύφασμα OLEFIN ανοιχτού μπεζ χρώματος, αδιάβροχο και ανθεκτικό στους λεκέδες.</li>
<li>Εργονομικός σχεδιασμός με υποπόδιο για αυξημένη άνεση και πρακτική χρήση.</li>
<li>Αντιολισθητικά πόδια αλουμινίου που προστατεύουν από την υγρασία του εδάφους.</li>
</ul>"
285165,simple,0613286,5208067209878,"Πολυθρόνα Lounge Remvazzo",1,0,visible,,"<!DOCTYPE html> <html lang=""el""> <head> <meta charset=""UTF-8""> </head> <body> <div style=""max-width: 700px; margin:auto;""> <p>Μετατρέψτε τον κήπο ή τη βεράντα σας στο απόλυτο σημείο χαλάρωσης με την REMVAZZO. Αυτή η κομψή πολυθρόνα lounge, σε εκλεπτυσμένη γκρι απόχρωση, προσφέρει μια μοναδική εμπειρία άνεσης και στυλ εξωτερικού χώρου. Ο ανθεκτικός σκελετός αλουμινίου συνδυάζει την κομψότητα με τη μακροζωία, ενώ το wicker υλικό εξασφαλίζει φυσική αισθητική και άνεση που διαρκεί.</p> <p>Δημιουργήστε έναν ήρεμο χώρο όπου κάθε στιγμή μπορεί να γίνει ευκαιρία για χαλάρωση. Η REMVAZZO δεν είναι απλά μια πολυθρόνα - είναι η επιτομή του σύγχρονου outdoor living, συνδυάζοντας ποιότητα, design και απόλυτη πρακτικότητα. Απολαύστε την ομορφιά της φύσης με στυλ και άνεση.</p> </div> </body> </html>",,,taxable,,1,28,,0,0,19.9,85,90,96,1,,,379,"Κήπος & Εξωτερικός Χώρος",πολυθρόνα,,https://eboy.gr/app/uploads/sites/2/2026/05/polythrona-lounge-me-ypopodio-fb9656101-.webp,,,,,,,,,0,B2BMarkt,ύψος,"96 εκ.",1,1,πλάτος,"90 εκ.",1,1,μήκος,"85 εκ.",1,1,B2BMarkt,76519,5208067209878,"2026-05-10 02:30:32",B2BMarkt,"<ul>
<li>Κατασκευή από σκελετό αλουμινίου σε γκρι απόχρωση για αντοχή και σταθερότητα</li>
<li>Επένδυση με wicker ύφασμα twist σε φυσικό χρώμα για διαχρονική αισθητική και ζεστασιά</li>
<li>Μαξιλάρια καθίσματος, πλάτης, προσκέφαλου και υποποδίου από γκρι olefin ύφασμα ανθεκτικό στην υγρασία</li>
<li>Εύκολος καθαρισμός υφασμάτων λόγω της σύνθεσης του olefin</li>
<li>Περιλαμβάνει πρακτικό υποπόδιο με επιπλέον μαξιλάρι για αυξημένη άνεση</li>
<li>Ανθεκτική κατασκευή κατάλληλη για εξωτερική χρήση σε βεράντα, κήπο ή patio</li>
</ul>"
285167,simple,0613292,5208067209915,"Τραπέζι σαλονιού Caret",1,0,visible,,"<p>Ανακαλύψτε την τέχνη της χαλάρωσης με το Caret, το κομψό τραπεζάκι εξωτερικού χώρου που μεταμορφώνει τον κήπο σας σε προσωπικό παράδεισο. Σχεδιασμένο για να συμπληρώνει κάθε χώρο, συνδυάζει την απλότητα του minimal στυλ με την ανθεκτικότητα και την ποιότητα.</p> <p>Με την προσοχή στη λεπτομέρεια και τα υψηλής ποιότητας υλικά κατασκευής, το Caret προσφέρει έναν πρακτικό σύμμαχο στην καθημερινότητα. Απολαύστε δροσερά ροφήματα δίπλα στην πισίνα ή χαλαρώστε με ένα βιβλίο στην ξαπλώστρα σας, απολαμβάνοντας την άνεση που παρέχει ο έξυπνος σχεδιασμός του.</p>",,,taxable,,1,94,,0,0,5.3,39,40,42,1,,,"84,9","Κήπος & Εξωτερικός Χώρος",τραπέζι,,https://eboy.gr/app/uploads/sites/2/2026/05/boithitiko-trapezaki-xaplostras-fb965630.webp,,,,,,,,,0,B2BMarkt,ύψος,"42 εκ.",1,1,πλάτος,"40 εκ.",1,1,μήκος,"39 εκ.",1,1,B2BMarkt,76520,5208067209915,"2026-05-10 02:31:11",B2BMarkt,"<ul>
<li>Κατασκευή από κράμα αλουμινίου υψηλής αντοχής με περιεκτικότητα 100% σε καθαρό αλουμίνιο.</li>
<li>Ελάχιστο βάρος για εύκολη μετακίνηση και αποθήκευση.</li>
<li>Ρυθμιζόμενα ποδαρικά με βίδες ρύθμισης (ρεγουλατόρους) για σταθερότητα σε ανώμαλες επιφάνειες.</li>
<li>Επιφάνεια από λείο, μη-ολισθηρό υλικό λευκού χρώματος.</li>
<li>Σχεδιασμός που επιτρέπει την ολίσθηση της βάσης κάτω από ξαπλώστρες ή καθίσματα για εξοικονόμηση χώρου.</li>
</ul>"
285169,simple,0613291,5208067209922,"Τραπέζι ξαπλώστρας Caret",1,0,visible,,"<!DOCTYPE html> <html lang=""el""> <head> <meta charset=""UTF-8""> <title>Tablette CARET | Τραπεζάκι για Εξωτερικό Χώρο</title> <style> body {font-family: Arial, sans-serif;} h1 {color: #284569;} </style> </head> <body> <p>Εμπνευσμένο από τον σύγχρονο τρόπο ζωής, το τραπεζάκι CARET είναι ο απόλυτος σύμμαχος για στιγμές χαλάρωσης στον κήπο ή δίπλα στην πισίνα. Η κομψή του σχεδίασή σε γκρι μεταλλικό χρώμα προσθέτει μια νότα κομψότητας στους εξωτερικούς σας χώρους.</p> <p>Κατασκευασμένο από υψηλής ποιότητας αλουμίνιο, προσφέρει αντοχή στη φθορά του χρόνου και στις καιρικές συνθήκες. Μετατρέψτε κάθε στιγμή ξεκούρασης σε μια μοναδική εμπειρία, με το τραπεζάκι που συνδυάζει τέλεια τη λειτουργικότητα με την αισθητική.<br />Δημιουργήστε τον προσωπικό σας παράδεισο χαλάρωσης!</p> </body> </html>",,,taxable,,1,56,,0,0,5.3,39,40,42,1,,,"84,9","Κήπος & Εξωτερικός Χώρος",τραπέζι,,https://eboy.gr/app/uploads/sites/2/2026/05/boithitiko-trapezaki-xaplostras-fb965630-1.webp,,,,,,,,,0,B2BMarkt,ύψος,"42 εκ.",1,1,πλάτος,"40 εκ.",1,1,μήκος,"39 εκ.",1,1,B2BMarkt,76521,5208067209922,"2026-05-10 02:31:50",B2BMarkt,"<ul>
<li>Κατασκευή από αλουμίνιο υψηλής αντοχής, ανθεκτικό στη διάβρωση και τις καιρικές συνθήκες</li>
<li>Ελάχιστο βάρος για εύκολη μετακίνηση και αποθήκευση</li>
<li>Ρυθμιζόμενα ποδαρικά με βίδες για σταθεροποίηση σε ανώμαλες επιφάνειες</li>
<li>Σχεδιασμός που επιτρέπει την απόκρυψη της βάσης κάτω από ξαπλώστρες/καναπέδες</li>
<li>Επιφάνεια σε γκρι χρώμα, ανθεκτική στην ηλιακή ακτινοβολία και τους λεκέδες</li>
<li>Ελάχιστη συντήρηση απαιτούμενη λόγω των ιδιοτήτων του αλουμινίου</li>
</ul>"
285171,simple,0613290,5208067209939,"Τραπέζι σαλονιού Caret",1,0,visible,,"<!DOCTYPE html> <html lang=""el""> <head> <meta charset=""UTF-8""> <title>Τραπέζι Σαλονιού Caret</title> </head> <body> <p>Ανακαλύψτε την απόλυτη αρμονία στυλ και πρακτικότητας με το τραπέζι CARET για τον εξωτερικό σας χώρο. Ένα αριστούργημα minimal σχεδίασης σε εκλεπτυσμένο γκρι τόνο (Taupe), που μεταμορφώνει κάθε στιγμή χαλάρωσης στον κήπο ή δίπλα στην πισίνα.</p> <p>Κατασκευασμένο από ανθεκτικό αλουμίνιο, συνδυάζει την κομψότητα με τη μακροχρόνια αντοχή στις καιρικές συνθήκες. Ο καινοτόμος σχεδιασμός του προσφέρει άνετη χρήση και εύκολη μεταφορά, μετατρέποντας το σε απαραίτητο αξεσουάρ για κάθε περίσταση. Απολαύστε την απλότητα της υψηλής αισθητικής, δημιουργώντας έναν χώρο ηρεμίας που ξεχωρίζει.</p> </body> </html>",,,taxable,,1,50,,0,0,5.3,39,40,42,1,,,"84,9","Κήπος & Εξωτερικός Χώρος",τραπέζι,,https://eboy.gr/app/uploads/sites/2/2026/05/boithitiko-trapezaki-xaplostras-fb965630-2.webp,,,,,,,,,0,B2BMarkt,ύψος,"42 εκ.",1,1,πλάτος,"40 εκ.",1,1,μήκος,"39 εκ.",1,1,B2BMarkt,76522,5208067209939,"2026-05-10 02:32:27",B2BMarkt,"<ul>
<li>Κατασκευή από κράμα αλουμινίου υψηλής αντοχής με προστασία κατά της διάβρωσης</li>
<li>Ανοικτό γκρι (TAUPE) ηλεκτροστατική βαφή για αντοχή στις εξωτερικές συνθήκες</li>
<li>Ρυθμιζόμενοι ποδόσταμα τύπου βίδας για σταθερότητα σε ανώμαλες επιφάνειες</li>
<li>Σχεδιασμός που επιτρέπει την εύκολη μετακίνηση και απόκρυψη κάτω από ξαπλώστρες/καναπέδες</li>
<li>Ελάχιστο βάρος για εύκολη μεταφορά και αποθήκευση</li>
</ul>"
285173,simple,0619015,,"Πολυθρόνα Galdin",1,0,visible,,"<!DOCTYPE html> <html lang=""el""> <head> <meta charset=""UTF-8""> </head> <body> <p>H πολυθρόνα Galdin μεταμορφώνει τον εξωτερικό σας χώρο σε ένα κομψό καταφύγιο χαλάρωσης. Συνδυάζει την ανθεκτικότητα με το εκλεπτυσμένο design, προσφέροντας απεριόριστες στιγμές απόλαυσης.</p> <p>Με την φυσική απόχρωση του Rattan και τις διακριτικές λεπτομέρειες σε Καπουτσίνο αλουμίνιο, δημιουργεί μια αρμονική αισθητική που ταιριάζει σε κάθε εξωτερικό χώρο. Η εργονομική κατασκευή της εξασφαλίζει άνεση για ώρες χαλάρωσης, ενώ τα αφαιρούμενα μαξιλάρια σε μπεζ αποχρώσεις προσφέρουν ευκολία στη φροντίδα.</p> </body> </html>",,,taxable,,1,256,,0,0,5.6,60,65,76,1,,,"109,99","Κήπος & Εξωτερικός Χώρος",πολυθρόνα,,https://eboy.gr/app/uploads/sites/2/2026/05/polythrona-aloyminioy-fb9627203-kapoytsi.webp,,,,,,,,,0,B2BMarkt,ύψος,"76 εκ.",1,1,πλάτος,"65 εκ.",1,1,μήκος,"60 εκ.",1,1,B2BMarkt,76523,,"2026-05-10 02:32:59",B2BMarkt,"<ul>
<li>Σκελετός από αλουμίνιο με ηλεκτροστατική βαφή ΚΑΠΟΥΤΣΙΝΟ χρώματος και διατομής 38x19x1.2mm</li>
<li>Πλέξη wicker από P.E. Rattan διαμέτρου 7mm σε ΦΥΣΙΚΟ χρώμα</li>
<li>Μαξιλάρια με καλύμματα από πολυεστερικό υλικό και φερμουάρ</li>
<li>Ύψος μπράτσων: 65 εκ.</li>
<li>Πόδια διαμέτρου Φ32mm κατασκευασμένα από αλουμίνιο πάχους 1.5mm</li>
</ul>"
285175,simple,0613287,5208067209885,"Ξαπλώστρα Alumimio Marimar",1,0,visible,,"<p>Ανακαλύψτε την απόλυτη εμπειρία χαλάρωσης με τη ξαπλώστρα MARIMAR - τον τέλειο σύντροφο για τους λάτρεις των εξωτερικών χώρων. Συνδυάζει κομψότητα και λειτουργικότητα, δημιουργώντας ένα σημείο αναφοράς στο χώρο σας.</p> <p>Με σύγχρονο γκρι αλουμινένιο σκελετό και ανθεκτική επένδυση textilene στην ίδια απόχρωση, η ξαπλώστρα προσφέρει διαχρονικό στυλ που ταιριάζει σε κάθε περιβάλλον. Η εργονομική σχεδίαση με ρυθμιζόμενη πλάτη σε πέντε θέσεις εξασφαλίζει την απόλυτη άνεση για ξεκούραση ή ηλιοθεραπεία. Ιδανική επιλογή τόσο για προσωπικό όσο και επαγγελματικό εξοπλισμό εξωτερικών χώρων.</p>",,,taxable,,1,97,,0,0,10.52,67.5,220,31.5,1,,,"199,9","Κήπος & Εξωτερικός Χώρος",ξαπλώστρα,,https://eboy.gr/app/uploads/sites/2/2026/05/xaplostra-aloyminioy-fb9656201-skeletos-.webp,,,,,,,,,0,B2BMarkt,ύψος,"31.5 εκ.",1,1,πλάτος,"220 εκ.",1,1,μήκος,"67.5 εκ.",1,1,B2BMarkt,76524,5208067209885,"2026-05-10 02:33:36",B2BMarkt,"<ul>
<li>Σκελετός από αλουμίνιο υψηλής ποιότητας με προστασία κατά της διάβρωσης</li>
<li>Επιφάνεια καθίσματος και πλάτης από ανθεκτικό ύφασμα textilene</li>
<li>Ηλεκτροστατική επεξεργασία επιφάνειας για αυξημένη αντοχή</li>
<li>Ρυθμιζόμενη πλάτη σε 4 επίπεδα και επίπεδη θέση</li>
<li>Ανθεκτικότητα στη χρήση εξωτερικού χώρου</li>
</ul>"
285177,simple,0613288,5208067209892,"Ξαπλώστρα Alu Marimar",1,0,visible,,"<p>Ανακαλύψτε την ιδανική επιλογή για τον εξωτερικό σας χώρο! Η ξαπλώστρα MARIMAR συνδυάζει κομψότητα και άνεση σε κάθε στιγμή χαλάρωσης. Με σκελετό από υψηλής ποιότητας αλουμίνιο σε λευκό που αντανακλά τη μεσογειακή αισθητική, δημιουργεί ένα εντυπωσιακό σημείο στο χώρο σας.</p> <p>Απολαύστε μοναδική στήριξη χάρη στην ρυθμιζόμενη πλάτη με 5 θέσεις (συμπεριλαμβανομένης της πλήρους οριζόντιας), κατασκευασμένη από ανθεκτικό textilene που αντέχει στις καιρικές συνθήκες. Ιδανική για ατελείωτες ώρες απόλαυσης στον ήλιο, η MARIMAR εγγυάται την απόλυτη εμπειρία ξεκούρασης, συνδυάζοντας στυλ και αντοχή στην καθημερινή χρήση.</p>",,,taxable,,1,100,,0,0,10.52,67.5,220,31.5,1,,,"199,9","Κήπος & Εξωτερικός Χώρος",ξαπλώστρα,,https://eboy.gr/app/uploads/sites/2/2026/05/xaplostra-aloyminioy-fb9656202-skeletos-.webp,,,,,,,,,0,B2BMarkt,ύψος,"31.5 εκ.",1,1,πλάτος,"220 εκ.",1,1,μήκος,"67.5 εκ.",1,1,B2BMarkt,76525,5208067209892,"2026-05-10 02:34:13",B2BMarkt,"<ul>
<li>Σκελετός από αλουμίνιο υψηλής ποιότητας για αντοχή στη διάβρωση και χαμηλό βάρος</li>
<li>Ανθεκτική επιφάνεια επένδυσης από ύφασμα textilene ανθεκτικό στην υπεριώδη ακτινοβολία</li>
<li>Ρυθμιζόμενη πλάτη σε 4 επίπεδα και πλήρως επίπεδη θέση για εξατομικευμένη άνεση</li>
<li>Λευκό χρώμα που εξασφαλίζει διαχρονική αισθητική και εύκολη συντήρηση</li>
<li>Εργονομικός σχεδιασμός για μέγιστη υποστήριξη και χαλάρωση</li>
</ul>"
285179,simple,0613408,5208067214162,"Βάση ομπρέλας ηm6608",1,0,visible,,"<!DOCTYPE html> <html lang=""el""> <head> <meta charset=""UTF-8""> <title>Βάση Ομπρέλας hm6608</title> </head> <body> <p>Ανακαλύψτε την τέλεια ισορροπία μεταξύ στυλ και ανθεκτικότητας με τη βάση ομπρέλας hm6608 - τον απόλυτο σύντροφο για τις καλοκαιρινές σας στιγμές. Η κομψή τετράγωνη σχεδίαση σε μαύρο χρώμα συνδυάζει αισθητική κομψότητα με απαράμιλλη σταθερότητα.</p> <p>Κατασκευασμένη από πολυαιθυλένιο κορυφαίας ποιότητας, προσφέρει μέγιστη ασφάλεια και αντοχή στον χρόνο, ενώ η καινοτόμος δυνατότητα γέμισης με νερό ή μείγμα νερού-άμμου εξασφαλίζει εξαιρετική σταθερότητα ακόμη και στους πιο ισχυρούς ανέμους. Ιδανική για παραλία, κήπο ή επαγγελματικό εξωτερικό χώρο, μετατρέπεται εύκολα σε σημείο αναφοράς της περιοχής σας χάρη στα πρακτικά ροδάκια μεταφοράς.</p> </body> </html>",,,taxable,,1,245,,0,0,19.3,98,98,18,1,,,125,"Κήπος & Εξωτερικός Χώρος",τραπέζι,,https://eboy.gr/app/uploads/sites/2/2026/05/basi-omprelas-fb96608-polyaithylenioy-se.webp,,,,,,,,,0,B2BMarkt,ύψος,"18 εκ.",1,1,πλάτος,"98 εκ.",1,1,μήκος,"98 εκ.",1,1,B2BMarkt,76526,5208067214162,"2026-05-10 02:34:48",B2BMarkt,"<ul>
<li>Κατασκευή από ανθεκτικό πολυαιθυλένιο υψηλής ποιότητας</li>
<li>Αντοχή σε βάρος έως 160 kg με γέμισμα νερού/μείγματος νερού-άμμου</li>
<li>Διαθέτει ενσωματωμένα ροδάκια για εύκολη μετακίνηση</li>
<li>Ειδικές υποδοχές στο πάνω μέρος για βίδωμα ομπρέλας</li>
<li>Μαύρο φινίρισμα με αντοχή στις καιρικές συνθήκες</li>
<li>Συνολικό βάρος: 17 kg (κενό)</li>
</ul>"
285181,simple,0501824,5208067204590,"Τραπέζι Raven",1,0,visible,,"<!DOCTYPE html> <html lang=""el""> <head> <meta charset=""UTF-8""> <title>Τραπέζι Raven</title> </head> <body> <p>Εμπνευσμένο από την κομψότητα της φύσης, το τραπέζι Raven μεταμορφώνει τον χώρο σας σε έναν μοντέρνο και ζεστό προορισμό για στιγμές απόλαυσης. Η μοναδική διχρωμία του - λευκή κεραμική επιφάνεια με διακριτικά νερά μαρμάρου που συναντά το επιβλητικό μαύρο μέταλλο - δημιουργεί ένα οπτικό αριστούργημα που ξεχωρίζει.</p> <p>Με προσεκτικά σχεδιασμένες στρογγυλεμένες γωνίες και ρυθμιζόμενο ύψος, προσφέρει λειτουργικότητα και ασφάλεια σε κάθε χρήση. Αποτελεί την ιδανική επιλογή για όσους αναζητούν έναν συνδυασμό στυλ, ποιότητας και πρακτικότητας στην τραπεζαρία τους. Αναδείξτε τις οικογενειακές στιγμές και τα γαστρονομικά σας επιτεύγματα πάνω στο Raven!</p> </body> </html>",,,taxable,,1,113,,0,0,34.2,80,140,74,1,,,"74,9","Σαλόνι & Καθιστικό",τραπέζι,,https://eboy.gr/app/uploads/sites/2/2026/05/trapezi-fb91814904-keramiko-top-me-opsi-.webp,,,,,,,,,0,B2BMarkt,ύψος,"74 εκ.",1,1,πλάτος,"140 εκ.",1,1,μήκος,"80 εκ.",1,1,B2BMarkt,76527,5208067204590,"2026-05-10 02:35:24",B2BMarkt,"<ul>
<li>Επιφάνεια από κεραμικό υλικό με υψηλή αντοχή στη θερμότητα</li>
<li>Μεταλλικά πόδια σε μαύρο χρώμα με δυνατότητα ρύθμισης ύψους</li>
<li>Ελαφριά διχρωμία μεταξύ μεταλλικών ποδιών και κεραμικής επιφάνειας</li>
<li>Πάχος επιφάνειας 1 εκατοστό για σταθερότητα</li>
<li>Στρογγυλεμένες γωνίες για αυξημένη ασφάλεια</li>
<li>Ενσωματωμένοι ρεγουλατόροι στα πόδια για τέλεια οριζόντια επιφάνεια</li>
</ul>"
285183,simple,0501825,5208067204620,"Τραπέζι Raven",1,0,visible,,"<p>Εμπλουτίστε την αισθητική του χώρου σας με το εντυπωσιακό τραπέζι Raven! Η αρμονική συνύπαρξη της φυσικής ομορφιᾶς του μαρμάρου και του σύγχρονου μεταλλικού σχεδιασμού δημιουργεί ένα διαχρονικό κομμάτι που θα αναβαθμίσει κάθε σαλόνι ή τραπεζαρία.</p> <p>Με εντυπωσιακή επιφάνεια σε αποχρώσεις λευκού-καφέ μαρμάρου, το τραπέζι προσφέρει μια πολυτελή αίσθηση στον χώρο σας. Τα στιβαρά μεταλλικά πόδια σε μαύρο χρώμα, με τους διακριτικούς ρυθμιστές ύψους, εξασφαλίζουν σταθερότητα και προσαρμόζονται στις ανάγκες σας. Το Raven συνδυάζει την κομψότητα με τη λειτουργικότητα, προσφέροντας ένα μοναδικό σημείο συνάντησης για κάθε περίσταση.</p>",,,taxable,,1,97,,0,0,39.7,80,160,74,1,,,"89,9","Σαλόνι & Καθιστικό",τραπέζι,,https://eboy.gr/app/uploads/sites/2/2026/05/trapezi-fb91815004-keramiko-top-me-opsi-.webp,,,,,,,,,0,B2BMarkt,ύψος,"74 εκ.",1,1,πλάτος,"160 εκ.",1,1,μήκος,"80 εκ.",1,1,B2BMarkt,76528,5208067204620,"2026-05-10 02:35:57",B2BMarkt,"<ul>
<li>Επιφάνεια από κεραμικό υλικό με υψηλή αντοχή στη θερμότητα</li>
<li>Μεταλλικά πόδια σε μαύρο χρώμα με ρυθμιζόμενο ύψος μέσω ρεγουλατόρων</li>
<li>Στρογγυλεμένες γωνίες για αυξημένη ασφάλεια και αισθητική</li>
<li>Διχρωμία λευκού/καφέ μαρμάρου στην επιφάνεια που μιμείται φυσικά υλικά</li>
<li>Πάχος επιφάνειας 1 εκ. για ανθεκτικότητα και ευκολία συντήρησης</li>
<li>Αντιστατική κεραμική επίστρωση για αποφυγή ηλεκτροστατικών φορτίων</li>
</ul>"
285185,simple,0613085,5208067207164,"Καρέκλα παραλίας Almira",1,0,visible,,"<!DOCTYPE html> <html lang=""el""> <head> <meta charset=""UTF-8""> <title>Almira - Η Premium Καρέκλα Παραλίας</title> <meta name=""description"" content=""Ανακαλύψτε την Almira, την ιδανική καρέκλα παραλίας που συνδυάζει στυλ και ανθεκτικότητα.""> </head> <body> <p>H Almira είναι η επιτομή της κομψής άνεσης στις καλοκαιρινές σας αποδράσεις.</p> <p>Με τον ιδιαίτερο σχεδιασμό της και τα υψηλής ποιότητας υλικά κατασκευής, προσφέρει απόλυτη χαλάρωση στην παραλία ή τον κήπο. Η εργονομική της κατασκευή με την ψηλή πλάτη και το αναπαυτικό κάθισμα δημιουργεί το ιδανικό σημείο χαλάρωσης για ατελείωτες ώρες κάτω από τον ήλιο. Το μοναδικό στυλ της συνδυάζει αρμονικά τη λειτουργικότητα με την αισθητική, μετατρέποντας κάθε στιγμή στον εξωτερικό χώρο σε μια ξεχωριστή εμπειρία.</p> </body> </html>",,,taxable,,1,293,,0,0,3.15,68,53,80,1,,,"39,9","Κήπος & Εξωτερικός Χώρος",καρέκλα,,https://eboy.gr/app/uploads/sites/2/2026/05/kareklaki-paralias-aloyminioy-bartypoy-y.webp,,,,,,,,,0,B2BMarkt,ύψος,"80 εκ.",1,1,πλάτος,"53 εκ.",1,1,μήκος,"68 εκ.",1,1,B2BMarkt,76529,5208067207164,"2026-05-10 02:36:33",B2BMarkt,"<ul>
<li>Ενισχυμένος σκελετός βαρέως τύπου από ανθεκτικό πλαστικό υψηλής ποιότητας</li>
<li>Ψηλή πλάτη με εργονομικό σχεδιασμό για μέγιστη στήριξη της μέσης</li>
<li>Υψηλό κάθισμα στα 32 εκ. με μπράτσα στα 45 εκ. για άνετη χρήση όρθιου σώματος</li>
<li>Πτυσσόμενος σχεδιασμός για εύκολη μεταφορά και αποθήκευση</li>
<li>Ανθεκτική επιφάνεια καθίσματος από ενισχυμένο πλέγμα που στεγνώνει γρήγορα</li>
<li>Αντιολισθητικά πόδια από ανθεκτικό ελαστικό υλικό</li>
</ul>"
285187,simple,0613086,5208067207140,"Καρέκλα παραλίας Almira",1,0,visible,,"<!DOCTYPE html> <html lang=""el""> <head><meta charset=""UTF-8""></head> <body> <p>Ανακαλύψτε την Almira - τη νέα σας παραθαλάσσια απόδραση σε ένα κομψό πακέτο! Η καρέκλα παραλίας Almira συνδυάζει τέλεια την άνεση με το στυλ, προσφέροντας μια premium εμπειρία στην παραλία. Ο εργονομικός σχεδιασμός της με την ενισχυμένη κατασκευή και την ψηλή πλάτη εξασφαλίζει ξεκούραστες στιγμές κάτω από τον ήλιο.</p> <p>Αφήστε την απαλή μπλε απόχρωσή της να μεταμορφώσει την παραλιακή σας όαση σε ένα στιλάτο καταφύγιο. Ιδανική για όσους αναζητούν ποιότητα χωρίς συμβιβασμούς στην αισθητική, η Almira θα γίνει το αγαπημένο σας αξεσουάρ στη θάλασσα και την πισίνα.</p> </body> </html>",,,taxable,,1,293,,0,0,3.15,68,53,80,1,,,"39,9","Κήπος & Εξωτερικός Χώρος",καρέκλα,,https://eboy.gr/app/uploads/sites/2/2026/05/kareklaki-paralias-aloyminioy-bartypoy-y-1.webp,,,,,,,,,0,B2BMarkt,ύψος,"80 εκ.",1,1,πλάτος,"53 εκ.",1,1,μήκος,"68 εκ.",1,1,B2BMarkt,76530,5208067207140,"2026-05-10 02:37:06",B2BMarkt,"<ul>
<li>Κατασκευή από ενισχυμένο πολυπροπυλένιο υψηλής αντοχής</li>
<li>Ενισχυμένος σκελετός βαρέως τύπου με αυξημένη σταθερότητα</li>
<li>Εργονομικός σχεδιασμός με ψηλή πλάτη 45x50 εκ. για πλήρη υποστήριξη</li>
<li>Ψηλό κάθισμα στα 32 εκ. με μπράτσα ύψους 45 εκ.</li>
<li>Αντιολισθητική επιφάνεια καθίσματος (46x40 εκ.) για ασφάλεια</li>
<li>Πτυσσόμενος σχεδιασμός για εύκολη μεταφορά και αποθήκευση</li>
<li>Ανθεκτικό φινίρισμα UV προστασίας για εξωτερική χρήση</li>
</ul>"
285189,simple,0619030,5208067207188,"Καρέκλα παραλίας βαρέως τύπου Almira",1,0,visible,,"<p>Ανακαλύψτε την τέλεια ισορροπία μεταξύ στυλ και αντοχής στην παραλία με την Almira, τη βαρέως τύπου καρέκλα παραλίας που θα γίνει ο πιστός σας σύντροφος κάτω από τον ήλιο. Σχεδιασμένη για απαιτητικούς λάτρεις της θάλασσας, προσφέρει απαράμιλλη στήριξη χάρη στον ενισχυμένο σκελετό της και το ψηλό, εργονομικό πίσω μέρος.</p> <p>Με την Almira, κάθε στιγμή στην παραλία μετατρέπεται σε μια μοναδική εμπειρία χαλάρωσης. Η κομψή της γραμμή και τα ανθεκτικά υλικά κατασκευής συνδυάζονται αρμονικά για να προσφέρουν αισθητική υπεροχή, ενώ η εύκολη πτυσσόμενη λειτουργία την καθιστά ιδανική για όσους αναζητούν άνεση χωρίς συμβιβασμούς στη φορητότητα. Επενδύστε σε ποιότητα που αντέχει στο χρόνο και προσφέρει αξέχαστες στιγμές διασκέδασης στην παραλία.</p>",,,taxable,,1,262,,0,0,3.15,68,53,80,1,,,"39,9","Κήπος & Εξωτερικός Χώρος",καρέκλα,,https://eboy.gr/app/uploads/sites/2/2026/05/kareklaki-paralias-aloyminioy-bartypoy-y-2.webp,,,,,,,,,0,B2BMarkt,ύψος,"80 εκ.",1,1,πλάτος,"53 εκ.",1,1,μήκος,"68 εκ.",1,1,B2BMarkt,76531,5208067207188,"2026-05-10 02:37:39",B2BMarkt,"<ul>
<li>Κατασκευή από ενισχυμένο αλουμίνιο βαρέως τύπου για αυξημένη αντοχή και διάρκεια ζωής</li>
<li>Πτυσσόμενος σχεδιασμός με μηχανισμό εύκολης αναδίπλωσης για εύκολη μεταφορά και αποθήκευση</li>
<li>Εργονομικός σχεδιασμός με ψηλή πλάτη (45x50 εκ.) για πλήρη υποστήριξη της σπονδυλικής στήλης</li>
<li>Ψηλό κάθισμα στα 32 εκατοστά από το έδαφος για προστασία από την άμμο</li>
<li>Μπράτσα ύψους 45 εκ. για πρόσθετη στήριξη και άνεση κατά τη χρήση</li>
<li>Ανθεκτική επίστρωση UV προστασίας στην επιφάνεια για αντοχή στις καιρικές συνθήκες</li>
</ul>"
285191,simple,0619028,5208067207102,"Καρέκλα παραλίας Almira",1,0,visible,,"<p>Ανακαλύψτε την απόλυτη εμπειρία χαλάρωσης με την καρέκλα Almira, τον τέλειο σύντροφο στις καλοκαιρινές σας αποδράσεις. Το καινοτόμο design της συνδυάζει αρμονικά ανθεκτικότητα και στυλ, προσφέροντας μοναδικές στιγμές στην παραλία.</p> <p>Με έμφαση στην άνεση και την ποιότητα, η Almira διαθέτει ενισχυμένο σκελετό που εξασφαλίζει σταθερότητα ακόμα και σε δύσκολες συνθήκες παραλίας. Η ψηλή πλάτη στηρίζει τέλεια τον αυχένα ενώ το χαμηλό κάθισμα προσφέρει εύκολη πρόσβαση για μικρούς και μεγάλους. Η premium αισθητική της ταιριάζει άψογα σε κάθε παραθαλάσσιο περιβάλλον, από οργανωμένες πλαζ μέχρι ήσυχες ακρογιαλιές.</p>",,,taxable,,1,363,,0,0,3,71,55,66,1,,,"31,9","Κήπος & Εξωτερικός Χώρος",καρέκλα,,https://eboy.gr/app/uploads/sites/2/2026/05/kareklaki-paralias-aloyminioy-bartypoy-p-10.webp,,,,,,,,,0,B2BMarkt,ύψος,"66 εκ.",1,1,πλάτος,"55 εκ.",1,1,μήκος,"71 εκ.",1,1,B2BMarkt,76532,5208067207102,"2026-05-10 02:38:13",B2BMarkt,"<ul>
<li>Κατασκευή από ενισχυμένο σκελετό αλουμινίου υψηλής αντοχής</li>
<li>Πτυσσόμενος σχεδιασμός για εύκολη μεταφορά και αποθήκευση</li>
<li>Εργονομική σχεδίαση με ψηλή πλάτη και χαμηλό κάθισμα 22 εκ.</li>
<li>Αντιολισθητικά πόδια για σταθερότητα στο έδαφος</li>
<li>Ανθεκτικό φινίρισμα UV-προστασίας για εξωτερική χρήση</li>
<li>Μπράτσα ύψους 38 εκ. με άνετη επιφάνεια στήριξης</li>
</ul>"
285193,simple,0619029,5208067207126,"Ξαπλώστρα παραλίας βαρέως τύπου Almira",1,0,visible,,"<p>Ανακαλύψτε την ιδανική ξαπλώστρα παραλίας ALMIRA - τον απόλυτο σύμμαχο για τις καλοκαιρινές σας αποδράσεις! Αυτή η κλασική επιλογή συνδυάζει άριστη ποιότητα με μοντέρνο σχεδιασμό σε γκρι χρώμα που ταιριάζει απόλυτα στην παραλία.</p> <p>Με την ανθεκτική κατασκευή της από αλουμίνιο και textilene, προσφέρει μέγιστη αντοχή στον χρόνο. Η καινοτόμος πτυσσόμενη σχεδίαση με τα 5 επίπεδα ρύθμισης καθιστά την ALMIRA ιδανική τόσο για χαλάρωση όσο και για ηλιοθεραπεία στην τέλεια γωνία. Το κομψό της design εναρμονίζεται αρμονικά με κάθε παραθαλάσσιο περιβάλλον, προσφέροντας ταυτόχρονα μια άνετη εμπειρία ξεκούρασης.</p>",,,taxable,,1,186,,0,0,5.5,187,59,78,1,,,"54,9","Κήπος & Εξωτερικός Χώρος",ξαπλώστρα,,https://eboy.gr/app/uploads/sites/2/2026/05/xaplostra-paralias-aloyminioy-bartypoy-f.webp,,,,,,,,,0,B2BMarkt,ύψος,"78 εκ.",1,1,πλάτος,"59 εκ.",1,1,μήκος,"187 εκ.",1,1,B2BMarkt,76533,5208067207126,"2026-05-10 02:38:45",B2BMarkt,"<ul>
<li>Κατασκευή από σκελετό αλουμινίου με διατομή 28x1.1 mm για υψηλή αντοχή και ανθεκτικότητα στη διάβρωση.</li>
<li>Επιφάνεια καθίσματος και πλάτης από αδιάβροχο ενισχυμένο ύφασμα textilene σε γκρι χρώμα, προσφέροντας άνεση και εύκολη συντήρηση.</li>
<li>Πτυσσόμενος σχεδιασμός με σκαλιέρα 5 επιπέδων (+1 flat) για εύκολη μεταφορά και αποθήκευση.</li>
<li>Ύψος καθίσματος στα 30 εκ. με σταθερή θέση που επιτρέπει όρθια στάση.</li>
<li>Προσκέφαλο με διαστάσεις 33x13x6mm (πάχος) για επιπλέον στήριξη και άνεση κατά τον ύπνο.</li>
</ul>"
285195,simple,0509930,5208067211550,"Πύργος εκμάθησης Ricki",1,0,visible,,"<!DOCTYPE html> <html lang=""el""> <head> <meta charset=""UTF-8""> <title>Πύργος Εκμάθησης Ricki</title> <style> h1 {color: #2C3E50; font-family: 'Segoe UI', sans-serif;} p {font-size: 16px; line-height: 1.4;} </style> </head> <body> <p>Ο παιδικός πύργος εκμάθησης RICKI είναι το έξυπνο εργαλείο για τη βιωματική μάθηση των μικρών εξερευνητών. Με την κομψή, φυσική του εμφάνιση, μεταμορφώνει καθημερινές δραστηριότητες σε συναρπαστικό παιχνίδι μάθησης. Η καινοτόμος σχεδίασή του προσφέρει ασφάλεια και ευελιξία, ενώ ο ενσωματωμένος μαυροπίνακας ανοίγει νέους ορίζοντες στη δημιουργική έκφραση.</p> <p>Επιλέξτε τον Ricki για ένα αρμονικό συνδυασμό ποιοτικής εκπαίδευσης και παιχνιδιού στον εσωτερικό χώρο του σπιτιού σας. Δημιουργήστε αναμνήσεις με αξία που θα μείνουν αξέχαστες!</p> </body> </html>",,,taxable,,1,97,,0,0,7.2,40,37,84,1,,,"64,9",Γραφείο,καλόγερος,,https://eboy.gr/app/uploads/sites/2/2026/05/pyrgos-ekmathisis-me-pinaka-fb91834501-x.webp,,,,,,,,,0,B2BMarkt,ύψος,"84 εκ.",1,1,πλάτος,"37 εκ.",1,1,μήκος,"40 εκ.",1,1,B2BMarkt,76534,5208067211550,"2026-05-10 02:39:17",B2BMarkt,"<ul>
<li>Κατασκευή από φυσικό ξύλο πεύκου με σταθερό και ανθεκτικό σκελετό</li>
<li>Λείες επιφάνειες με επαγγελματικό φινίρισμα για ασφαλή χρήση</li>
<li>Ενσωματωμένος μαυροπίνακας στην κύρια επιφάνεια εργασίας</li>
<li>Αρθρωτός σχεδιασμός για εύκολη αναδίπλωση και αποθήκευση</li>
<li>Φυσικό τελείωμα ξύλου που συνδυάζει αισθητική και ποιότητα</li>
</ul>"
285197,simple,0509202,5208067222525,"Μεταλλικό κρεβάτι κύκλοs",1,0,visible,,"<!DOCTYPE html> <html lang=""el""> <head> <meta charset=""UTF-8""> </head> <body> <p>Ανακαλύψτε το απόλυτο καταφύγιο ύπνου: το κρεβάτι ΚΥΚΛΟΣ. Ένα μοναδικό design που συνδυάζει αρμονικά την κομψότητα με την πρακτικότητα, για να μεταμορφώσει τον προσωπικό σας χώρο σε οάσεις χαλάρωσης. Η ξεχωριστή του σφυρήλατη καφέ απόχρωση και τα περίτεχνα μεταλλικά σχέδια στο κεφαλάρι και το ποδαρικό, δημιουργούν μια κομψή αισθητική που θα ενθουσιάσει κάθε λάτρη του μοντέρνου design.</p> <p>Επιλέξτε την ποιότητα που αξίζετε για τον ύπνο σας - επιλέξτε το ΚΥΚΛΟΣ. Με έμφαση στην άνεση και την ανθεκτικότητα, αυτό το μεταλλικό κρεβάτι προσφέρει την ιδανική ισορροπία μεταξύ στυλ και λειτουργικότητας, μετατρέποντας την καθημερινή σας ρουτίνα σε μια πολυτελή εμπειρία ξεκούρασης.</p> </body> </html>",,,taxable,,1,3,,0,0,,200,150,90,1,,,"137,5",Υπνοδωμάτιο,κρεβάτι,,https://eboy.gr/app/uploads/sites/2/2026/05/metalliko-krebati-150x200x90yek-kafe-fb9.webp,,,,,,,,,0,B2BMarkt,ύψος,"90 εκ.",1,1,πλάτος,"150 εκ.",1,1,μήκος,"200 εκ.",1,1,B2BMarkt,76535,5208067222525,"2026-05-10 02:39:47",B2BMarkt,"<ul>
<li>Κατασκευή από σφυρήλατο μέταλλο με προστατευτικό βερνικόχρωμα ""ΣΦΥΡΗΛΑΤΟ"" για εμφάνιση και προστασία</li>
<li>Μεταλλικά διακοσμητικά στοιχεία στο κεφαλάρι και το ποδαρικό</li>
<li>Υψηλό κεφαλάρι και κοντό ποδαρικό για βέλτιστη χρήση υπογείου χώρου</li>
<li>Σχεδιασμός με ψηλά πόδια για εύκολη πρόσβαση από κάτω</li>
<li>Επιφάνεια κατάλληλη για καθάρισμα λόγω του σχεδιασμού των ποδιών</li>
</ul>"
285199,simple,0509931,5208067211543,"Πύργος εκμάθησης Ricki",1,0,visible,,"<p>Ανακαλύψτε τον παιδικό πύργο εκμάθησης RICKI, το έξυπνο έπιπλο που μεταμορφώνει την καθημερινή ρουτίνα σε συναρπαστική εμπειρία μάθησης. Σχεδιασμένος με έμφαση στην αισθητική και την ποιότητα, συνδυάζει αρμονικά τη λειτουργικότητα με το μοντέρνο στυλ του σπιτιού σας.</p> <p>Το μοναδικό χαρακτηριστικό του ενσωματωμένου μαυροπίνακα προσφέρει απεριόριστες δυνατότητες δημιουργικής έκφρασης. Τα παιδιά αναπτύσσουν δεξιότητες γραφής από μικρή ηλικία σε ένα ασφαλές και διασκεδαστικό περιβάλλον. Ο αρθρωτός σχεδιασμός προσαρμόζεται στις ανάγκες ανάπτυξης του παιδιού, αποτελώντας μια διαχρονική επιλογή που συνδυάζει την εκπαίδευση με το παιχνίδι.</p>",,,taxable,,1,44,,0,0,7.2,40,37,84,1,,,"64,9",Γραφείο,,,https://eboy.gr/app/uploads/sites/2/2026/05/pyrgos-ekmathisis-me-pinaka-fb91834503-x.webp,,,,,,,,,0,B2BMarkt,ύψος,"84 εκ.",1,1,πλάτος,"37 εκ.",1,1,μήκος,"40 εκ.",1,1,B2BMarkt,76536,5208067211543,"2026-05-10 02:40:19",B2BMarkt,"<ul>
<li>Κατασκευή από φυσικό ξύλο πεύκου σε διχρωμία λευκού/γκρι για φυσική αισθητική και ανθεκτικότητα.</li>
<li>Σταθερή δομή με λεία επιφάνειες και προσεγμένο φινίρισμα για ασφαλή χρήση.</li>
<li>Ενσωματωμένος μαυροπίνακας με δυνατότητα γραφής για δημιουργική μάθηση.</li>
<li>Αρθρωτός σχεδιασμός που επιτρέπει την εύκολη προσαρμογή στις ανάγκες του παιδιού.</li>
<li>Ανθεκτική κατασκευή με έμφαση στη σταθερότητα κατά τη χρήση από παιδιά.</li>
</ul>"
285201,simple,0509210,5208067230834,"Διπλό κρεβάτι κύκλος Hm766",1,0,visible,,"<!DOCTYPE html> <html lang=""el""> <head> <meta charset=""UTF-8""> </head> <body> <p>Αναβαθμίστε το υπνοδωμάτιό σας με τον μοναδικό Κύκλο HM766 - ένα μεταλλικό κρεβάτι που συνδυάζει κομψότητα και λειτουργικότητα. Η ιδιαίτερη σχεδίασή του, σε ζεστό καφέ απόχρωση, προσθέτει μια πινελιά πολυτέλειας στον χώρο σας. Το ψηλό κεφαλάρι και τα εντυπωσιακά μεταλλικά διακοσμητικά στοιχεία δημιουργούν μια κομψή οπτική αντίθεση.</p> <p>Με το ιδιαίτερο design του, προσφέρει όχι μόνο μοναδικό στυλ αλλά και πρακτικότητα: ο ευρύχωρος κάτω χώρος επιτρέπει πολλαπλές χρήσεις (όπως γραφείο ή αποθηκευτικό χώρο) ενώ διευκολύνει σημαντικά τον καθαρισμό. Επιλέξτε τον Κύκλο για να δημιουργήσετε ένα πραγματικά ξεχωριστό περιβάλλον ύπνου που θα εντυπωσιάσει.</p> </body> </html>",,,taxable,,1,3,,0,0,19,200,160,90,1,,,"137,5",Υπνοδωμάτιο,κρεβάτι,,https://eboy.gr/app/uploads/sites/2/2026/05/metalliko-diplo-krebati-160x200x90yek-fb.webp,,,,,,,,,0,B2BMarkt,ύψος,"90 εκ.",1,1,πλάτος,"160 εκ.",1,1,μήκος,"200 εκ.",1,1,B2BMarkt,76537,5208067230834,"2026-05-10 02:40:48",B2BMarkt,"<ul>
<li>Κατασκευή από σφυρήλατο μέταλλο με προστατευτικό βερνικόχρωμα για εμφάνιση και προστασία</li>
<li>Διακόσμηση κεφαλάριου και ποδαρικού με μεταλλικά σχέδια</li>
<li>Υψηλό κεφαλάρι και κοντό ποδαρικό για εύκολη πρόσβαση και καθαρισμό κάτω από το κρεβάτι</li>
<li>Σχεδιασμός που επιτρέπει πλήρη αξιοποίηση του διαθέσιμου χώρου</li>
<li>Επιφάνεια σε καφέ χρώμα, ανθεκτική στη φθορά</li>
</ul>"
285203,simple,0509918,5208067211420,"Πύργος εκμάθησης Montessori Pepe",1,0,visible,,"<p>Ανακαλύψτε τον Πύργο Εκμάθησης Montessori Pepe - το κλειδί για μια ολοκληρωμένη ανάπτυξη του παιδιού σας! Σχεδιασμένος με γνώμονα την ασφάλεια και την ελευθερία κίνησης, αυτός ο εντυπωσιακός πύργος αποτελεί το ιδανικό σημείο εκκίνησης για κάθε μικρή εξερευνήτρια/εξεταστή.</p> <p>Η φυσική ομορφιά συναντά την ποιότητα: κατασκευασμένος από εκλεκτό ξύλο πεύκου σε λευκό χρώμα, συνδυάζει την αισθητική κομψότητα με τη στιβαρή κατασκευή. Με τις λείες επιφάνειες και το προσεγμένο φινίρισμα, ο Pepe δεν είναι απλά ένας παιδικός εξοπλισμός - είναι ένα έργο τέχνης που μεταμορφώνει τον χώρο σας, προσφέροντας απεριόριστες δυνατότητες για μάθηση και παιχνίδι.</p>",,,taxable,,1,60,,0,0,7.5,53,55,90,1,,,"64,9",Υπνοδωμάτιο,,,https://eboy.gr/app/uploads/sites/2/2026/05/pyrgos-ekmathisis-tmontessori-fb9929103-.webp,,,,,,,,,0,B2BMarkt,ύψος,"90 εκ.",1,1,πλάτος,"55 εκ.",1,1,μήκος,"53 εκ.",1,1,B2BMarkt,76538,5208067211420,"2026-05-10 02:41:17",B2BMarkt,"<ul>
<li>Κατασκευή από φυσικό ξύλο πεύκου με λευκό φινίρισμα</li>
<li>Λείες και προσεγμένα επεξεργασμένες επιφάνειες</li>
<li>Σταθερή και ανθεκτική δομή για μακροχρόνια χρήση</li>
<li>Πολυχρηστικός σχεδιασμός με δύο επίπεδα δραστηριοτήτων (41x28 εκ. & 33x28 εκ.)</li>
<li>Ελάχιστα γεωμετρικά περιγράμματα στο σχεδιασμό για ευελιξία χώρου</li>
<li>Ανθεκτικό φινίρισμα που διευκολύνει τον καθαρισμό</li>
</ul>"
285205,simple,1050900,5208067211581,"Κρεβάτι παιδικό Montessori",1,0,visible,,"<!DOCTYPE html> <html lang=""el""> <head> <meta charset=""UTF-8""> </head> <body> <p>Ανακαλύψτε το παιδικό κρεβάτι Montessori HOUSER - την τέλεια επιλογή για ένα φωτεινό και λειτουργικό παιδικό δωμάτιο. Σχεδιασμένο με γνώμονα τις ανάγκες του σύγχρονου γονέα, συνδυάζει άριστη ποιότητα κατασκευής με μοντέρνο στυλ που θα αγαπήσουν τόσο τα παιδιά όσο και οι γονείς.</p> <p>Το κρεβάτι χαμηλού προφίλ ενθαρρύνει την ανεξαρτησία και την ασφάλεια του παιδιού σας, ενώ η κλασική του γραμμή ταιριάζει αρμονικά σε κάθε χώρο. Επενδύστε στην ανάπτυξη των παιδιών σας και στη δημιουργία ενός περιβάλλοντος μάθησης μέσα από το παιχνίδι - αυτό είναι το πνεύμα της Montessori που φέρνει το κρεβάτι HOUSER στο παιδικό δωμάτιο.</p> </body> </html>",,,taxable,,1,68,,0,0,21.5,97,196,153,1,,,"189,9",Υπνοδωμάτιο,κρεβάτι,,https://eboy.gr/app/uploads/sites/2/2026/05/krebati-paidiko-fb974003-tmontessori-xyl.webp,,,,,,,,,0,B2BMarkt,ύψος,"153 εκ.",1,1,πλάτος,"196 εκ.",1,1,μήκος,"97 εκ.",1,1,B2BMarkt,76539,5208067211581,"2026-05-10 02:41:49",B2BMarkt,"<ul>
<li>Κατασκευή από ξύλο με επικάλυψη αβλαβούς μη τοξικού βερνικιού νερού</li>
<li>Διαθέτει τάβλες στήριξης στρώματος από κόντρα πλακέ ξυλεία</li>
<li>Σχεδιασμός χαμηλού ύψους με ενισχυμένα χαμηλά πόδια για ασφάλεια</li>
<li>Ειδική επιφάνεια με διακοσμητική φιγούρα σπιτιού στην μία πλευρά</li>
<li>Δυνατότητα εύκολης πρόσβασης και ανεβοκατέβασης χωρίς βοήθεια</li>
</ul>"
285207,simple,0509934,5208067211598,"Κρεβάτι παιδικό Houser Montessori",1,0,visible,,"<p>Ανακαλύψτε το παιδικό κρεβάτι Houser Montessori - την ιδανική επιλογή για γονείς που αναζητούν ένα λειτουργικό και δημιουργικό χώρο ύπνου. Σχεδιάστηκε με γνώμονα τις σύγχρονες παιδαγωγικές μεθόδους Montessori, προωθώντας την αυτονομία του παιδιού και ενθαρρύνοντας την εξερεύνηση.</p> <p>Το μοναδικό design συνδυάζει πρακτικότητα και στυλ: δύο ευρύχωρα συρόμενα συρτάρια στο κάτω μέρος προσφέρουν εύκολη πρόσβαση σε παιχνίδια και προσωπικά αντικείμενα, ενώ το συμπαγές μέγεθος (για στρώμα 90x190εκ) εξασφαλίζει μέγιστη αξιοποίηση του χώρου. Η ξύλινη κατασκευή με περιμετρικό κάγκελο εγγυάται ασφάλεια και ανθεκτικότητα. Μια μοντέρνα επιλογή που μεταμορφώνει το παιδικό δωμάτιο σε έναν εμπνευσμένο χώρο μάθησης και ανάπτυξης.</p>",,,taxable,,1,45,,0,0,34.5,95,196,153,1,,,"199,9",Υπνοδωμάτιο,κρεβάτι,,https://eboy.gr/app/uploads/sites/2/2026/05/krebati-paidiko-me-syrtaria-fb974101-tmo.webp,,,,,,,,,0,B2BMarkt,ύψος,"153 εκ.",1,1,πλάτος,"196 εκ.",1,1,μήκος,"95 εκ.",1,1,B2BMarkt,76540,5208067211598,"2026-05-10 02:42:18",B2BMarkt,"<ul>
<li>Κατασκευή από μασίφ ξύλο με επικάλυψη αβλαβούς βερνικιού νερού</li>
<li>Μη τοξικό φινίρισμα φιλικό προς τα παιδιά</li>
<li>Περιμετρικό ξύλινο κάγκελο ασφαλείας</li>
<li>2 συρόμενα συρτάρια στο κάτω μέρος</li>
<li>Υποδοχή για στρώμα διαστάσεων 90x190 εκ.</li>
<li>Βάση στρώματος από τάβλες κόντρα πλακέ</li>
<li>Ειδικό σχήμα σπιτιού με αυξημένο ύψος</li>
</ul>"
285209,simple,0509933,5208067211574,"Κρεβάτι παιδικό Montessori",1,0,visible,,"<!DOCTYPE html> <html lang=""el""> <head> <meta charset=""UTF-8""> <title>Παιδικό Κρεβάτι Montessori - Houser</title> <style> h1 {color: #2c3e50;} p {margin: 10px 0;} </style> </head> <body> <p>Εμπνευσμένο από τις αρχές του εκπαιδευτικού συστήματος Montessori, το παιδικό κρεβάτι Houser δημιουργεί ένα ιδανικό περιβάλλον ανάπτυξης. Με λιτές γραμμές και ανθεκτική κατασκευή, προσφέρει τόσο την ασφάλεια που χρειάζεστε όσο και την ανεξαρτησία που χρειάζονται τα παιδιά στην ανάπτυξη της αυτονομίας τους.</p> <p>Η κλασική του αισθητική συνδυάζεται αρμονικά με τη σύγχρονη λειτουργικότητα, δημιουργώντας έναν κομψό χώρο ύπνου που θα παραμείνει διαχρονικός. Ιδανικό για γονείς που αναζητούν ποιότητα και σεβασμό στον προσωπικό ρυθμό ανάπτυξης του παιδιού.</p> </body> </html>",,,taxable,,1,67,,0,0,21.5,97,196,153,1,,,"189,9",Υπνοδωμάτιο,κρεβάτι,,https://eboy.gr/app/uploads/sites/2/2026/05/krebati-paidiko-fb974001-tmontessori-xyl.webp,,,,,,,,,0,B2BMarkt,ύψος,"153 εκ.",1,1,πλάτος,"196 εκ.",1,1,μήκος,"97 εκ.",1,1,B2BMarkt,76541,5208067211574,"2026-05-10 02:42:46",B2BMarkt,"<ul>
<li>Κατασκευή από φυσικό ξύλο με επεξεργασία αβλαβούς, μη τοξικού βερνικιού νερού</li>
<li>Υποδοχή στρώματος τύπου τάβλας με χρήση ξυλείας κόντρα πλακέ</li>
<li>Σχεδιασμός χαμηλού ύψους με πόδια στήριξης για εύκολη πρόσβαση και αυτονομία του παιδιού</li>
<li>Ειδική επιφάνεια με διακοσμητική φιγούρα σπιτιού στην μία πλευρά</li>
<li>Απλός μηχανισμός ανύψωσης για ευκολία στη συντήρηση</li>
</ul>"
285211,simple,0509928,5208067211529,"Καρέκλα Ricki",1,0,visible,,"<!DOCTYPE html> <html lang=""el""> <head> <meta charset=""UTF-8""> <title>Καρέκλα Ricki</title> <meta name=""description"" content=""Πολυλειτουργική παιδική καρέκλα με στυλ και ποιότητα.""> </head> <body> <p>Ανακαλύψτε την Καρέκλα Ricki, τον ιδανικό σύντροφο για τα πρώτα χρόνια του παιδιού σας στον κόσμο της ανεξαρτησίας! Αυτή η μοντέρνα καρέκλα τύπου Montessori δεν είναι απλά ένα καρεκλάκι - είναι ο χώρος όπου το παιδί σας θα αναπτύξει τις πρώτες του δεξιότητες με στυλ και άνεση.</p> <p>Με κομψό σχεδιασμό που ταιριάζει σε κάθε χώρο, προσφέρει όχι μόνο άνετο κάθισμα αλλά και έξυπνο αποθηκευτικό χώρο κάτω από το κάθισμα για τα απαραίτητα είδη πρώτης ανάγκης. Η Ricki συνδυάζει την αισθητική του σύγχρονου interior design με τη λειτουργικότητα ενός παιδικού επίπλου, δημιουργώντας μια ξεχωριστή εμπειρία μάθησης και ανάπτυξης.</p> </body> </html>",,,taxable,,1,75,,0,0,6.5,43,33,47,1,,,"39,9",Υπνοδωμάτιο,καρέκλα,,https://eboy.gr/app/uploads/sites/2/2026/05/paidiko-kareklaki-me-apothchoro-fb918343.webp,,,,,,,,,0,B2BMarkt,ύψος,"47 εκ.",1,1,πλάτος,"33 εκ.",1,1,μήκος,"43 εκ.",1,1,B2BMarkt,76542,5208067211529,"2026-05-10 02:43:16",B2BMarkt,"<ul>
<li>Κατασκευή από κόντρα πλακέ και MDF πάχους 15mm για σταθερή και ανθεκτική δομή.</li>
<li>Λείες επιφάνειες με επαγγελματικό φινίρισμα υψηλής ποιότητας.</li>
<li>Ενσωματωμένος αποθηκευτικός χώρος κάτω από το κάθισμα που ανασηκώνεται για οργάνωση αντικειμένων.</li>
<li>Σχεδιασμός τύπου Montessori με άνετο κάθισμα και εύκολη πρόσβαση για παιδιά.</li>
<li>Πλάτη με σωστή γεωμετρία για βέλτιστη στήριξη του σώματος.</li>
</ul>"
285213,simple,0509927,5208067211512,"Καρεκλάκι Ricki",1,0,visible,,"<!DOCTYPE html> <html lang=""el""> <head> <meta charset=""UTF-8""> <title>Καρεκλάκι RICKI</title> <meta name=""description"" content=""Παιδικό καρεκλάκι με στυλ και λειτουργικότητα""> <style> h1 { color: #2E7D32; } p { font-size: 18px; line-height: 1.4; } </style> </head> <body> <p>Ανακαλύψτε το παιδικό καρεκλάκι RICKI, την ιδανική επιλογή για γονείς που αναζητούν συνδυασμό ποιότητας και design. Σχεδιασμένο με έμπνευση από τη μέθοδο Montessori, προσφέρει ένα άνετο σημείο ξεκούρασης με ενσωματωμένη πρακτικότητα. Ο μοναδικός αποθηκευτικός χώρος επιτρέπει την εύκολη οργάνωση παιχνιδιών και καθημερινών αντικειμένων.</p> <p>Με έμφαση στην ασφάλεια και την άνεση, το RICKI προσαρμόζεται στις ανάγκες του παιδιού σας, ενώ η μοντέρνα του γραμμή ταιριάζει αρμονικά σε κάθε χώρο. Επενδύστε σε ένα κλασικό κομμάτι που θα γίνει αναπόσπαστο μέρος της καθημερινότητας του μικρού εξερευνητή!</p> </body> </html>",,,taxable,,1,79,,0,0,6.5,43,33,47,1,,,"39,9",Υπνοδωμάτιο,καρέκλα,,https://eboy.gr/app/uploads/sites/2/2026/05/paidiko-kareklaki-me-apothchoro-fb918343-1.webp,,,,,,,,,0,B2BMarkt,ύψος,"47 εκ.",1,1,πλάτος,"33 εκ.",1,1,μήκος,"43 εκ.",1,1,B2BMarkt,76543,5208067211512,"2026-05-10 02:43:46",B2BMarkt,"<ul>
<li>Κατασκευή από κόντρα πλακέ και MDF πάχους 15mm για σταθερή και ανθεκτική δομή.</li>
<li>Λείες επιφάνειες με προσεγμένο επαγγελματικό φινίρισμα.</li>
<li>Ενσωματωμένος αποθηκευτικός χώρος κάτω από το κάθισμα που ανασηκώνεται.</li>
<li>Σχεδιασμός με σωστές αναλογίες για βέλτιστη στήριξη του σώματος του παιδιού.</li>
<li>Ασφαλής και εύκολη πρόσβαση χωρίς περιορισμούς για την ενθάρρυνση της αυτονομίας.</li>
</ul>"
285215,simple,0509926,5208067211499,"Παγκάκι παιδικό Ricki",1,0,visible,,"<!DOCTYPE html> <html lang=""el""> <head> <meta charset=""UTF-8""> <title>Παιδικό Παγκάκι Ricki</title> <style> h1 {color: #21466a; text-align:center;} p {margin-bottom: 15px;} </style> </head> <body> <p>Εμπλουτίστε τον εσωτερικό σας χώρο με το παιδικό παγκάκι Ricki, ένα διαχρονικό έπιπλο που συνδυάζει την πρακτικότητα με την κομψότητα. Το μοναδικό του design εμπνέεται από τις αρχές Montessori και προσφέρει στα παιδιά έναν προσωπικό χώρο ανάπτυξης και μάθησης.</p> <p>Με άνετο κάθισμα σε αρμονία με τη σύγχρονη αισθητική, αποτελεί ιδανική επιλογή για κάθε σύγχρονο σπίτι. Ο έξυπνος σχεδιασμός περιλαμβάνει κρυφό αποθηκευτικό χώρο, διατηρώντας το δωμάτιο οργανωμένο και λειτουργικό. Η ποιότητα κατασκευής εξασφαλίζει αντοχή στο χρόνο, ενώ η φυσική του εμφάνιση προσαρμόζεται αρμονικά σε κάθε περιβάλλον.</p> </body> </html>",,,taxable,,1,48,,0,0,9.65,43,63,47,1,,,"69,9","Σαλόνι & Καθιστικό",παγκάκι,,https://eboy.gr/app/uploads/sites/2/2026/05/pagkaki-paidiko-me-apothchoro-fb91834201.webp,,,,,,,,,0,B2BMarkt,ύψος,"47 εκ.",1,1,πλάτος,"63 εκ.",1,1,μήκος,"43 εκ.",1,1,B2BMarkt,76544,5208067211499,"2026-05-10 02:44:20",B2BMarkt,"<ul>
<li>Κατασκευή από κόντρα πλακέ και MDF πάχους 15mm για σταθερή και ανθεκτική δομή.</li>
<li>Λείες επιφάνειες με προσεγμένο φινίρισμα για αισθητική και εύκολη συντήρηση.</li>
<li>Εσωτερικό αποθηκευτικό χώρο κάτω από το κάθισμα που ανασηκώνεται για οργάνωση αντικειμένων.</li>
<li>Σχεδιασμός με πλάτη για σωστή υποστήριξη της σπονδυλικής στήλης του παιδιού.</li>
<li>Ανθεκτική κατασκευή με πάχος υλικών 15mm για μακροχρόνια χρήση.</li>
</ul>"
285217,simple,0509925,5208067211505,"Παγκάκι παιδικό Ricki",1,0,visible,,"<p>Ανακαλύψτε το παιδικό παγκάκι RICKI, ένα κομψό έπιπλο που συνδυάζει άψογα τη λειτουργικότητα με την αισθητική. Σχεδιασμένο ειδικά για τις ανάγκες των παιδιών σύμφωνα με τις αρχές Montessori, προσφέρει έναν άνετο χώρο μάθησης και χαλάρωσης στον εσωτερικό σας χώρο.</p> <p>Με μινιμαλιστικό σχεδιασμό και έμφαση στην ποιότητα, το παγκάκι αυτό δεν είναι απλά ένα καθιστικό - είναι ένας σύμμαχος στη διαμόρφωση του χώρου παιχνιδιού. Ο έξυπνος αποθηκευτικός χώρος κάτω από το κάθισμα διατηρεί την τάξη και την οργάνωση στο παιδικό δωμάτιο, ενώ η εργονομική του κατασκευή εξασφαλίζει ασφάλεια και άνεση για τα μικρά σας.</p>",,,taxable,,1,47,,0,0,9.65,43,63,47,1,,,"69,9",Υπνοδωμάτιο,παγκάκι,,https://eboy.gr/app/uploads/sites/2/2026/05/pagkaki-paidiko-me-apothchoro-fb91834203.webp,,,,,,,,,0,B2BMarkt,ύψος,"47 εκ.",1,1,πλάτος,"63 εκ.",1,1,μήκος,"43 εκ.",1,1,B2BMarkt,76545,5208067211505,"2026-05-10 02:44:52",B2BMarkt,"<ul>
<li>Κατασκευή από υψηλής ποιότητας κόντρα πλακέ και MDF πάχους 15mm για σταθερή δομή.</li>
<li>Λεία επιφάνειες με επαγγελματικό φινίρισμα για ασφάλεια και υγιεινή.</li>
<li>Ενσωματωμένος αποθηκευτικός χώρος κάτω από το κάθισμα που ανασηκώνεται (45°).</li>
<li>Σχεδιασμός τύπου Montessori με άνετο κάθισμα και εύκολη πρόσβαση.</li>
<li>Πλάτη με εργονομικό σχεδιασμό για σωστή υποστήριξη της σπονδυλικής στήλης.</li>
<li>Ανθεκτική κατασκευή με αντοχή στη καθημερινή χρήση.</li>
</ul>"
285219,simple,0509922,5208067211451,"Σκάλα/σκαμπώ Ricki",1,0,visible,,"<p>Ανακαλύψτε το παιδικό σκαλάκι RICKI, ένα κομψό και ασφαλές εργαλείο για τα πρώτα βήματα του παιδιού σας. Σχεδιασμένο με έμφαση στην αισθητική και την ποιότητα, προσφέρει μια φυσική μετάβαση από την εξάρτηση στη μικρή ανεξαρτησία. Με προσεκτικά επιλεγμένα υλικά και γήινες αποχρώσεις, δημιουργεί έναν όμορφο χώρο στον εσωτερικό σας διάκοσμο.</p> <p>Η επιλογή RICKI σημαίνει επένδυση στο μέλλον - ένα σκαλάκι που δεν είναι απλώς έπιπλο, αλλά ένας πολύτιμος παιδαγωγικός σύμμαχος σύμφωνα με τη μέθοδο Montessori. Ενθαρρύνει την εξερεύνηση και ενισχύει την αυτοπεποίθηση του παιδιού σας, ενώ παράλληλα προσαρμόζεται αρμονικά σε κάθε παιδικό δωμάτιο.</p>",,,taxable,,1,46,,0,0,5.2,43.5,33,40.5,1,,,"32,9",Υπνοδωμάτιο,σκαμπό,,https://eboy.gr/app/uploads/sites/2/2026/05/paidiki-skala-skampo-fb91834001-mdf-kont.webp,,,,,,,,,0,B2BMarkt,ύψος,"40.5 εκ.",1,1,πλάτος,"33 εκ.",1,1,μήκος,"43.5 εκ.",1,1,B2BMarkt,76546,5208067211451,"2026-05-10 02:45:26",B2BMarkt,"<ul>
<li>Κατασκευή από ανθεκτικό ξύλο με φυσική επεξεργασία για ασφάλεια και αντοχή</li>
<li>Εργονομική σχεδίαση με αντιολισθητική βάση για σταθερότητα</li>
<li>Επιφάνεια με ειδική επεξεργασία για προστασία από γρατζουνιές και λεκέδες</li>
<li>Απαλή καμπύλη στο σκαλοπάτι για άνετη πρόσβαση των παιδιών</li>
<li>Αντιολισθητικά πέλματα στα πόδια στήριξης</li>
</ul>"
285221,simple,0509921,5208067211468,"Σκάλα/σκαμπό Ricki",1,0,visible,,"<!DOCTYPE html> <html lang=""el""> <head> <meta charset=""UTF-8""> <title>Σκάλα/σκαμπό Ricki</title> </head> <body> <p>Ανακαλύψτε το παιδικό σκαλάκι RICKI, την ιδανική λύση για τα πρώτα ανεξάρτητα βήματα του παιδιού σας. Με μοντέρνο και κομψό σχεδιασμό σε λευκό χρώμα, συνδυάζει άριστα λειτουργικότητα και αισθητική στον εσωτερικό χώρο.</p> <p>Εμπνευσμένο από τη μέθοδο Montessori, προσφέρει ασφάλεια και αυτοπεποίθηση στο μικρό εξερευνητή, διευκολύνοντας καθημερινές δραστηριότητες όπως το πλύσιμο ή την προετοιμασία για το σχολείο. Η ποιότητα κατασκευής εγγυάται μακροχρόνια χρήση, ενώ η εργονομική του σχεδίαση προσαρμόζεται ομαλά στις ανάγκες ανάπτυξης του παιδιού.</p> </body> </html>",,,taxable,,1,49,,0,0,5.2,43.5,33,40.5,1,,,"32,9",Υπνοδωμάτιο,σκαμπό,,https://eboy.gr/app/uploads/sites/2/2026/05/paidiki-skala-skampo-fb91834003-mdf-kont.webp,,,,,,,,,0,B2BMarkt,ύψος,"40.5 εκ.",1,1,πλάτος,"33 εκ.",1,1,μήκος,"43.5 εκ.",1,1,B2BMarkt,76547,5208067211468,"2026-05-10 02:45:58",B2BMarkt,"<ul>
<li>Κατασκευή από ανθεκτικό πλαστικό υλικό υψηλής ποιότητας με αντοχή στη φθορά</li>
<li>Εργονομικός σχεδιασμός με αντιολισθητική επιφάνεια για αυξημένη ασφάλεια</li>
<li>Σταθερή βάση με ενισχυμένα στηρίγματα για μέγιστη σταθερότητα</li>
<li>Λεία, μη-τοξική επιφάνεια κατάλληλη για επαφή με τρόφιμα (για χρήση στην κουζίνα)</li>
<li>Ασφαλές ύψος που επιτρέπει την εύκολη πρόσβαση σε νιπτήρες και πάγκους εργασίας</li>
</ul>"
285223,simple,0509917,5208067211413,"Πυργος εκμαθησης Montessori Pepe",1,0,visible,,"<!DOCTYPE html> <html lang=""el""> <head> <meta charset=""UTF-8""> <title>Πύργος Εκμάθησης Montessori Pepe</title> </head> <body> <p>Φέρτε το μέλλον του παιδικού δωματίου σας στο παρόν με τον μοναδικό Πύργο Εκμάθησης PEPE, σχεδιασμένο σύμφωνα με τις αρχές της μεθόδου Montessori. Ένα κομψό ξύλινο κατασκεύασμα που μεταμορφώνει την καθημερινή μάθηση σε μαγική εμπειρία. Η φυσική ομορφιά και η στιβαρή κατασκευή από ξύλο πεύκου προσδίδουν στην ατμόσφαιρα του χώρου μια ζεστή αίσθηση ποιότητας.</p> <p>Επιτρέψτε στο παιδί σας να εξερευνήσει τον κόσμο με ασφάλεια, ενισχύοντας την αυτονομία του βήμα-βήμα. Ο πύργος PEPE δεν είναι απλά ένα έπιπλο - είναι ο σύμμαχος της φυσικής ανάπτυξης και η καρδιά κάθε Montessori δωματίου. Με προσεγμένο φινίρισμα που συνδυάζει λειτουργικότητα και αισθητική, αποτελεί μια διαχρονική επιλογή για τους σύγχρονους γονείς.</p> </body> </html>",,,taxable,,1,77,,0,0,7.5,53,55,90,1,,,"64,9",Γραφείο,καλόγερος,,https://eboy.gr/app/uploads/sites/2/2026/05/pyrgos-ekmathisis-tmontessori-fb9929101-.webp,,,,,,,,,0,B2BMarkt,ύψος,"90 εκ.",1,1,πλάτος,"55 εκ.",1,1,μήκος,"53 εκ.",1,1,B2BMarkt,76548,5208067211413,"2026-05-10 02:46:32",B2BMarkt,"<ul>
<li>Κατασκευή από φυσικό ξύλο πεύκου σε φυσική απόχρωση.</li>
<li>Σταθερή και ανθεκτική δομή με λεία επιφάνειες υψηλής ποιότητας φινιρίσματος.</li>
<li>Πολυχρηστικός σχεδιασμός με δύο επίπεδα πρόσβασης (41x28 εκ. & 33x28 εκ.)</li>
<li>Ελάχιστη αισθητική παρέμβαση (minimal design) για εναρμόνιση σε κάθε χώρο.</li>
<li>Ανθεκτικό φινίρισμα που διευκολύνει τον καθαρισμό και τη συντήρηση.</li>
</ul>"
285225,simple,0603241,5208067216326,"Ομπρέλα πισίνας Javante",1,0,visible,,"<p>Μεταμορφώστε τον εξωτερικό σας χώρο με την ομπρέλα πισίνας Javante - την επιτομή του κομψού design και της λειτουργικότητας. Ιδανική για πισίνες, κήπους και βεράντες, προσφέρει ένα μοντέρνο καταφύγιο από τον ήλιο.</p> <p>Με εντυπωσιακή διάμετρο 2.7x2.7μ και περιστροφή 360 μοιρών, δημιουργεί το απόλυτο σημείο χαλάρωσης. Το ξεχωριστό γκρι χρώμα συνδυάζεται αρμονικά με κάθε περιβάλλον, προσδίδοντας κομψότητα και στυλ. Κατασκευασμένη από ανθεκτικά υλικά υψηλής ποιότητας, η Javante εγγυάται μακροχρόνια αντοχή στις καιρικές συνθήκες.</p>",,,taxable,,1,56,,0,0,23.5,101,101,6,1,,,"199,9","Κήπος & Εξωτερικός Χώρος",ομπρέλα,,https://eboy.gr/app/uploads/sites/2/2026/05/omprela-pisinas-fb9662301-gkri-aloyminio.webp,,,,,,,,,0,B2BMarkt,ύψος,"6 εκ.",1,1,πλάτος,"101 εκ.",1,1,μήκος,"101 εκ.",1,1,B2BMarkt,76549,5208067216326,"2026-05-10 02:47:04",B2BMarkt,"<ul>
<li>Κατασκευή από ανοδιωμένο αλουμίνιο υψηλής αντοχής και ενισχυμένα μεταλλικά στοιχεία για μέγιστη σταθερότητα</li>
<li>Ηλεκτροστατική βαφή ανθεκτική στις εξωτερικές συνθήκες και τη διάβρωση</li>
<li>Πανάρισμα πολυεστερικού υφάσματος 250g με προστασία UV 100+</li>
<li>Μηχανισμός περιστροφής 360° με χειρολαβή και foot pedal για εύκολη χρήση</li>
<li>Σχεδιασμός με πλευρικό ιστό (κρεμαστή) για βέλτιστη κάλυψη και αισθητική</li>
</ul>"
285227,simple,0603242,5208067216319,"Ομπρέλα πισίνας Javante",1,0,visible,,"<!DOCTYPE html> <html lang=""el""> <head> <meta charset=""UTF-8""> <title>Ομπρέλα Πισίνας Javante</title> </head> <body> <p>Ανακαλύψτε την τέλεια ισορροπία μεταξύ στυλ και λειτουργικότητας με την ομπρέλα κήπου/πισίνας JAVANTE. Η κομψή λευκού χρώματος κατασκευή της (2.7x2.7μ) μεταμορφώνει κάθε εξωτερικό χώρο σε ένα κομψό καταφύγιο χαλάρωσης, προσφέροντας 360° προστασία από τον ήλιο.</p> <p>Σχεδιασμένη για να αναδείξει την αισθητική του χώρου σας, η ομπρέλα ξεχωρίζει με το minimal design και τον καινοτόμο πλευρικό ιστό που επιτρέπει πλήρη περιστροφή. Η ανθεκτική κατασκευή της, από υψηλής ποιότητας αλουμίνιο, εγγυάται μακροχρόνια χρήση και μέγιστη αντοχή στις καιρικές συνθήκες, καθιστώντας την ιδανική επιλογή για πισίνες, κήπους ή βεράντες.</p> </body> </html>",,,taxable,,1,55,,0,0,23.5,101,101,6,1,,,"199,9","Κήπος & Εξωτερικός Χώρος",ομπρέλα,,https://eboy.gr/app/uploads/sites/2/2026/05/omprela-pisinas-fb9662302-leyko-aloymini.webp,,,,,,,,,0,B2BMarkt,ύψος,"6 εκ.",1,1,πλάτος,"101 εκ.",1,1,μήκος,"101 εκ.",1,1,B2BMarkt,76550,5208067216319,"2026-05-10 02:47:35",B2BMarkt,"<ul>
    <li>Κατασκευή από ανοδιωμένο αλουμίνιο υψηλής αντοχής και ενισχυμένα μεταλλικά στοιχεία για μέγιστη σταθερότητα</li>
    <li>Ηλεκτροστατική βαφή για προστασία από εξωτερικούς παράγοντες και αυξημένη διάρκεια ζωής</li>
    <li>Πανί από πολυεστερικό ύφασμα 250g με υψηλή αντοχή στην ηλιακή ακτινοβολία και τον άνεμο</li>
    <li>Μηχανισμός περιστροφής 360° με χειρολαβή και foot pedal για εύκολη χρήση και πλήρη κάλυψη περιοχής</li>
    <li>Πλευρικός μηχανισμός (κρεμαστή) για βέλτιστη αξιοποίηση του χώρου</li>
</ul>"
285229,simple,0509935,5208067211604,"Παιδικό κρεβάτι Montessori Domer",1,0,visible,,"<!DOCTYPE html> <html lang=""el""> <head> <meta charset=""UTF-8""> <title>Παιδικό Κρεβάτι Montessori DOMER</title> </head> <body> <p>Ανακαλύψτε το παιδικό κρεβάτι DOMER, μια έξυπνη επιλογή για κάθε σύγχρονο γονιό που θέλει να προσφέρει στο παιδί του ένα περιβάλλον μάθησης και άνεσης. Σχεδιασμένο με την παιδαγωγική φιλοσοφία Montessori, ενθαρρύνει την ανεξαρτησία και την αυτονομία του παιδιού.</p> <p>Με κομψά ψηλά πόδια και λιτή, μοντέρνα γραμμή σε λευκό χρώμα, το DOMER συνδυάζει αισθητική τελειότητα με άριστη ποιότητα κατασκευής. Κατασκευασμένο από ξύλο με οικολογική βαφή νερού, προσφέρει ένα ασφαλές και υγιεινό περιβάλλον για τον ύπνο του μικρού σας εξερευνητή. Είναι η ιδανική επιλογή για γονείς που αναζητούν μια διαχρονική λύση για το παιδικό δωμάτιο, συνδυάζοντας την ανάπτυξη δεξιοτήτων με τη άνεση και την ομορφιά.</p> </body> </html>",,,taxable,,1,45,,0,0,31,97,196,160,1,,,"269,9",Υπνοδωμάτιο,κρεβάτι,,https://eboy.gr/app/uploads/sites/2/2026/05/paidiko-krebati-tmontessori-fb974201-xyl.webp,,,,,,,,,0,B2BMarkt,ύψος,"160 εκ.",1,1,πλάτος,"196 εκ.",1,1,μήκος,"97 εκ.",1,1,B2BMarkt,76551,5208067211604,"2026-05-10 02:48:07",B2BMarkt,"<ul>
<li>Κατασκευή από μασίφ ξύλο και κόντρα πλακέ για αυξημένη αντοχή</li>
<li>Τελείωμα με λευκό μη τοξικό βερνίκι νερού φιλικού προς το παιδί</li>
<li>Διαστάσεις κατάλληλες για μονό στρώμα 90x190 εκ.</li>
<li>Σκελετός με ψηλά πόδια για αερισμό και προστασία από υγρασία</li>
<li>Επιφάνεια ύπνου σε τάβλες αντί παραδοσιακού κάδρου</li>
<li>Σχεδιασμός μορφής σπιτιού με δύο μαύρα διακοσμητικά παράθυρα</li>
</ul>"
285231,simple,0509920,5208067211444,"Τραπέζι Ricki",1,0,visible,,"<!DOCTYPE html> <html lang=""el""> <head> <meta charset=""UTF-8""> <title>Τραπέζι Ricki</title> </head> <body> <p>Μετατρέψτε το παιδικό δωμάτιο σε χώρο έμπνευσης με το επιτραπέζιο RICKI! Ένα τραπεζάκι ειδικά σχεδιασμένο για να ενθαρρύνει τη δημιουργικότητα και την εξερεύνηση του παιδιού σας. Με μοντέρνο, μινιμαλιστικό σχεδιασμό και λευκό φινίρισμα που αντανακλά το φως, δημιουργεί μια ευχάριστη ατμόσφαιρα στο χώρο.</p> <p>Η εργονομική του κατασκευή από υψηλής ποιότητας υλικά εξασφαλίζει μακροχρόνια χρήση και ασφάλεια. Το RICKI δεν είναι απλά ένα έπιπλο - είναι ένας σύμμαχος στη μαθησιακή ανάπτυξη του παιδιού, προσφέροντας πρακτικούς αποθηκευτικούς χώρους για τα αγαπημένα του παιχνίδια και υλικά.</p> </body> </html>",,,taxable,,1,41,,0,0,10.5,65,65,47,1,,,"59,9",Υπνοδωμάτιο,τραπέζι,,https://eboy.gr/app/uploads/sites/2/2026/05/trapezaki-paidiko-me-apothchoroys-fb9183.webp,,,,,,,,,0,B2BMarkt,ύψος,"47 εκ.",1,1,πλάτος,"65 εκ.",1,1,μήκος,"65 εκ.",1,1,B2BMarkt,76552,5208067211444,"2026-05-10 02:48:38",B2BMarkt,"<ul>
<li>Κατασκευή από MDF πάχους 15mm για σταθερότητα και ανθεκτικότητα</li>
<li>Επιφάνεια με φινίρισμα υψηλής ποιότητας που αντέχει στην καθημερινή χρήση</li>
<li>Ποδοστάτες από φυσικό ξύλο σημύδας για φυσική αισθητική και αντοχή στο χρόνο</li>
<li>Ενσωματωμένοι αποθηκευτικοί χώροι στις δύο πλευρές για οργάνωση αντικειμένων</li>
<li>Σχεδιασμός με στρογγυλεμένες γωνίες για ασφάλεια κατά τη χρήση</li>
<li>Ανθεκτική συναρμολόγηση με έμφαση στην σταθερότητα του προϊόντος</li>
</ul>"
285233,simple,0509923,5208067211475,"Τρολευ Ricki",1,0,visible,,"<!DOCTYPE html> <html lang=""el""> <head> <meta charset=""UTF-8""> <title>RICKI Παιδικό Τρόλεϊ</title> </head> <body> <p>Το παιδικό τρόλεϊ RICKI είναι ένα καινοτόμο παιχνίδι που συνδυάζει λειτουργικότητα και αισθητική, εμπνευσμένο από τη μέθοδο Montessori. Με την κομψή του εμφάνιση και την ποιοτική ξύλινη κατασκευή του, μεταμορφώνει το καθημερινό ντύσιμο σε μια απολαυστική εμπειρία για τα μικρά σας. Ενισχύει την αυτονομία και προάγει την κινητική ανάπτυξη, ενώ ταυτόχρονα αναβαθμίζει τον χώρο του παιδιού σας με μια μοντέρνα πινελιά.</p> <p>Φέρτε την επανάσταση στην παιδική φροντίδα! Το RICKI αποτελεί όχι απλά ένα αξεσουάρ, αλλά έναν πολύτιμο σύμμαχο στη διαμόρφωση της ανεξάρτητης προσωπικότητας των μικρών εξερευνητών. Η φυσική απόχρωση του ξύλου ταιριάζει αρμονικά σε κάθε παιδικό δωμάτιο, προσφέροντας ένα κομψό αποτέλεσμα που θα εκτιμήσουν και οι γονείς.</p> </body> </html>",,,taxable,,1,46,,0,0,4.4,45,33,50,1,,,"44,9",Υπνοδωμάτιο,,,https://eboy.gr/app/uploads/sites/2/2026/05/paidiko-troley-karotsaki-fb91834101-mdf-.webp,,,,,,,,,0,B2BMarkt,ύψος,"50 εκ.",1,1,πλάτος,"33 εκ.",1,1,μήκος,"45 εκ.",1,1,B2BMarkt,76553,5208067211475,"2026-05-10 02:49:11",B2BMarkt,"<ul>
<li>Κατασκευή από υψηλής ποιότητας ξύλο με στιβαρή δομή</li>
<li>Ελαφρύ και ανθεκτικό πλαίσιο για ασφαλή χρήση ως βοήθημα βάδισης</li>
<li>Μινιμαλιστικό design με λεία επιφάνεια φυσικού χρώματος</li>
<li>Ρυθμιζόμενα στοιχεία στήριξης για προσαρμογή στο ύψος του παιδιού</li>
<li>Αντιολισθητικά πέλματα στα σημεία επαφής με το έδαφος</li>
<li>Εύκολος χειρισμός χειρολαβών με εργονομικό σχεδιασμό</li>
</ul>"
285235,simple,0509924,5208067211482,"Τρολεϊ Ricki",1,0,visible,,"<p>Ανακαλύψτε το παιδικό τρόλεϊ RICKI, ένα μοντέρνο αξεσουάρ που συνδυάζει την αισθητική με τη λειτουργικότητα. Με λιτό σχεδιασμό και ανθεκτική κατασκευή από υψηλής ποιότητας υλικά, αποτελεί τον ιδανικό σύντροφο για τα πρώτα βήματα του παιδιού σας στον κόσμο της αυτονομίας.</p> <p>Εμπνευσμένο από τις αρχές της μεθόδου Montessori, το RICKI δεν είναι απλά ένα καροτσάκι - είναι η πύλη προς την ανεξαρτησία. Η μίνιμαλ γραμμή του και οι καθαρές γραμμές το καθιστούν όμορφο διακοσμητικό στοιχείο στο παιδικό δωμάτιο, ενώ παράλληλα προσφέρει ασφάλεια και στήριξη στα πρώτα βήματα του μικρού εξερευνητή.</p>",,,taxable,,1,48,,0,0,4.4,45,33,50,1,,,"44,9",Υπνοδωμάτιο,τραπέζι,,https://eboy.gr/app/uploads/sites/2/2026/05/paidiko-troley-karotsaki-fb91834103-mdf-.webp,,,,,,,,,0,B2BMarkt,ύψος,"50 εκ.",1,1,πλάτος,"33 εκ.",1,1,μήκος,"45 εκ.",1,1,B2BMarkt,76554,5208067211482,"2026-05-10 02:49:41",B2BMarkt,"<ul>
<li>Κατασκευή από υψηλής ποιότητας ανθεκτικό ξύλο</li>
<li>Ελαφρύ και στιβαρό πλαίσιο για εύκολη μετακίνηση</li>
<li>Επιφάνεια με οικολογικό φινίρισμα μη τοξικό κατάλληλο για παιδιά</li>
<li>Ρυθμιζόμενα σημεία στήριξης για προσαρμογή στο ύψος του παιδιού</li>
<li>Αντιολισθητικά πέλματα βάσης για σταθερότητα</li>
<li>Εύκολη συναρμολόγηση χωρίς εργαλεία</li>
</ul>"
285237,simple,0509919,5208067211437,"Τραπέζι παιδικό Ricki",1,0,visible,,"<p>Παρουσιάζουμε το παιδικό τραπεζάκι RICKI, μια ιδανική επιλογή για κάθε μοντέρνο παιδικό δωμάτιο. Σχεδιασμένο με γνώμονα την ασφάλεια και τη λειτουργικότητα, συνδυάζει αρμονικά τη πρακτικότητα με την αισθητική.<br /> Με το ιδιαίτερο τετράγωνο σχήμα του και τις στρογγυλεμένες γωνίες, το τραπέζι προσφέρει έναν ασφαλή χώρο όπου τα παιδιά μπορούν να εκφράσουν τη δημιουργικότητά τους χωρίς έγνοιες.</p> <p>Η φυσική απόχρωση του RICKI δημιουργεί ένα ζεστό περιβάλλον μάθησης, ενώ οι έξυπνα σχεδιασμένοι αποθηκευτικοί χώροι στις πλευρές επιτρέπουν την οργάνωση παιχνιδιών και υλικών με τάξη. Επενδύστε σε μια ποιοτική βάση για το μέλλον του παιδιού σας!</p>",,,taxable,,1,46,,0,0,9.4,65,65,47,1,,,"59,9",Υπνοδωμάτιο,τραπέζι,,https://eboy.gr/app/uploads/sites/2/2026/05/trapezaki-paidiko-me-apothchoroys-fb9183-1.webp,,,,,,,,,0,B2BMarkt,ύψος,"47 εκ.",1,1,πλάτος,"65 εκ.",1,1,μήκος,"65 εκ.",1,1,B2BMarkt,76555,5208067211437,"2026-05-10 02:50:15",B2BMarkt,"<ul>
<li>Κατασκευή από MDF πάχους 15mm για σταθερότητα και ανθεκτικότητα</li>
<li>Επιφάνεια με λεία επεξεργασία υψηλής ποιότητας</li>
<li>Ποδοστάτες από φυσικό ξύλο σημύδας για αντοχή στο χρόνο</li>
<li>Ενσωματωμένοι αποθηκευτικοί χώροι στις δύο πλευρές</li>
<li>Στρογγυλεμένες προστατευτικές γωνίες σε όλα τα σημεία</li>
<li>Φυσικό φινίρισμα που ταιριάζει με παιδικά δωμάτια</li>
</ul>"
285239,simple,0509929,5208067211536,"Πυργος εκμαθησης Ricki",1,0,visible,,"<p>Ο παιδικός Πύργος Εκμάθησης Ricki επαναπροσδιορίζει την παιδική ανάπτυξη στον εσωτερικό χώρο, προσφέροντας ένα μοναδικό περιβάλλον μάθησης και παιχνιδιού. Σχεδιασμένος με έμφαση στην ποιότητα και την ασφάλεια, συνδυάζει αρμονικά τη δημιουργικότητα με την καθημερινή εξερεύνηση.</p> <p>Με τον πρωτοποριακό μαυροπίνακα ενσωματωμένο στη δομή του, ο πύργος μετατρέπεται σε ένα δυναμικό εργαλείο εκπαίδευσης, ενθαρρύνοντας την ανάπτυξη δεξιοτήτων γραφής και δημιουργικής έκφρασης από μικρή ηλικία. Η φυσική αισθητική του το καθιστά ιδανικό για κάθε παιδικό δωμάτιο, συνδυάζοντας στυλ με λειτουργικότητα.</p>",,,taxable,,1,45,,0,0,7.7,32,43,84,1,,,"64,9",Γραφείο,κρεβάτι,,https://eboy.gr/app/uploads/sites/2/2026/05/pyrgos-ekmathisis-me-pinaka-fb91834401-x.webp,,,,,,,,,0,B2BMarkt,ύψος,"84 εκ.",1,1,πλάτος,"43 εκ.",1,1,μήκος,"32 εκ.",1,1,B2BMarkt,76556,5208067211536,"2026-05-10 02:50:46",B2BMarkt,"<ul>
<li>Κατασκευή από φυσικό ξύλο πεύκου υψηλής ποιότητας.</li>
<li>Σταθερή και ανθεκτική δομή με λεία φινιρισμένη επιφάνεια.</li>
<li>Ενσωματωμένος μαυροπίνακας για δημιουργική γραφή και σχεδίαση.</li>
<li>Αρθρωτός σχεδιασμός για εύκολη συναρμολόγηση και προσαρμογή χώρου.</li>
<li>Φυσικό φινίρισμα που συνδυάζει αισθητική και λειτουργικότητα.</li>
</ul>"
285241,simple,9995492,,"Κρεβάτι Melany",1,0,visible,,"<p> Το κρεβάτι Melany αντιπροσωπεύει την απόλυτη σύνθεση λειτουργικότητας και στυλ για τον προσωπικό σας χώρο. Με μοντέρνο σχεδιασμό σε χρώμα Zebnano που εντυπωσιάζει, προσφέρει μια κομψή λύση ύπνου. </p> <p> Η καινοτόμος ιδέα του κρυφού συρταριού κάτω από το σομιέ εξασφαλίζει επιπλέον αποθηκευτικό χώρο χωρίς να θυσιάζεται η κομψότητα. Συνδυάστε το με το ειδικά σχεδιασμένο στρώμα τεχνολογίας pocket springs για μοναδική άνεση και υποστήριξη σε κάθε κίνηση, προσφέροντάς σας τον ιδανικό ύπνο. </p>",,,taxable,,1,50,,0,0,76,196,98,30,1,,,"265,28",Υπνοδωμάτιο,κρεβάτι,,https://eboy.gr/app/uploads/sites/2/2026/05/krebati-mono-me-syrtari-stroma-fb9107450.webp,,,,,,,,,0,B2BMarkt,ύψος,"30 εκ.",1,1,πλάτος,"98 εκ.",1,1,μήκος,"196 εκ.",1,1,B2BMarkt,76563,,"2026-05-10 02:51:17",B2BMarkt,"<ul>
<li>Κατασκευή από μελαμίνη υψηλής ποιότητας</li>
<li>Ενσωματωμένο συρτάρι μεγάλου όγκου στην πλευρά του ποδαρικού</li>
<li>Στρώμα μονής όψης με τεχνολογία pocket springs για εξατομικευμένη στήριξη</li>
<li>Σύστημα σομιέ με τάβλες που επιτρέπει την αποθήκευση χώρου κάτω από το κρεβάτι</li>
<li>Επιφάνεια σε χρώμα ZEBRANO με ανθεκτικό φινίρισμα</li>
<li>Διαθέτει roll-packing συσκευασία για εύκολη μεταφορά και συναρμολόγηση</li>
</ul>"
285243,simple,9995504,,"Κρεβάτι Dolores",1,0,visible,,"<!DOCTYPE html> <html lang=""el""> <head><meta charset=""UTF-8""></head> <body> <p>Αναβαθμίστε την ποιότητα του ύπνου σας με το κρεβατι Dolores - την τέλεια επιλογή για όσους αναζητούν αρμονία μεταξύ στυλ και άνεσης. Το κρεβάτι, διαθέσιμο σε διάσταση 120x200 εκ., συνδυάζει την κομψότητα με τη λειτουργικότητα.</p> <p>Η βελούδινη υφή Nubuck στο μπεζ χρώμα δημιουργεί μια ζεστή ατμόσφαιρα στο υπνοδωμάτιό σας, ενώ τα κομψά μαύρα πόδια από ανθεκτικό πολυπροπυλένιο προσφέρουν σταθερότητα και αισθητική τελειότητα. Ο τέλειος συνδυασμός συνεχίζεται με το στρώμα μοναδικής τεχνολογίας pocket springs που προσαρμόζεται στις καμπύλες του σώματος, εξασφαλίζοντας εξατομικευμένη στήριξη χωρίς διαταραχές κατά τη διάρκεια της νύχτας. Η συσκευασία roll-packing διευκολύνει την μεταφορά, κάνοντας την εγκατάσταση παιχνιδάκι.</p> </body> </html>",,,taxable,,1,12,,0,0,77.3,205,120,26,1,,,"399,82",Υπνοδωμάτιο,κρεβάτι,,https://eboy.gr/app/uploads/sites/2/2026/05/krebati-imidiplo-me-stroma-fb91074603-mp.webp,,,,,,,,,0,B2BMarkt,ύψος,"26 εκ.",1,1,πλάτος,"120 εκ.",1,1,μήκος,"205 εκ.",1,1,B2BMarkt,76564,,"2026-05-10 02:51:47",B2BMarkt,"<ul>
<li>Κατασκευή από σκελετό ξύλου με επένδυση υφάσματος τύπου Nubuck σε μπεζ χρώμα.</li>
<li>Ποδοστάτες κατασκευασμένοι εξ ολοκλήρου από πολυπροπυλένιο σε μαύρο χρώμα.</li>
<li>Διαθέτει στρώμα μονής όψης με τεχνολογία ανεξάρτητων ελατηρίων (pocket springs) για εξατομικευμένη άνεση και στήριξη.</li>
<li>Η συσκευασία του στρώματος είναι τύπου roll-packing για εύκολη μεταφορά.</li>
<li>Προσφέρει εγγύηση σκελετού 3 ετών, επιβεβαιώνοντας την ποιοτική κατασκευή του προϊόντος.</li>
</ul>"
285245,simple,9995505,,"Κρεβάτι Dolores",1,0,visible,,"<p>Ανακαλύψτε το κρεβάτι Dolores - την ιδανική επιλογή για έναν ύπνο υψηλής ποιότητας και στυλ! Το μοναδικό design με επένδυση NUBUCK σε φρέσκο LIGHT GREEN χρώμα δημιουργεί ένα κομψό κέντρο στο υπνοδωμάτιό σας. Η μοντέρνα αισθητική του ενισχύεται από τα κοντά, μαύρα πόδια που προσδίδουν διαχρονική κομψότητα.</p> <p>Το κρεβάτι Dolores δεν προσφέρει μόνο απαράμιλλη άνεση, αλλά και την τέλεια ισορροπία μεταξύ στήριξης και ελαστικότητας χάρη στο ενσωματωμένο στρώμα μονής όψης με τεχνολογία pocket springs. Αυτό εξασφαλίζει εξατομικευμένη υποστήριξη σε κάθε σημείο του σώματος, επιτρέποντας έναν βαθύ και αναζωογονητικό ύπνο χωρίς παρεμβολές από τις κινήσεις του συντρόφου σας. Η πρακτική συσκευασία roll-packing διευκολύνει τη μεταφορά και την εγκατάσταση του στρώματος.</p>",,,taxable,,1,5,,0,0,77.3,205,120,26,1,,,"399,82",Υπνοδωμάτιο,κρεβάτι,,https://eboy.gr/app/uploads/sites/2/2026/05/krebati-imidiplo-me-stroma-fb91074604-li.webp,,,,,,,,,0,B2BMarkt,ύψος,"26 εκ.",1,1,πλάτος,"120 εκ.",1,1,μήκος,"205 εκ.",1,1,B2BMarkt,76565,,"2026-05-10 02:52:18",B2BMarkt,"<ul>
<li>Κατασκευή από σκελετό ξύλου υψηλής αντοχής με επένδυση υφάσματος NUBUCK</li>
<li>Επιφάνεια σε χρώμα LIGHT GREEN με υφή βελούδου (NUBUCK)</li>
<li>Ποδοστάτες από ανθεκτικό πολυπροπυλένιο μαύρου χρώματος</li>
<li>Συμπεριλαμβάνεται στρώμα μονής όψης με τεχνολογία pocket springs για εξατομικευμένη στήριξη</li>
<li>Τεχνολογία ανεξάρτητων ελατηρίων που μειώνει τις μετακινήσεις κατά τη διάρκεια του ύπνου</li>
<li>Συσκευασία roll-packing για εύκολη μεταφορά και συναρμολόγηση</li>
<li>3-ετής εγγύηση σκελετού</li>
</ul>"
285247,simple,0531027,0531027,"Πολυθρόνα Trudi",1,0,visible,,"<p>Ανακαλύψτε την πολυθρόνα TRUDI - το απόλυτο κομμάτι που συνδυάζει αριστοτεχνικά στυλ και άνεση. Με εντυπωσιακό σχεδιασμό σε μαύρο χρώμα και ασημί μεταλλικό σκελετό, αποτελεί ένα κομψό διακοσμητικό στοιχείο για κάθε χώρο.</p> <p>Η ξεχωριστή στρογγυλή της μορφή με αποσπώμενη πλάτη προσφέρει μοναδική αισθητική και ευελιξία στη χρήση. Το ποιοτικό μπουκλέ ύφασμα εξασφαλίζει απαλή υφή και ανθεκτικότητα, δημιουργώντας το ιδανικό σημείο χαλάρωσης στο σαλόνι σας ή ως προσωπικό καταφύγιο στο υπνοδωμάτιο. Μια πολυθρόνα που συνδυάζει διαχρονική κομψότητα με απαράμιλλη άνεση.</p>",,,taxable,,1,6,,0,0,16.9,79,84,76,1,,,"190,69","Σαλόνι & Καθιστικό",πολυθρόνα,,https://eboy.gr/app/uploads/sites/2/2026/05/polythrona-fb9863934-apo-mpoykle-mayro-m.webp,,,,,,,,,0,B2BMarkt,ύψος,"76 εκ.",1,1,πλάτος,"84 εκ.",1,1,μήκος,"79 εκ.",1,1,B2BMarkt,76566,0531027,"2026-05-10 02:52:48",B2BMarkt,"<ul>
<li>Μεταλλικός σκελετός από ασημί χρώμιο</li>
<li>Στρογγυλή σχεδίαση με αποσπώμενη πλάτη και κάθισμα</li>
<li>Επενδυμένη με μπουκλέ ύφασμα υψηλής ποιότητας</li>
<li>Αντιστατικό και εύκολο στον καθαρισμό ύφασμα</li>
<li>Ανθεκτικός μεταλλικός σκελετός για μεγάλη διάρκεια ζωής</li>
</ul>"
285249,simple,0531028,0531028,"Πολυθρόνα Trudi",1,0,visible,,"<!DOCTYPE html> <html lang=""el""> <head><meta charset=""UTF-8""></head> <body> <p>Ανακαλύψτε την πολυθρόνα TRUDI και μεταμορφώστε τον χώρο σας σε έναν μοντέρνο παράδεισο άνεσης. Η ξεχωριστή της σχεδίαση με στρογγυλεμένες γραμμές και τον ξεχωριστό συνδυασμό ΣΑΠΙΟΥ ΜΗΛΟΥ υφάσματος με ΑΣΗΜΙ μεταλλικό σκελετό, δημιουργεί ένα εκλεπτυσμένο αποτέλεσμα που θα εντυπωσιάσει.</p> <p>Η μοναδική κυκλική πλάτη που ξεχωρίζει από το κάθισμα, σε συνδυασμό με το μαλακό ΜΠΟΥΚΛΕ ύφασμα, προσφέρει όχι μόνο απαράμιλλη αισθητική αλλά και αξεπέραστη άνεση. Ιδανική για στιγμές χαλάρωσης είτε δίπλα στο τζάκι είτε ως κεντρικό σημείο του χώρου σας, η TRUDI συνδυάζει άψογα το στυλ με την πρακτικότητα.</p> </body> </html>",,,taxable,,1,6,,0,0,16.9,79,84,76,1,,,"190,69","Σαλόνι & Καθιστικό",πολυθρόνα,,https://eboy.gr/app/uploads/sites/2/2026/05/polythrona-fb9863932-apo-mpoykle-sapio-m.webp,,,,,,,,,0,B2BMarkt,ύψος,"76 εκ.",1,1,πλάτος,"84 εκ.",1,1,μήκος,"79 εκ.",1,1,B2BMarkt,76567,0531028,"2026-05-10 02:53:19",B2BMarkt,"<ul>
<li>Στρογγυλή σχεδίαση με αποσπώμενη πλάτη και κάθισμα</li>
<li>Μεταλλικός σκελετός σε ασημί απόχρωση</li>
<li>Επένδυση με μπουκλέ ύφασμα υψηλής ποιότητας</li>
<li>Χρώμα σαπιό μήλο στο ύφασμα της επένδυσης</li>
<li>Ανθεκτική κατασκευή για οικιακή χρήση</li>
</ul>"
285251,simple,0513765,5208067210058,"Κρεβάτι Carys",1,0,visible,,"<!DOCTYPE html> <html lang=""el""> <head> <meta charset=""UTF-8""> <title>Κρεβάτι Carys</title> </head> <body> <p>Το διπλό κρεβάτι CARYS συνδυάζει την κομψότητα με τη λειτουργικότητα, δημιουργώντας έναν ιδανικό χώρο χαλάρωσης. Με τον μοναδικό σχεδιασμό του και τις κομψές ZEBRANO λεπτομέρειες σε καρυδί απόχρωση, μεταμορφώνει το υπνοδωμάτιο σε προσωπικό καταφύγιο ηρεμίας.</p> <p>Η καινοτόμος ιδέα των ενσωματωμένων κομοδίνων στο κεφαλάρι προσφέρει πρακτικότητα χωρίς να θυσιάζεται η αισθητική. Το CARYS δεν είναι απλά ένα κρεβάτι - αποτελεί την επιτομή του στυλ και της άνεσης, μετατρέποντας τον ύπνο σε μοναδική εμπειρία κάθε βράδυ.</p> </body> </html>",,,taxable,,1,95,,0,0,95,205,264,90,1,,,"299,9",Υπνοδωμάτιο,κρεβάτι,,https://eboy.gr/app/uploads/sites/2/2026/05/krebati-me-komodina-fb974411-melamini-se.webp,,,,,,,,,0,B2BMarkt,ύψος,"90 εκ.",1,1,πλάτος,"264 εκ.",1,1,μήκος,"205 εκ.",1,1,B2BMarkt,76569,5208067210058,"2026-05-10 02:53:50",B2BMarkt,"<ul>
<li>Κατασκευή από μελαμίνη υψηλής ποιότητας κλάσης E1, φιλική προς το περιβάλλον και τον χρήστη</li>
<li>Πάχος υλικού κατασκευής: 16mm</li>
<li>Εσωτερικό πλαίσιο στήριξης για αυξημένη αντοχή και σταθερότητα</li>
<li>Ενσωματωμένα κομοδίνα στο κεφαλάρι που εξοικονομούν χώρο</li>
<li>Επιφάνεια με συνδυασμό καρυδί απόχρωσης και ZEBRANO λεπτομερειών</li>
<li>Σχεδιασμός για υποδοχή στρώματος διαστάσεων 160x200εκ.</li>
</ul>"
285253,simple,0513767,5208067210157,"Καθρέφτης τουαλέτας Carys",1,0,visible,,"<!DOCTYPE html> <html lang=""el""> <head> <meta charset=""UTF-8""> </head> <body> <p>Ανακαλύψτε τον Carys, έναν κομψό καθρέφτη τοίχου που μεταμορφώνει την καθημερινότητά σας σε μια εμπειρία αισθητικής απόλαυσης. Η φυσική απόχρωση του ξύλου καρυδιάς προσδίδει ζεστασιά και πολυτέλεια στο χώρο σας, ενώ οι ιδανικές του διαστάσεις (73x4x93εκ.) εξασφαλίζουν τέλεια εφαρμογή όπου κι αν τον τοποθετήσετε.</p> <p>Με την μοναδική του σχεδίαση και την υψηλή ποιότητα κατασκευής, ο Carys δεν είναι απλώς ένας καθρέφτης - είναι ένα διακοσμητικό στοιχείο που αναβαθμίζει κάθε δωμάτιο. Η απλότητα της γραμμής του ταιριάζει αρμονικά σε σύγχρονους αλλά και κλασικούς χώρους, προσφέροντας μια αίσθηση κομψότητας και διαχρονικότητας στο σπίτι σας.</p> </body> </html>",,,taxable,,1,49,,0,0,10.5,4,73,,1,,,"44,9",Μπάνιο,καθρέφτης,,https://eboy.gr/app/uploads/sites/2/2026/05/kathreptis-toyaletas-fb931411-melamini-s.webp,,,,,,,,,0,B2BMarkt,πλάτος,"73 εκ.",1,1,μήκος,"4 εκ.",1,1,,,,,B2BMarkt,76570,5208067210157,"2026-05-10 02:54:21",B2BMarkt,"<ul>
<li>Κατασκευή από ανθεκτικό σκελετό μελαμίνης υψηλής σκληρότητας</li>
<li>Επιφάνεια καθρέφτη ανθεκτική σε γρατζουνιές και λεκέδες</li>
<li>Εύκολος καθαρισμός επιφάνειας λόγω της φύσης του υλικού μελαμίνης</li>
<li>Χρωματικός σκελετός καρυδί (καφέ) για διαχρονικό design</li>
<li>Ανθεκτικό φινίρισμα που αντέχει στην καθημερινή χρήση</li>
</ul>"
285255,simple,0513769,5208067210232,"Ντουλάπα Carys",1,0,visible,,"<!DOCTYPE html> <html lang=""el""> <head> <meta charset=""UTF-8""> </head> <body> <p>Αναβαθμίστε το υπνοδωμάτιό σας με την τρίφυλλη ντουλάπα CARYS - τον απόλυτο συνδυασμό στυλ και πρακτικότητας. Φέρτε μια νότα διακριτικής πολυτέλειας στον χώρο σας, απολαμβάνοντας ταυτόχρονα άφθονο αποθηκευτικό χώρο.</p> <p>Η ξεχωριστή σχεδίαση με εναλλαγή καρυδί και ZEBRANO χρωματικών τόνων, συνοδευόμενη από κομψά μεταλλικά χερούλια, δημιουργεί ένα σύγχρονο σκηνικό που θα τραβήξει τα βλέμματα. Η εργονομία ενισχύεται με δύο πρακτικά συρτάρια στο κάτω μέρος, προσφέροντας εύκολη πρόσβαση στα αγαπημένα σας αντικείμενα. Με διαστάσεις 150x55,5x180Υ, η CARYS αποτελεί την ιδανική επιλογή για όσους αναζητούν λειτουργικότητα και αισθητική αρμονική συνύπαρξη.</p> </body> </html>",,,taxable,,1,49,,0,0,113,55.5,150,180,1,,,"249,9",Υπνοδωμάτιο,ντουλάπα,,https://eboy.gr/app/uploads/sites/2/2026/05/ntoylapa-3fylli-me-2-syrtaria-fb974611-m.webp,,,,,,,,,0,B2BMarkt,ύψος,"180 εκ.",1,1,πλάτος,"150 εκ.",1,1,μήκος,"55.5 εκ.",1,1,B2BMarkt,76571,5208067210232,"2026-05-10 02:54:54",B2BMarkt,"<ul>
<li>Κατασκευή από μελαμίνη πάχους 16mm υψηλής ποιότητας</li>
<li>Επιφάνεια σε συνδυασμό χρωμάτων καρυδί και ZEBRANO</li>
<li>Μεταλλικά μαύρα μακριά χερούλια για το άνοιγμα των πορτών</li>
<li>Δύο πρακτικά συρτάρια στο κάτω μέρος με μηχανισμό soft close</li>
<li>Αντιθαμβωτική επιφάνεια μελαμίνης για καλύτερη οπτική</li>
<li>Αντοχή στις γρατζουνιές λόγω της σκληρότητας του υλικού (κλίμακα Mohs)</li>
</ul>"
285257,simple,0513772,5208067210270,"Ντουλάπα Carys",1,0,visible,,"<p>Εμπλουτίστε το υπνοδωμάτιό σας με την πρακτική και κομψή ντουλάπα CARYS. Σχεδιασμένη για μέγιστη αξιοποίηση του χώρου, προσφέρει τρεις ευρύχωρες θήκες αποθήκευσης σε κάθετη διάταξη, ιδανικές για ογκώδη αντικείμενα που συνήθως δυσκολεύουν τη διαχείριση στον τυπικό χώρο της ντουλάπας.</p> <p>Με την ξεχωριστή αισθητική των κομψών μεταλλικών χερούλων και τον μινιμαλιστικό εσωτερικό σχεδιασμό χωρίς ράφια, το CARYS συνδυάζει την πρακτικότητα με την κομψότητα. Η έξυπνη δομή του επιτρέπει εύκολη πρόσβαση σε όλα τα αποθηκευμένα αντικείμενα, προσφέροντας μια τέλεια ισορροπία μεταξύ λειτουργικότητας και μοντέρνου σχεδιασμού.</p>",,,taxable,,1,49,,0,0,44,55,150,60,1,,,120,Υπνοδωμάτιο,ντουλάπα,,https://eboy.gr/app/uploads/sites/2/2026/05/patari-3fyllis-ntoylapas-fb974711-melami.webp,,,,,,,,,0,B2BMarkt,ύψος,"60 εκ.",1,1,πλάτος,"150 εκ.",1,1,μήκος,"55 εκ.",1,1,B2BMarkt,76572,5208067210270,"2026-05-10 02:55:33",B2BMarkt,"<ul>
<li>Κατασκευή από μελαμίνη υψηλής ποιότητας σε χρώμα ΚΑΡΥΔΙ</li>
<li>Επιφάνεια ανθεκτική στη φθορά και τον καθαρισμό</li>
<li>3 ισομεγέθη διαμερίσματα κλεισμένα με 2 διπλές και 1 μονή πόρτα</li>
<li>Κάθετο μαύρο μεταλλικό χερούλι σε κάθε πόρτα για εύκολη χρήση</li>
<li>Κενά εσωτερικά διαμερίσματα χωρίς προ-εγκατεστημένα ράφια</li>
<li>Σχεδιασμός για αποθήκευση ογκωδών αντικειμένων</li>
</ul>"
285259,simple,0513773,5208067210171,"Συρταριέρα Carys",1,0,visible,,"<!DOCTYPE html> <html lang=""el""> <head><meta charset=""UTF-8""></head> <body> <p>Η συρταριέρα Carys συνδυάζει την κομψότητα με τη λειτουργικότητα, προσφέροντας έναν πρακτικό αποθηκευτικό χώρο για κάθε σπίτι. Η ιδιαίτερη διχρωμία καρυδί με wenge και τα μεταλλικά χερούλια προσδίδουν μια μοντέρνα αισθητική που θα αναβαθμίσει το σαλόνι ή την κρεβατοκάμαρά σας.</p> <p>Κατασκευασμένη από ανθεκτική μελαμίνη 16mm, η Carys εγγυάται μακροχρόνια χρήση. Τα φαρδιά συρτάρια της επιτρέπουν εύκολη πρόσβαση και οργάνωση των αντικειμένων σας. Επιλέξτε τη για έναν αρμονικό συνδυασμό στυλ και πρακτικότητας στον προσωπικό σας χώρο!</p> </body> </html>",,,taxable,,1,96,,0,0,35.5,40,75.5,83,1,,,"79,9",Υπνοδωμάτιο,συρταριέρα,,https://eboy.gr/app/uploads/sites/2/2026/05/syrtariera-me-4-syrtaria-fb974511-melami.webp,,,,,,,,,0,B2BMarkt,ύψος,"83 εκ.",1,1,πλάτος,"75.5 εκ.",1,1,μήκος,"40 εκ.",1,1,B2BMarkt,76573,5208067210171,"2026-05-10 02:56:10",B2BMarkt,"<ul>
<li>Κατασκευή από ποιοτική μελαμίνη πάχους 16mm, ανθεκτική σε γρατζουνιές και λεκέδες</li>
<li>Ανθεκτική επιφάνεια χάρη στην σκληρότητα της μελαμίνης για εύκολη συντήρηση</li>
<li>4 ευρύχωρα συρτάρια με διαστάσεις 66x30x13cm</li>
<li>Μαύρα μεταλλικά χερούλια υψηλής αντοχής</li>
<li>Διχρωμία καρυδί με wenge finish, ανθεκτικό στις φθορές</li>
</ul>"
285261,simple,0613394,5208067214094,"Ομπρέλα επαγγελματική Gladdell",1,0,visible,,"<!DOCTYPE html> <html lang=""el""> <head><meta charset=""UTF-8""></head> <body> <p>Επαγγελματική κομψότητα στην προστασία σας από τον ήλιο! Η ομπρέλα GLADELL προσφέρει στυλ και λειτουργικότητα σε κάθε εξωτερικό χώρο. Με σύγχρονο γκρι design και κατασκευή που συνδυάζει ανοδιωμένο αλουμίνιο με ανθεκτικές ενώσεις πολυαιθυλενίου, εξασφαλίζει μακροχρόνια αντοχή στις καιρικές συνθήκες.</p> <p>Η καινοτόμος τεχνολογία Air spring του μηχανισμού της, προσφέρει ομαλή λειτουργία και απόλυτη σταθερότητα ακόμα και στους πιο δυνατούς ανέμους. Ιδανική επιλογή για επαγγελματικούς χώρους όπως εστιατόρια, ξενοδοχεία και πισίνες, η GLADELL συνδυάζει την αισθητική με την πρακτικότητα και την αξιοπιστία.<br />Προσθέστε μια νότα πολυτέλειας στον εξωτερικό σας χώρο!</p> </body> </html>",,,taxable,,1,85,,0,0,14.5,3,3,2.5,1,,,"319,9","Κήπος & Εξωτερικός Χώρος",ομπρέλα,,https://eboy.gr/app/uploads/sites/2/2026/05/epaggelmatiki-omprela-3x3m-fb9660401-gkr.webp,,,,,,,,,0,B2BMarkt,ύψος,"2.5 εκ.",1,1,πλάτος,"3 εκ.",1,1,μήκος,"3 εκ.",1,1,B2BMarkt,76574,5208067214094,"2026-05-10 02:56:46",B2BMarkt,"<ul>
<li>Κατασκευή από ανοδιωμένο αλουμίνιο για αντοχή στη διάβρωση και ανθεκτικότητα</li>
<li>Ένωση πολυαιθυλενίου για ενισχυμένη σταθερότητα της κατασκευής</li>
<li>Spun polyester ύφασμα υψηλής προστασίας από την ηλιακή ακτινοβολία</li>
<li>Μηχανισμός Air spring pull για εύκολο άνοιγμα με υδραυλική υποβοήθηση</li>
<li>Ειδική σήμανση και μοχλός ανοίγματος στον αλουμινένιο στύλο</li>
<li>Γκρι φινίρισμα στα μεταλλικά μέρη για αισθητική και προστασία από UV ακτινοβολία</li>
</ul>"
285263,simple,0613395,5208067214100,"Ομπρέλα επαγγελματική Gladdell",1,0,visible,,"<p>Η ομπρέλα GLADELL είναι η ιδανική επιλογή για κάθε επαγγελματικό χώρο που αναζητά συνδυασμό αισθητικής και αξιοπιστίας. Με τον πρωτοποριακό μηχανισμό Air spring και το κομψό μπέζ χρώμα, μετατρέπεται σε ένα σύγχρονο διακοσμητικό στοιχείο στον κήπο, την πισίνα ή την καφετέρια σας.<br><br>Κατασκευασμένη από υψηλής ποιότητας αλουμίνιο με τεχνολογία HEAT TRANSFER, προσφέρει ανθεκτικότητα που αντέχει στη φθορά του χρόνου και τις καιρικές συνθήκες. Η επαγγελματική της σχεδίαση και κατασκευή την καθιστούν αξιόπιστη επιλογή για κάθε επαγγελματία που επιθυμεί να προστατέψει τον χώρο του με στυλ.</p>",,,taxable,,1,58,,0,0,14.5,3,3,2.5,1,,,"319,9","Κήπος & Εξωτερικός Χώρος",ομπρέλα,,https://eboy.gr/app/uploads/sites/2/2026/05/epaggelmatiki-omprela-3x3m-fb9660402-mpe.webp,,,,,,,,,0,B2BMarkt,ύψος,"2.5 εκ.",1,1,πλάτος,"3 εκ.",1,1,μήκος,"3 εκ.",1,1,B2BMarkt,76575,5208067214100,"2026-05-10 02:57:23",B2BMarkt,"<ul>
<li>Κατασκευή από αλουμίνιο HEAT TRANSFER με ενώσεις πολυαιθυλενίου για αντοχή στη διάβρωση και τις καιρικές συνθήκες</li>
<li>Σκίαστρο από spun polyester ύφασμα υψηλής προστασίας από την ηλιακή ακτινοβολία</li>
<li>Μηχανισμός air spring pull για εύκολο άνοιγμα με υδραυλική υποβοήθηση</li>
<li>Ειδική σήμανση ανοίγματος και μοχλός στον αλουμινένιο στύλο</li>
<li>Εφαρμογή ειδικού χρωματισμού ξύλου (HEAT TRANSFER) στο αλουμίνιο για στιβαρό φινίρισμα</li>
</ul>"
285265,simple,0613392,5208067214070,"Ομπρέλα επαγγελματική Gladdell",1,0,visible,,"<p>Μετατρέψτε τον εξωτερικό σας χώρο σε ένα καταφύγιο κομψότητας και προστασίας με την επαγγελματική ομπρέλα Gladdell. Σχεδιασμένη για να ξεχωρίζει, συνδυάζει μοναδικά τη διαχρονική αισθητική με την κορυφαία ποιότητα κατασκευής.</p> <p>Με το καινοτόμο σύστημα Air spring και γκρι απόχρωση που αποπνέει αξιοπιστία, η ομπρέλα αυτή αποτελεί την ιδανική επιλογή για κάθε επαγγελματικό χώρο (κήπο, πισίνα, εστιατόριο). Η ανθεκτική κατασκευή της από ανοδιωμένο αλουμίνιο προσφέρει μέγιστη αντοχή στις καιρικές συνθήκες, ενώ εξασφαλίζει μακροχρόνια χρήση χωρίς φθορές. Δημιουργήστε ένα φιλόξενο περιβάλλον προστασίας, συνδυάζοντας στυλ και λειτουργικότητα.</p>",,,taxable,,1,83,,0,0,9.6,48,48,0.12,1,,,"229,9","Κήπος & Εξωτερικός Χώρος",ομπρέλα,,https://eboy.gr/app/uploads/sites/2/2026/05/epaggelmatiki-omprela-f300m-fb9660301-gk.webp,,,,,,,,,0,B2BMarkt,ύψος,"0.12 εκ.",1,1,πλάτος,"48 εκ.",1,1,μήκος,"48 εκ.",1,1,B2BMarkt,76576,5208067214070,"2026-05-10 02:57:56",B2BMarkt,"<ul>
<li>Κατασκευή από ανοδιωμένο αλουμίνιο για αντοχή στη διάβρωση</li>
<li>Ένωση πολυαιθυλενίου για αυξημένη στιβαρότητα</li>
<li>Σκίαστρο από spun polyester ύφασμα ανθεκτικό στην ηλιακή ακτινοβολία</li>
<li>Μηχανισμός Air spring pull για εύκολο άνοιγμα με υδραυλική υποβοήθηση</li>
<li>Ειδική σήμανση και μοχλός ανοίγματος στον στύλο αλουμινίου</li>
<li>Γκρι φινίρισμα στα μεταλλικά μέρη για αισθητική και προστασία από UV</li>
</ul>"
285267,simple,0613393,5208067214087,"Ομπρέλα Gladdell",1,0,visible,,"<p>Μεταμορφώστε τον εξωτερικό σας χώρο με την εντυπωσιακή στρογγυλή ομπρέλα GLADELL. Το μπέζ χρώμα της συνδυάζεται αρμονικά με κάθε διακόσμηση, προσφέροντας μια κομψή αισθητική που διαρκεί.</p> <p>Κατασκευασμένη από υψηλής ποιότητας αλουμίνιο με τεχνολογία HEAT TRANSFER για αντοχή στο χρόνο και τις καιρικές συνθήκες, η GLADELL αποτελεί την ιδανική επιλογή για επαγγελματικούς χώρους όπως ξενοδοχεία, καφετέριες ή ιδιωτικές βεράντες. Η καινοτόμος τεχνολογία Air spring εξασφαλίζει πανεύκολη και σταθερή άνοιγμα/κλείσιμο με ένα χέρι.</p>",,,taxable,,1,60,,0,0,9.6,48,48,0.12,1,,,"229,9","Κήπος & Εξωτερικός Χώρος",ομπρέλα,,https://eboy.gr/app/uploads/sites/2/2026/05/epaggelmatiki-omprela-f300m-fb9660302-mp.webp,,,,,,,,,0,B2BMarkt,ύψος,"0.12 εκ.",1,1,πλάτος,"48 εκ.",1,1,μήκος,"48 εκ.",1,1,B2BMarkt,76577,5208067214087,"2026-05-10 02:58:31",B2BMarkt,"<ul>
<li>Κατασκευή από αλουμίνιο HEAT TRANSFER με ενώσεις πολυαιθυλενίου για αντοχή στη διάβρωση και τις καιρικές συνθήκες.</li>
<li>Επιφάνεια σκίασης από spun polyester ύφασμα ανθεκτικό στην ηλιακή ακτινοβολία.</li>
<li>Μηχανισμός ανοίγματος air spring pull με υδραυλική υποβοήθηση για εύκολη χρήση.</li>
<li>Ειδική σήμανση και μοχλός ανοίγματος στον αλουμινένιο στύλο.</li>
<li>Φινίρισμα σε μπέζ χρώμα (HEAT TRANSFER) που μιμείται το ξύλο.</li>
</ul>"
285269,simple,0536120,,"Συρταριέρα γραφείου Vance",1,0,visible,,"<p>Αναζητάτε μια συρταριέρα που συνδυάζει την εργονομία με το κλασικό στυλ; Η VANCE είναι η ιδανική επιλογή για κάθε χώρο! Με την κομψή της εμφάνιση από λευκή μελαμίνη και τις λεπτομέρειες σε ματ γκρι, προσθέτει αισθητική αξία όπου κι αν τοποθετηθεί. Προσφέρει άφθονο αποθηκευτικό χώρο χάρη στα τρία ευρύχωρα συρτάρια της, όλα προστατευμένα από μία ενιαία κλειδαριά ασφαλείας.</p> <p>Η καθημερινή χρήση γίνεται εύκολη υπόθεση χάρη στα ανθεκτικά ροδάκια που εξασφαλίζουν αθόρυβη και ομαλή μετακίνηση. Η Vance δεν είναι απλώς μια συρταριέρα - είναι η έξυπνη λύση οργάνωσης για το γραφείο ή το σπίτι σας, συνδυάζοντας πρακτικότητα με διαχρονική κομψότητα. Επιλέξτε την ποιότητα που αξίζει στον χώρο σας!</p>",,,taxable,,1,42,,0,0,13,40,39,60,1,,,"49,9",Γραφείο,συρταριέρα,,https://eboy.gr/app/uploads/sites/2/2026/05/syrtariera-grafeioy-me-kleidaria-fb92159.webp,,,,,,,,,0,B2BMarkt,ύψος,"60 εκ.",1,1,πλάτος,"39 εκ.",1,1,μήκος,"40 εκ.",1,1,B2BMarkt,76578,,"2026-05-10 02:59:06",B2BMarkt,"<ul>
    <li>Κατασκευή από λευκή μελαμίνη υψηλής αντοχής για ανθεκτικότητα και διαχρονικό φινίρισμα.</li>
    <li>Τρία συρτάρια με ενιαία κεντρική κλειδαριά ασφαλείας για προστασία περιεχομένου.</li>
    <li>Ροδάκια από πολυαιθυλένιο αθόρυβα και ανθεκτικά για εύκολη μετακίνηση.</li>
    <li>Λευκό χρώμα μελαμίνης για σύγχρονη αισθητική γραφείου.</li>
    <li>Συρτάρια διαφορετικών υψών (8εκ. & 14εκ.) για βέλτιστη οργάνωση χώρου.</li>
</ul>"
285271,simple,0616156,5208067219457,"Καθίσματα αναμονής Aviator",1,0,visible,,"<p>Αναβαθμίστε την εικόνα του χώρου σας με τα καθίσματα αναμονής Aviator - την επιτομή της κομψής άνεσης! Σχεδιασμένα ειδικά για χώρους που απαιτούν υψηλό επαγγελματισμό και άνεση, τα 3θέσια παγκάκια αεροδρομίου συνδυάζουν λειτουργικότητα και στυλ.</p> <p>Η ξεχωριστή διαρρύθμιση θέσεων εξασφαλίζει μέγιστη άνεση σε κάθε επισκέπτη, ενώ η μεταλλική κατασκευή με ασημί φινίρισμα προσδίδει μια νότα σύγχρονης πολυτέλειας. Η διάτρητη επιφάνεια στα καθίσματα προσφέρει δροσερή αίσθηση καθ' όλη τη διάρκεια της ημέρας, καθιστώντας τα ιδανικά για χώρους αναμονής παντός καιρού.</p>",,,taxable,,1,457,,0,0,21,55,172,76,1,,,"56,99",Γραφείο,καρέκλα,,https://eboy.gr/app/uploads/sites/2/2026/05/pagkaki-typoy-aerodromioy-3-thesio-fb918.webp,,,,,,,,,0,B2BMarkt,ύψος,"76 εκ.",1,1,πλάτος,"172 εκ.",1,1,μήκος,"55 εκ.",1,1,B2BMarkt,76579,5208067219457,"2026-05-10 02:59:42",B2BMarkt,"<ul>
<li>Κατασκευή από ενισχυμένο μέταλλο υψηλής αντοχής (iron) με πάχος 1.2mm σε κύρια στοιχεία.</li>
<li>Διάτρητο σχεδιασμό στα καθίσματα και τις πλάτες για βελτιωμένη κυκλοφορία αέρα και αερισμό.</li>
<li>Μοντέρνο φινίρισμα ασημί χρώματος με μεταλλική επιφάνεια που προσφέρει επαγγελματική αισθητική.</li>
<li>Ενιαία κατασκευή βραχιόνων και ποδιών από μέταλλο πάχους 1.2mm για αυξημένη σταθερότητα.</li>
<li>Σχεδιασμός τριών ξεχωριστών θέσεων τύπου αεροδρομίου με σωστή οριοθέτηση χώρου ανά χρήστη.</li>
<li>Ανθεκτική μεταλλική δομή κατάλληλη για έντονη καθημερινή χρήση σε επαγγελματικούς χώρους.</li>
</ul>"
285273,simple,0616157,5208067219495,"Καθίσματα αναμονής Aviator",1,0,visible,,"<p>Εμπλουτίστε τον χώρο σας με την κομψότητα και τη λειτουργικότητα των καθισμάτων αναμονής Aviator. Σχεδιασμένα με έμπνευση από τα διάσημα παγκάκια αεροδρομίων, προσφέρουν μια μοναδική εμπειρία άνεσης σε κάθε επισκέπτη.</p> <p>Με σύγχρονο design και μεταλλική κατασκευή υψηλής ποιότητας σε ασημί απόχρωση, τα 3θέσια καθίσματα Aviator αποτελούν την ιδανική επιλογή για επαγγελματικούς χώρους. Συνδυάζουν την εργονομία με το στυλ, δημιουργώντας ένα περιβάλλον υποδοχής που εντυπωσιάζει από την πρώτη ματιά. Η προσεγμένη αισθητική τους εξασφαλίζει μια premium εμπειρία για κάθε χρήστη, ενώ η αντοχή και η ποιότητα κατασκευής εγγυώνται μακροζωία.</p>",,,taxable,,1,147,,0,0,25.5,55,172,76,1,,,"76,99",Γραφείο,καρέκλα,,https://eboy.gr/app/uploads/sites/2/2026/05/kathisma-anamonis-taerodromioy-3thesio-f.webp,,,,,,,,,0,B2BMarkt,ύψος,"76 εκ.",1,1,πλάτος,"172 εκ.",1,1,μήκος,"55 εκ.",1,1,B2BMarkt,76583,5208067219495,"2026-05-10 03:00:34",B2BMarkt,"<ul>
<li>Κατασκευή από ενισχυμένο μέταλλο με αντοχή σε καθημερινή χρήση.</li>
<li>Καθίσματα και πλάτες πάχους 1.2mm με επένδυση μαύρου PU δέρματος υψηλής ποιότητας.</li>
<li>Διάτρητο σχέδιο στα καθίσματα για αερισμό και άνεση.</li>
<li>Εργονομικός σχεδιασμός τύπου αεροδρομίου με ξεχωριστές θέσεις ανά χρήστη.</li>
<li>Μεταλλική βάση σε ασημί χρώμα με σύγχρονη αισθητική.</li>
<li>Ενσωματωμένα μαξιλαράκια στους βραχίονες για επιπλέον υποστήριξη.</li>
</ul>"
285275,simple,0616160,5208067219617,"Καθίσματα αναμονής Aviator",1,0,visible,,"<p>Αναβαθμίστε την αισθητική του χώρου σας με τα καινοτόμα καθίσματα αναμονής AVIATOR. Σχεδιασμένα για να συνδυάζουν την άνεση με τον επαγγελματισμό, προσφέρουν μια πολυτελή εμπειρία σε κάθε επισκέπτη. Τρία ξεχωριστά καθίσματα αεροδρομίου μαζί με πρακτικό τραπεζάκι δημιουργούν έναν κομψό και λειτουργικό σταθμό αναμονής.</p> <p>Η σύγχρονη μεταλλική κατασκευή σε διακριτική απόχρωση ασημί-γκρι προσδίδει κύρος στον χώρο σας. Ιδανικά για γραφεία, ιατρικά κέντρα, ξενοδοχεία και κάθε επαγγελματικό περιβάλλον, τα AVIATOR μετατρέπουν την αναμονή σε μια ευχάριστη εμπειρία. Επιλέξτε στυλ και άνεση που εντυπωσιάζει!</p>",,,taxable,,1,111,,0,0,25.9,55,223,76,1,,,"75,9",Γραφείο,καρέκλα,,https://eboy.gr/app/uploads/sites/2/2026/05/kathisma-anamonis-taerodromioy-3thesiotr.webp,,,,,,,,,0,B2BMarkt,ύψος,"76 εκ.",1,1,πλάτος,"223 εκ.",1,1,μήκος,"55 εκ.",1,1,B2BMarkt,76584,5208067219617,"2026-05-10 03:01:12",B2BMarkt,"<ul>
<li>Κατασκευή από ανθεκτικό μεταλλικό σκελετό με φινίρισμα σε ασημί και γκρι αποχρώσεις.</li>
<li>Διαθέτει διάτρητο πλέγμα στα καθίσματα και την πλάτη για βελτιωμένο αερισμό και βιομηχανική αισθητική.</li>
<li>Τριθέσιο σχέδιο με ενσωματωμένο αναδιπλούμενο τραπεζάκι 4 θέσεων τοποθέτησης.</li>
<li>Επιφάνεια καθισμάτων από ανθεκτικό υλικό που επιτρέπει τον καλό εξαερισμό.</li>
<li>Σχεδιασμός τύπου αεροδρομίου με ξεχωριστή θέση για κάθε χρήστη και οριοθετημένες θέσεις.</li>
</ul>"
285277,simple,0616161,5208067219655,"Καθίσματα αναμονής Aviator",1,0,visible,,"<!DOCTYPE html> <html lang=""el""> <head> <meta charset=""UTF-8""> <title>Καθίσματα Αναμονής Aviator</title> </head> <body> <p>Αναβαθμίστε την αισθητική και την άνεση του χώρου σας με το καινοτόμο κάθισμα αναμονής AVIATOR! Σχεδιασμένο για χώρους που απαιτούν στυλ και λειτουργικότητα, συνδυάζει αρμονικά την κομψότητα με τη διαχρονική ποιότητα. Η τριθέσια διάταξη τύπου αεροδρομίου προσφέρει μια μοναδική εμπειρία άνεσης σε επαγγελματίες επισκέπτες, ενώ η μεταλλική κατασκευή σε ασημί απόχρωση προσδίδει ένα κύρος στον χώρο σας.</p> <p>Επιλέξτε το AVIATOR για να δημιουργήσετε μια εντυπωσιακή πρώτη εντύπωση και να εξασφαλίσετε την απόλυτη ικανοποίηση των πελατών ή επισκεπτών σας. Η προηγμένη αισθητική του ταιριάζει ιδανικά σε γραφεία, ιατρικά κέντρα και ξενοδοχεία, μετατρέποντας κάθε αναμονή σε μια άνετη εμπειρία.</p> </body> </html>",,,taxable,,1,99,,0,0,15.8,50,148,40,1,,,"54,99",Γραφείο,καρέκλα,,https://eboy.gr/app/uploads/sites/2/2026/05/kathisma-anamonis-anamonis-taerodromioy-.webp,,,,,,,,,0,B2BMarkt,ύψος,"40 εκ.",1,1,πλάτος,"148 εκ.",1,1,μήκος,"50 εκ.",1,1,B2BMarkt,76585,5208067219655,"2026-05-10 03:01:46",B2BMarkt,"<ul>
<li>Κατασκευή από ενισχυμένο μέταλλο με αντοχή σε καθημερινή χρήση</li>
<li>Διάτρητη επιφάνεια καθίσματος πάχους 1 εκ. για βελτιωμένο αερισμό και βιομηχανική αισθητική</li>
<li>Μεταλλικό φινίρισμα σε ασημί χρώμα με επαγγελματική εμφάνιση</li>
<li>Σχεδιασμός χωρίς μπράτσα και πλάτη, τύπου αεροδρομίου</li>
<li>3 ξεχωριστές θέσεις με σαφή οριοθέτηση</li>
<li>Ανθεκτική μεταλλική βάση στήριξης</li>
</ul>"
285279,simple,9997440,,"Καναπές-sofa Hm11137",1,0,visible,,"<p>Δημιουργήστε το ιδανικό φοιτητικό σαλόνι με ένα κομψό και πρακτικό σετ επίπλων! Ο καναπές HM11137 προσφέρει την απόλυτη ευελιξία, μετατρέποντας εύκολα σε άνετο κρεβάτι όποτε το χρειάζεστε. Με μοντέρνα μπεζ απόχρωση υφάσματος που συνδυάζει άνεση και στυλ, θα αναβαθμίσει κάθε χώρο.</p> <p>Το ολοκληρωμένο σετ περιλαμβάνει τραπεζάκι σαλονιού με λειτουργικό ράφι και έπιπλο τηλεόρασης, όλα σχεδιασμένα για να συμπληρώνουν αρμονικά ο ένας τον άλλον. Η ποιότητα κατασκευής και η πρακτικότητα τους τα καθιστούν την ιδανική επιλογή για τη φοιτητική σας ζωή - όπου οι ανάγκες για χαλάρωση και μελέτη συνδυάζονται άψογα!</p>",,,taxable,,1,17,,0,0,64.5,82.5,180,78,1,,,"194,88","Σαλόνι & Καθιστικό",καναπές,,https://eboy.gr/app/uploads/sites/2/2026/05/foititiko-set-3tmch-kanapes-epiplo-tv-tr.webp,,,,,,,,,0,B2BMarkt,ύψος,"78 εκ.",1,1,πλάτος,"180 εκ.",1,1,μήκος,"82.5 εκ.",1,1,B2BMarkt,76586,,"2026-05-10 03:02:17",B2BMarkt,"<ul>
    <li>Κατασκευή από μελαμίνη υψηλής ποιότητας για αντοχή και εύκολη συντήρηση</li>
    <li>Ανθεκτικό υφασμάτινο κάλυμμα σε μπεζ χρώμα, πλενόμενο στο χέρι</li>
    <li>Μετατρέψιμο σύστημα καναπέ-κρεβατιού με απλή μηχανική κίνηση</li>
    <li>Περιλαμβάνει 2 αποθηκευτικούς χώρους (ράφι και συρτάρι)</li>
    <li>Αντιολισθητικά πόδια για σταθερότητα</li>
    <li>Επιφάνεια μελαμίνης σε απόχρωση zebrano με ρεαλιστική υφή ξύλου</li>
</ul>"
285281,simple,0616159,5208067219570,"Καθίσματα αναμονής Aviator",1,0,visible,,"<!DOCTYPE html> <html lang=""el""> <head> <meta charset=""UTF-8""> <title>Καθίσματα Αναμονής Aviator</title> </head> <body> <p>Μεταμορφώστε τους χώρους αναμονής σας με το AVIATOR, ένα κάθισμα που συνδυάζει λειτουργικότητα και στυλ. Σχεδιασμένο για να ανταποκρίνεται στις απαιτήσεις σύγχρονων επαγγελματικών χώρων, προσφέρει μια μοναδική εμπειρία χαλάρωσης.</p> <p>Με την κομψή του γραμμή και την υψηλής ποιότητας μεταλλική κατασκευή σε ασημί/γκρι αποχρώσεις, δημιουργεί αμέσως αίσθηση επαγγελματισμού και κομψότητας. Το διθέσιο σχέδιο με ενσωματωμένο τραπεζάκι εξασφαλίζει άνετη παραμονή για επισκέπτες και πελάτες, ενώ η εργονομική του σχεδίαση προάγει την ξεκούραση χωρίς συμβιβασμούς στην αισθητική.</p> </body> </html>",,,taxable,,1,118,,0,0,19.5,55,170,76,1,,,"59,9",Γραφείο,καρέκλα,,https://eboy.gr/app/uploads/sites/2/2026/05/kathisma-anamonis-taerodromioy-2thesiotr.webp,,,,,,,,,0,B2BMarkt,ύψος,"76 εκ.",1,1,πλάτος,"170 εκ.",1,1,μήκος,"55 εκ.",1,1,B2BMarkt,76587,5208067219570,"2026-05-10 03:02:47",B2BMarkt,"<ul>
<li>Μεταλλική κατασκευή με ασημί και γκρι ηλεκτροστατική βαφή</li>
<li>Διάτρητο πλέγμα σε καθίσματα και πλάτη για βελτιωμένο αερισμό</li>
<li>Ρυθμιζόμενο τραπεζάκι με δυνατότητα τοποθέτησης σε 3 θέσεις</li>
<li>2 ξεχωριστές θέσεις τύπου αεροδρομίου με ενσωματωμένη πλάτη</li>
<li>Επιφάνεια ανθεκτική στη φθορά κατάλληλη για έντονη χρήση</li>
<li>Εργονομικός σχεδιασμός για άνεση μακροχρόνιας παραμονής</li>
</ul>"
285283,simple,9996747,,"Τραπέζι πολυθρόνες Leofer",1,0,visible,,"<!DOCTYPE html> <html lang=""el""> <head> <meta charset=""UTF-8""> <title>Τραπέζι πολυθρόνες Leofer</title> <style> h1 { font-size: 1.5em; color: #2c3e50; } p { font-size: 1em; line-height: 1.4; } </style> </head> <body> <p>Ανακαλύψτε το σετ τραπεζαρίας Leofer, την ιδανική επιλογή για όσους αναζητούν αρμονία μεταξύ λειτουργικότητας και κομψότητας στον κήπο ή τη βεράντα τους. Το τραπέζι με μεταλλικό σκελετό σε καφέ απόχρωση συνδυάζεται αρμονικά με τις 4 άνετες πολυθρόνες textilene, δημιουργώντας ένα καλαίσθητο σύνολο που αντέχει στις καιρικές συνθήκες.</p> <p>Η πρακτική σχεδίαση του σετ το καθιστά μοναδικό: οι πολυθρόνες αποθηκεύονται εύκολα η μία πάνω στην άλλη, προσφέροντας μέγιστη ευελιξία στον χώρο σας. Με μοντέρνο σχεδιασμό και ενισχυμένη γυάλινη επιφάνεια στο τραπέζι, συνδυάζει την αισθητική με τη διάρκεια στο χρόνο, μετατρέποντας τις στιγμές χαλάρωσης σε μια απολαυστική εμπειρία.</p> </body> </html>",,,taxable,,1,26,,0,0,31.875,90,150,75,1,,,"159,86","Κήπος & Εξωτερικός Χώρος",τραπέζι,,https://eboy.gr/app/uploads/sites/2/2026/05/set-trapezarias-5tmch-exotchoroy-fb92100.webp,,,,,,,,,0,B2BMarkt,ύψος,"75 εκ.",1,1,πλάτος,"150 εκ.",1,1,μήκος,"90 εκ.",1,1,B2BMarkt,76589,,"2026-05-10 03:03:17",B2BMarkt,"<ul>
<li>Μεταλλικός σκελετός από ανοξείδωτο ατσάλι υψηλής αντοχής (διατομής 42x14mm και 26x15mm)</li>
<li>Επιφάνεια τραπεζιού: Γυαλί ενισχυμένο για εξωτερική χρήση</li>
<li>Καθίσματα: Textilene ανθεκτικό στην υγρασία και την ηλιακή ακτινοβολία σε καφέ χρώμα</li>
<li>Σχεδίαση με δυνατότητα στοίβαξης των πολυθρόνων για εύκολη αποθήκευση και εξοικονόμηση χώρου</li>
<li>Σταθερή βάση με αντιολισθητικά πόδια από ενισχυμένο πλαστικό</li>
</ul>"
285285,simple,9997983,,"Τραπέζι ομπρέλας Bravo",1,0,visible,,"<!DOCTYPE html> <html lang=""el""> <head><meta charset=""UTF-8""></head> <body> <p>Δημιουργήστε την ιδανική ατμόσφαιρα στον κήπο ή τη βεράντα σας με το σετ τραπεζαρίας Bravo! Συνδυάζει κομψότητα και λειτουργικότητα, προσφέροντας έναν ξεχωριστό χώρο χαλάρωσης. Το τραπέζι διαθέτει ανθεκτικό μεταλλικό σκελετό σε καφέ απόχρωση, ενώ η γυάλινη επιφάνεια με τη διακριτική θολότητα είναι εντυπωσιακή τόσο αισθητικά όσο και πρακτικά – χάρη στην ειδική τρύπα για την ομπρέλα, απολαμβάνετε προστασία χωρίς συμβιβασμούς στο στυλ.</p> <p>Οι τέσσερις άνετες πολυθρόνες με textilene σε καφέ απόχρωση προσφέρουν αναπαυτική καθήλωση και εύκολη αποθήκευση καθώς στοιβαχτούν. Η ορθογώνια ομπρέλα συμπληρώνει αρμονικά το σύνολο με τον σκούρο γκρι σκελετό της και το καφέ-κακάο ύφασμα, προσφέροντας σκίαση που ταιριάζει υπέροχα με τα υπόλοιπα στοιχεία του σετ. Το Bravo δεν είναι απλά έπιπλα – είναι μια προσεγμένη σύνθεση που αναβαθμίζει κάθε εξωτερικό χώρο, συνδυάζοντας ποιότητα, αισθητική και πρακτικότητα.</p> </body> </html>",,,taxable,,1,59,,0,0,41.6,70,120,72,1,,,"134,85","Κήπος & Εξωτερικός Χώρος",τραπέζι,,https://eboy.gr/app/uploads/sites/2/2026/05/set-trapezarias-6tmch-exotchoroy-fb91154.webp,,,,,,,,,0,B2BMarkt,ύψος,"72 εκ.",1,1,πλάτος,"120 εκ.",1,1,μήκος,"70 εκ.",1,1,B2BMarkt,76590,,"2026-05-10 03:03:48",B2BMarkt,"<ul>
<li>Μεταλλικός σκελετός από ανοξείδωτο ατσάλι με καφέ επίστρωση για αντοχή στις καιρικές συνθήκες</li>
<li>Γυάλινη θολή επιφάνεια ενισχυμένη, ανθεκτική στην υγρασία και με τρύπα διαμέτρου Φ38mm για την ομπρέλα</li>
<li>Πολυθρόνες κατασκευασμένες από μεταλλικό σκελετό και textilene ύφασμα υψηλής αντοχής στο χρόνο και τις καιρικές συνθήκες</li>
<li>Ανακλινόμενη ορθογώνια ομπρέλα με σκούρο γκρι μεταλλικό σκελετό και καπάκι σε χρώμα μόκα, εξοπλισμένη με μηχανισμό αναβατήρα</li>
<li>Σχεδιασμός πολυθρόνων για εύκολη αποθήκευση (στοίβαξη)</li>
</ul>"
285287,simple,9995660,,"Σετ τραπεζαρίας Jafaru",1,0,visible,,"<p>Αναβαθμίστε την τραπεζαρία σας με το εντυπωσιακό Σετ JAFARU, μια κομψή επιλογή για τον εσωτερικό σας χώρο. Το σετ συνδυάζει κομψότητα και λειτουργικότητα σε τέλεια αρμονία.</p> <p>Απολαύστε γεύματα σε ένα περιβάλλον που συνδυάζει τη μοντέρνα αισθητική με την υψηλή ποιότητα: στρογγυλό τραπέζι από διάφανο γυαλί ασφαλείας με μεταλλικά πόδια σε γήινους τόνους, πλαισιωμένο από καρέκλες επενδυμένες με μαλακό ΜΠΕΖ ύφασμα. Η απλότητα συναντά την πολυτέλεια, δημιουργώντας έναν χώρο όπου κάθε στιγμή μετατρέπεται σε μοναδική εμπειρία.</p>",,,taxable,,1,155,,0,0,37.6,90,90,75,1,,,"154,86","Σαλόνι & Καθιστικό",τραπέζι,,https://eboy.gr/app/uploads/sites/2/2026/05/set-trapezarias-5tmch-eschoroy-fb9108851.webp,,,,,,,,,0,B2BMarkt,ύψος,"75 εκ.",1,1,πλάτος,"90 εκ.",1,1,μήκος,"90 εκ.",1,1,B2BMarkt,76591,,"2026-05-10 03:04:19",B2BMarkt,"<ul>
<li>Επιφάνεια τραπεζιού από διάφανο γυαλί ασφαλείας πάχους 10mm</li>
<li>Μεταλλικά πόδια τραπεζιού με γεωμετρικό σχεδιασμό σε φυσικό χρώμα ξύλου</li>
<li>Κάθισμα επενδυμένο με μπεζ ύφασμα υψηλής ποιότητας</li>
<li>Μεταλλικά πόδια καρεκλών με παρόμοια χρωματική επεξεργασία ξύλου</li>
<li>Απλός καθαρισμός με υγρό πανί ή ήπια καθαριστικά προϊόντα</li>
<li>Μοντέρνος σχεδιασμός με έμφαση στη γεωμετρία και τη φυσικότητα των υλικών</li>
</ul>"
285289,simple,0603267,5208067214469,"Πολυθρόνα χώρου Brave",1,0,visible,,"<p>Αναβαθμίστε την αισθητική και τη λειτουργικότητα του εξωτερικού σας χώρου με την πολυθρόνα τραπεζαρίας Brave. Σχεδιασμένη για να προσφέρει την απόλυτη άνεση, συνδυάζει κομψότητα και πρακτικότητα. Με μοντέρνο, διχαλωτό σχεδιασμό στην πλάτη που αγκαλιάζει το σώμα, παρέχει υποστήριξη σε κάθε στάση.</p> <p>Η minimal αισθητική της ταιριάζει αρμονικά σε κάθε επαγγελματικό ή προσωπικό περιβάλλον, από τον κήπο του σπιτιού μέχρι τον εξωτερικό χώρο ενός εστιατορίου. Η ποιότητα κατασκευής και η ανθεκτική φύση της υπόσχονται μακροχρόνια χρήση, ενώ η επιλογή της σε καπουτσίνο χρώμα προσφέρει μια κομψή πινελιά στη διακόσμηση του εξωτερικού σας χώρου.</p>",,,taxable,,1,280,,0,0,4.9,42,47,84.5,1,,,"27,99","Κήπος & Εξωτερικός Χώρος",πολυθρόνα,,https://eboy.gr/app/uploads/sites/2/2026/05/polythrona-exchoroy-fb9662504-polypropyl.webp,,,,,,,,,0,B2BMarkt,ύψος,"84.5 εκ.",1,1,πλάτος,"47 εκ.",1,1,μήκος,"42 εκ.",1,1,B2BMarkt,76592,5208067214469,"2026-05-10 03:04:49",B2BMarkt,"<ul>
<li>Κατασκευή από πολυπροπυλένιο υψηλής αντοχής για αντοχή στις εξωτερικές συνθήκες</li>
<li>Ελαφριά αλλά σταθερή δομή με ενιαίο σώμα για αυξημένη ανθεκτικότητα</li>
<li>Ανθεκτικό φινίρισμα κατάλληλο για μακροχρόνια χρήση σε εξωτερικούς χώρους</li>
<li>Ημικυκλική πλάτη με διχαλωτό σχεδιασμό που παρέχει υποστήριξη και άνεση</li>
<li>Μινιμαλιστικό design με έμφαση στην εργονομία και την αισθητική</li>
<li>Εύκολη συντήρηση λόγω της ανθεκτικής επιφάνειας του πολυπροπυλενίου</li>
</ul>"
285291,simple,0603265,5208067214421,"Πολυθρόνα χώρου Brave",1,0,visible,,"<!DOCTYPE html> <html lang=""el""> <head> <meta charset=""UTF-8""> </head> <body> <div style=""max-width: 600px; margin:auto; padding: 20px;""> <p>Αναβαθμίστε τον εξωτερικό σας χώρο με την εντυπωσιακή πολυθρόνα τραπεζαρίας BRAVE. Σχεδιασμένη για να προσφέρει απαράμιλλη άνεση και αισθητική, συνδυάζει αρμονικά τη λειτουργικότητα με το μοντέρνο design. Η ιδιαίτερη ημικυκλική πλάτη με τον διακριτικό ""διχαλωτό"" σχεδιασμό αγκαλιάζει το σώμα, δημιουργώντας μια αίσθηση χαλάρωσης που θα εκτιμήσουν όλοι οι καλεσμένοι σας.</p> <p>Από τον επαγγελματικό χώρο μέχρι την προσωπική σας βεράντα, η πολυθρόνα Brave αποτελεί την ιδανική επιλογή για όσους αναζητούν ποιότητα και στυλ. Η minimal αισθητική της εναρμονίζεται άψογα με κάθε περιβάλλον, ενώ η αντοχή της εξασφαλίζει μακροχρόνια απόλαυση του εξωτερικού χώρου.</p> </div> </body> </html>",,,taxable,,1,230,,0,0,4.9,42,47,84.5,1,,,"27,99","Κήπος & Εξωτερικός Χώρος",πολυθρόνα,,https://eboy.gr/app/uploads/sites/2/2026/05/polythrona-exchoroy-fb9662502-polypropyl.webp,,,,,,,,,0,B2BMarkt,ύψος,"84.5 εκ.",1,1,πλάτος,"47 εκ.",1,1,μήκος,"42 εκ.",1,1,B2BMarkt,76593,5208067214421,"2026-05-10 03:05:22",B2BMarkt,"<ul>
<li>Κατασκευή από πολυπροπυλένιο υψηλής αντοχής με εξαιρετική αντοχή στις εξωτερικές συνθήκες</li>
<li>Ελαφριά αλλά σταθερά σχεδιασμένη για εύκολη μετακίνηση και μακροχρόνια χρήση</li>
<li>Ενιαίο σώμα με ενισχυμένη δομή για αυξημένη ανθεκτικότητα στη φθορά</li>
<li>Ημικυκλική πλάτη με ""διχαλωτό"" σχεδιασμό που προσφέρει εργονομική υποστήριξη</li>
<li>Ανθεκτικό φινίρισμα κατάλληλο για συχνή χρήση σε εξωτερικούς χώρους</li>
<li>Απλός καθαρισμός και συντήρηση λόγω της φύσης του υλικού (πολυπροπυλένιο)</li>
</ul>"
285293,simple,9995678,,"Τραπέζι σαλονιού Bravo",1,0,visible,,"<!DOCTYPE html> <html lang=""el""> <head><meta charset=""UTF-8""></head> <body> <p>Ανακαλύψτε το απόλυτο σετ τραπεζαρίας εξωτερικού χώρου Bravo και μεταμορφώστε τον κήπο σας σε έναν κομψό χώρο χαλάρωσης. Με μοντέρνο σχεδιασμό που συνδυάζει την ανθεκτικότητα του μεταλλικού σκελετού με τη διαχρονική αισθητική του καφέ χρώματος, αυτό το τραπέζι σαλονιού προσφέρει την τέλεια ισορροπία μεταξύ στυλ και πρακτικότητας.</p> <p>Η ενισχυμένη θολή γυάλινη επιφάνεια με ειδική εσοχή για ομπρέλα θα σας χαρίσει στιγμές χαλάρωσης κάτω από τον ήλιο, ενώ οι στιλάτες πολυθρόνες με textilene ύφασμα προσφέρουν άνεση χωρίς ανησυχίες για φθορές. Ιδανικό για καθημερινή χρήση και κοινωνικές συγκεντρώσεις στον εξωτερικό χώρο του σπιτιού σας.</p> </body> </html>",,,taxable,,1,141,,0,0,32.6,70,120,72,1,,,"99,95","Κήπος & Εξωτερικός Χώρος",τραπέζι,,https://eboy.gr/app/uploads/sites/2/2026/05/set-trapezarias-5tmch-fb91090012-trapezi.webp,,,,,,,,,0,B2BMarkt,ύψος,"72 εκ.",1,1,πλάτος,"120 εκ.",1,1,μήκος,"70 εκ.",1,1,B2BMarkt,76597,,"2026-05-10 03:05:51",B2BMarkt,"<ul>
<li>Μεταλλικός σκελετός από ανοξείδωτο χάλυβα με διαστάσεις 42x14x0.9mm και 26x15x0.9mm</li>
<li>Γυάλινη επιφάνεια ασφαλείας ενισχυμένη, θολή για προστασία από την ακτινοβολία UV</li>
<li>Ύφασμα textilene υψηλής αντοχής (540g/m²) στα καθίσματα και τις πλάτες των πολυθρόνων σε καφέ χρώμα</li>
<li>Σχεδιασμός με κεντρική οπή στο τραπέζι για τοποθέτηση στηρίγματος ομπρέλας</li>
<li>Στοιβαζόμενες πολυθρόνες για εύκολη αποθήκευση και μεταφορά</li>
<li>Απαιτεί ελάχιστη συντήρηση - καθαρισμός με υγρό πανί ή ήπια καθαριστικά προϊόντα</li>
</ul>"
285295,simple,9995679,,"Καρέκλες τραπέζι Adam",1,0,visible,,"<!DOCTYPE html> <html lang=""el""> <head> <meta charset=""UTF-8""> <title>Καρέκλες τραπέζι Adam</title> </head> <body> <p>Μεταμορφώστε τον κήπο σας σε ένα κομψό χώρο φιλοξενίας με το σετ τραπεζαρίας Adam! Η μοντέρνα αισθητική του μαύρου μεταλλικού σκελετού και της γυάλινης θολής επιφάνειας στο τραπέζι, συνδυάζεται αρμονικά με τις πολυθρόνες από ανθεκτικό textilene ύφασμα σε ματ μαύρο και φυσική αίσθηση συνθετικού rattan σε μπεζ. Ιδανικό για χαλαρές βραδιές, επαγγελματικές συναντήσεις ή εορταστικές περιστάσεις στον εξωτερικό χώρο.</p> <p>Η εργονομική σχεδίαση και τα ποιοτικά υλικά εξασφαλίζουν μακροχρόνια χρήση και αντοχή στις καιρικές συνθήκες, ενώ η μοντέρνα αισθητική ταιριάζει σε κάθε διακοσμητικό στυλ κήπου. Δημιουργήστε μια μοναδική ατμόσφαιρα φιλοξενίας με αυτό το ολοκληρωμένο σετ, που συνδυάζει λειτουργικότητα και κομψότητα.</p> </body> </html>",,,taxable,,1,11,,0,0,27.2,60,110,71,1,,,"109,59","Κήπος & Εξωτερικός Χώρος",καρέκλα,,https://eboy.gr/app/uploads/sites/2/2026/05/set-trapezarias-5tmch-fb91072703-karekle-1.webp,,,,,,,,,0,B2BMarkt,ύψος,"71 εκ.",1,1,πλάτος,"110 εκ.",1,1,μήκος,"60 εκ.",1,1,B2BMarkt,76598,,"2026-05-10 03:06:21",B2BMarkt,"<ul>
<li>Μεταλλικός σκελετός από ανοξείδωτο ατσάλι διαμέτρου Φ25 με πάχος 0.8mm</li>
<li>Επιφάνεια τραπεζιού: Γυαλί θολό ενισχυμένο για εξωτερική χρήση</li>
<li>Καθίσματα πολυθρόνων: Από textilene ύφασμα ανθεκτικό στην υγρασία και UV ακτινοβολία</li>
<li>Πλάτη πολυθρόνων: Συνθετικό rattan τύπου σχοινιού σε μπεζ απόχρωση</li>
<li>Αντιστατική επεξεργασία στα μεταλλικά μέρη για προστασία από την διάβρωση</li>
<li>Απλός καθαρισμός με υγρό πανί ή ήπια καθαριστικά προϊόντα</li>
</ul>"
285297,simple,9995639,,"Καρέκλες μεταλλικές Adam",1,0,visible,,"<!DOCTYPE html> <html lang=""el""> <head> <meta charset=""UTF-8""> <title>Καρέκλες Adam - Απόλαυση στην Αυλή σας</title> </head> <body> <p>Ανανεώστε τον εξωτερικό σας χώρο με το σετ τραπεζαρίας Adam, μια τέλεια σύνθεση για στιγμές χαλάρωσης. Το εντυπωσιακό τραπέζι με μεταλλικό σκελετό σε σαμπανί απόχρωση και ανθεκτική γυάλινη επιφάνεια θα γίνει το επίκεντρο του κήπου ή της βεράντας σας.</p> <p>Οι τέσσερις πολυθρόνες συμπληρώνουν αρμονικά το σύνολο, συνδυάζοντας την άνεση με την κομψότητα: κάθισμα από ανθεκτικό textilene σε σαμπανί τόνο και πλάτη από ποιοτικό συνθετικό rattan σε μπεζ χρώμα, που προσδίδει μια φυσική αισθητική. Ιδανικό για να απολαύσετε τον καφέ σας ή δείπνο με φίλους κάτω από τα αστέρια, το σετ Adam προσφέρει άνεση, στυλ και διάρκεια στο χρόνο.</p> </body> </html>",,,taxable,,1,122,,0,0,27.2,60,110,71,1,,,"109,59","Κήπος & Εξωτερικός Χώρος",καρέκλα,,https://eboy.gr/app/uploads/sites/2/2026/05/set-trapezarias-5tmch-fb91072704-karekle-1.webp,,,,,,,,,0,B2BMarkt,ύψος,"71 εκ.",1,1,πλάτος,"110 εκ.",1,1,μήκος,"60 εκ.",1,1,B2BMarkt,76599,,"2026-05-10 03:06:51",B2BMarkt,"<ul>
<li>Μεταλλικός σκελετός από ανοξείδωτο ατσάλι διαμέτρου Φ25 με πάχος 0.8mm για ανθεκτικότητα και μεγάλη διάρκεια ζωής.</li>
<li>Επιφάνεια τραπεζιού από ενισχυμένο γυαλί θολής υάλου, ανθεκτική σε καιρικές συνθήκες.</li>
<li>Κάθισμα πολυθρόνων από textilene ύφασμα αδιάβροχο και ανθεκτικό στη φθορά.</li>
<li>Πλάτη πολυθρόνων κατασκευασμένη από συνθετικό rattan με υφή σχοινιού σε μπεζ χρώμα για αισθητική και προστασία από τις περιβαλλοντικές συνθήκες.</li>
<li>Σχεδιασμός με ρυθμιζόμενα μπράτσα για άνετη χρήση στον εξωτερικό χώρο.</li>
</ul>"
285299,simple,9995573,,"Καναπές Lazio",1,0,visible,,"<!DOCTYPE html> <html lang=""el""> <head> <meta charset=""UTF-8""> <title>Kαναπές Lazio - Περιγραφή</title> </head> <body> <p>Αναβαθμίστε τον εξωτερικό σας χώρο με το σετ καναπέ Lazio, την ιδανική επιλογή για στιγμές χαλάρωσης στην αυλή ή τον κήπο σας. Ο κομψός σχεδιασμός συνδυάζει τη λειτουργικότητα με την αισθητική, προσφέροντας έναν αυθεντικό χώρο φιλοξενίας.<br><br> Το μεταλλικό σκελετό σε σαμπανί απόχρωση και η ανθεκτική γυάλινη επιφάνεια του τραπεζιού δημιουργούν μια κομψή αντίθεση, ενώ οι πολυθρόνες με το textilene ύφασμα προσφέρουν άνεση και αντοχή στις καιρικές συνθήκες. Η προσεγμένη λεπτομέρεια στα ξύλινα μπράτσα προσδίδει μοναδική κομψότητα στο σύνολο.</p> </body> </html>",,,taxable,,1,87,,0,0,32.4,60,110,71,1,,,"109,59","Κήπος & Εξωτερικός Χώρος",καναπές,,https://eboy.gr/app/uploads/sites/2/2026/05/set-trapezarias-5tmch-fb91083504-karekle.webp,,,,,,,,,0,B2BMarkt,ύψος,"71 εκ.",1,1,πλάτος,"110 εκ.",1,1,μήκος,"60 εκ.",1,1,B2BMarkt,76600,,"2026-05-10 03:07:22",B2BMarkt,"<ul>
<li>Μεταλλικός σκελετός τραπεζιού από χάλυβα με διάμετρο 25mm και πάχος 0.8mm.</li>
<li>Επιφάνεια τραπεζιού: Γυαλί θολό ενισχυμένο για αντοχή στις εξωτερικές συνθήκες.</li>
<li>Καθίσματα & πλάτες πολυθρόνων κατασκευασμένα από ανθεκτικό ύφασμα textilene σε σαμπανιζέ απόχρωση.</li>
<li>Μπράτσα πολυθρόνων με ξύλινη λεπτομέρεια υψηλής ποιότητας.</li>
<li>Ανθεκτικότητα στη φθορά και εύκολη συντήρηση - καθαρισμός με υγρό πανί ή ήπια καθαριστικά προϊόντα.</li>
</ul>"
285301,simple,0613091,5208067205139,"Σαλόνι Mahal",1,0,visible,,"<!DOCTYPE html> <html lang=""el""> <head> <meta charset=""UTF-8""> <title>Σαλόνι Mahal | Εξωτερικός Χώρος</title> </head> <body> <p>Αναβαθμίστε την εξωτερική σας διακόσμηση με το Σαλόνι MAHAL, την ιδανική επιλογή για στιγμές χαλάρωσης στο σπίτι. Η κομψή του γραμμή σε κρεμ και μπεζ αποχρώσεις δημιουργεί έναν κομψό χώρο που συνδυάζει την άνεση με τη φινέτσα του εσωτερικού σχεδιασμού στον εξωτερικό σας χώρο.</p> <p>Φέρτε τη ζεστασιά ενός σαλόνιου εξωτερικού χώρου στη βεράντα ή τον κήπο σας, απολαμβάνοντας ποιοτικό χρόνο με τους αγαπημένους σας. Το σετ σαλονιού MAHAL προσφέρει έναν καλαίσθητο και ανθεκτικό χώρο για ατελείωτες ώρες χαλάρωσης, μετατρέποντας κάθε εξωτερική γωνιά σε ένα προσωπικό καταφύγιο γαλήνης.</p> </body> </html>",,,taxable,,1,11,,0,0,90.7,90,88,80,1,,,1999,"Κήπος & Εξωτερικός Χώρος",τραπέζι,,https://eboy.gr/app/uploads/sites/2/2026/05/set-saloni-4tmch-fb9642402-krem-aloymini.webp,,,,,,,,,0,B2BMarkt,ύψος,"80 εκ.",1,1,πλάτος,"88 εκ.",1,1,μήκος,"90 εκ.",1,1,B2BMarkt,76601,5208067205139,"2026-05-10 03:07:51",B2BMarkt,"<ul>
<li>Σκελετός από αλουμίνιο ηλεκτροστατικής βαφής σε Κρεμ χρώμα για ανθεκτικότητα και αντοχή στη φθορά</li>
<li>Πλέξη με σχοινί Strap σε μπεζ απόχρωση, προσφέροντας φυσικό αισθητικό αποτέλεσμα</li>
<li>Μαξιλάρια με καλύμματα από Olefin ύφασμα - αφαιρούμενα με φερμουάρ, εύκολα στον καθαρισμό</li>
<li>Επιφάνεια τραπεζιού από 3D printed glass top σε ανοιχτό γκρι, ανθεκτική στις καιρικές συνθήκες</li>
<li>Σχεδιασμός για εύκολη συναρμολόγηση και μεταφορά των επίπλων εξωτερικού χώρου</li>
<li>Ανθεκτικό στη UV ακτινοβολία και τις καιρικές μεταβολές, κατάλληλο για μακροχρόνια εξωτερική χρήση</li>
</ul>"
285303,simple,0613396,5208067214117,"Ομπρέλα Gladdell",1,0,visible,,"<p>Η ομπρέλα GLADDLEL μεταμορφώνει κάθε εξωτερικό χώρο σε καταφύγιο κομψότητας και πρακτικότητας. Με την ιδιαίτερη αισθητική του ανοιχτού γκρι χρώματος, συνδυάζει άψογα τη μοντέρνα αρχιτεκτονική με την ανθεκτική κατασκευή.</p> <p>Κατασκευασμένη από υψηλής ποιότητας ανοδιωμένο αλουμίνιο, προσφέρει μακροχρόνια αντοχή στις καιρικές συνθήκες, ενώ ο καινοτόμος μηχανισμός gas spring επιτρέπει γρήγορη και ομαλή λειτουργία. Ιδανική επιλογή για επαγγελματικούς χώρους όπως ξενοδοχεία και καφετέριες, αλλά και για τον προσωπικό σας κήπο ή την πισίνα σας, η GLADDLEL παρέχει απόλυτη προστασία από τον ήλιο με στυλ.</p>",,,taxable,,1,28,,0,0,43.8,4,4,3.55,1,,,"874,9","Κήπος & Εξωτερικός Χώρος",ομπρέλα,,https://eboy.gr/app/uploads/sites/2/2026/05/epaggelmatiki-omprela-4x4x355ym-fb966050.webp,,,,,,,,,0,B2BMarkt,ύψος,"3.55 εκ.",1,1,πλάτος,"4 εκ.",1,1,μήκος,"4 εκ.",1,1,B2BMarkt,76602,5208067214117,"2026-05-10 03:08:22",B2BMarkt,"<ul>
<li>Κατασκευή από ανοδιωμένο αλουμίνιο υψηλής ποιότητας για αντοχή στη διάβρωση και τις καιρικές συνθήκες.</li>
<li>Μηχανισμός αυτόματου ανοίγματος με αέριο (gas spring) για εύκολη λειτουργία.</li>
<li>Ακρυλικό ύφασμα σκίασης ανοιχτό γκρι χρώματος, ανθεκτικό στην ηλιακή ακτινοβολία.</li>
<li>Εσωτερικός αεραγωγός για βελτίωση της κυκλοφορίας του αέρα κάτω από την ομπρέλα.</li>
<li>Φινίρισμα ανοδίωσης αλουμινίου σε χρώμα που αντιστέκεται στη φθορά και διατηρεί τη λάμψη του.</li>
<li>Συμπεριλαμβάνεται ξεχωριστή βάση από ανοξείδωτο χάλυβα τύπου ""ποτήρι"".</li>
</ul>"
285305,simple,0613397,5208067214124,"Ομπρέλα Gladdell",1,0,visible,,"<p>Η ομπρέλα Gladdell αποτελεί την απόλυτη επιλογή για κάθε εξωτερικό χώρο. Με μοναδικό σχεδιασμό και κορυφαία ποιότητα κατασκευής, προσφέρει άνεση και στυλ όπου κι αν τη τοποθετήσετε.<br /> Φτιαγμένη από ειδικό αλουμίνιο με τεχνολογία heat transfer σε απόχρωση μπεζ της άμμου, συνδυάζει την αισθητική του ξύλου με την ανθεκτικότητα του μετάλλου.</p> <p>Απολαύστε προστασία όλο το καλοκαίρι χάρη στο προηγμένο σύστημα gas spring που επιτρέπει γρήγορη και εύκολη λειτουργία. Η καινοτόμος σχεδίαση και η προσοχή στη λεπτομέρεια την καθιστούν ιδανική για επαγγελματικούς χώρους όπως ξενοδοχεία και καφετέριες, αλλά και για τον προσωπικό σας κήπο ή την πισίνα σας.<br /> Εμπιστευτείτε την ποιότητα Gladdell για σκιά με στυλ και αξιοπιστία.</p>",,,taxable,,1,27,,0,0,43.8,4,4,3.55,1,,,"879,9","Κήπος & Εξωτερικός Χώρος",ομπρέλα,,https://eboy.gr/app/uploads/sites/2/2026/05/epaggelmatiki-omprela-4x4m-fb9660502-hea.webp,,,,,,,,,0,B2BMarkt,ύψος,"3.55 εκ.",1,1,πλάτος,"4 εκ.",1,1,μήκος,"4 εκ.",1,1,B2BMarkt,76603,5208067214124,"2026-05-10 03:08:51",B2BMarkt,"<ul>
    <li>Κατασκευή από κράμα αλουμινίου με επεξεργασία HEAT TRANSFER για αυξημένη αντοχή στη διάβρωση και τις καιρικές συνθήκες.</li>
    <li>Επιφάνεια σε χρώμα Μπεζ της άμμου μέσω ειδικής βαφής που μιμείται το ξύλο.</li>
    <li>Μηχανισμός αυτόματου ανοίγματος με αέριο (gas spring) για εύκολη λειτουργία.</li>
    <li>Ακρυλικό πανί σκίασης ανθεκτικό στην ηλιακή ακτινοβολία και τον χρόνο.</li>
    <li>Ειδικός αεραγωγός για βελτιστοποιημένη κυκλοφορία αέρα κάτω από την ομπρέλα.</li>
</ul>"
285307,simple,0613398,5208067214131,"Ομπρέλα Pollin",1,0,visible,,"<p>Απολαύστε τον εξωτερικό σας χώρο με την ομπρέλα αλουμινίου POLLIN - το τέλειο καταφύγιο από τον ήλιο. Με κομψό, ανοιχτό γκρι χρώμα και ακρυλικό ύφασμα υψηλής αντοχής, προσθέτει μια νότα μοντέρνας αισθητικής στον κήπο, την πισίνα ή τον επαγγελματικό σας χώρο.</p> <p>Η καινοτόμος κατασκευή από ανοδιωμένο αλουμίνιο συνδυάζει διαχρονική ομορφιά με μέγιστη αντοχή στις καιρικές συνθήκες. Ο προηγμένος μηχανισμός gas spring επιτρέπει το άνοιγμα και κλείσιμο με ελάχιστη προσπάθεια, ενώ ο ειδικός αεραγωγός εξασφαλίζει βέλτιστη κυκλοφορία του αέρα κάτω από την ομπρέλα. Ιδανική επιλογή για κάθε περίσταση, προσφέρει προστασία και στυλ σε αρμονία.</p>",,,taxable,,1,20,,0,0,65.4,5,5,4.1,1,,,1450,"Κήπος & Εξωτερικός Χώρος",ομπρέλα,,https://eboy.gr/app/uploads/sites/2/2026/05/epaggelmatiki-omprela-aloyminioy-5x5m-fb.webp,,,,,,,,,0,B2BMarkt,ύψος,"4.1 εκ.",1,1,πλάτος,"5 εκ.",1,1,μήκος,"5 εκ.",1,1,B2BMarkt,76604,5208067214131,"2026-05-10 03:09:23",B2BMarkt,"<ul>
    <li>Κατασκευή από ανοδιωμένο αλουμίνιο για αντοχή στη διάβρωση και τις καιρικές συνθήκες.</li>
    <li>Μηχανισμός αυτόματου ανοίγματος με αέριο (gas spring) για εύκολη χρήση.</li>
    <li>Ακρυλικό πανί σκίασης ανοιχτό γκρι χρώματος, ανθεκτικό στην ηλιακή ακτινοβολία.</li>
    <li>Ειδικός αεραγωγός για βελτιωμένη κυκλοφορία του αέρα κάτω από την ομπρέλα.</li>
    <li>Συνοδευτική ατσάλινη βάση τύπου ""ποτήρι"" στο ίδιο χρώμα με το σκελετό.</li>
</ul>"
285309,simple,0525926,5208067224055,"Τραπέζι Ramu",1,0,visible,,"<!DOCTYPE html> <html lang=""el""> <head> <meta charset=""UTF-8""> <title>Τραπέζι Ramu</title> </head> <body> <p>Μεταμορφώστε το σαλόνι σας με το εντυπωσιακό τραπεζάκι RAMU. Διαθέσιμο σε κομψό μαύρο χρώμα, συνδυάζει διαχρονικό design με μοντέρνα αισθητική.</p> <p>Το ιδιαίτερο χαρακτηριστικό του συρταριού με τον μεταλλικό κρίκο και η διακριτική αποθηκευτική λύση στο κάτω μέρος, το καθιστούν όχι μόνο ένα διακοσμητικό στοιχείο αλλά και πρακτικά χρήσιμο. Προσαρμόζεται αρμονικά σε κάθε χώρο, προσφέροντας μια κομψή πινελιά που αναβαθμίζει την ατμόσφαιρα του σπιτιού σας.</p> </body> </html>",,,taxable,,1,26,,0,0,4.2,25,25,66.5,1,,,"28,9","Σαλόνι & Καθιστικό",τραπέζι,,https://eboy.gr/app/uploads/sites/2/2026/05/boithitiko-trapezaki-fb9948402-apo-maoni.webp,,,,,,,,,0,B2BMarkt,ύψος,"66.5 εκ.",1,1,πλάτος,"25 εκ.",1,1,μήκος,"25 εκ.",1,1,B2BMarkt,76605,5208067224055,"2026-05-10 03:09:52",B2BMarkt,"<ul>
<li>Κατασκευή από μασίφ ξύλο Μαόνι υψηλής ποιότητας και αντοχής</li>
<li>Επιφάνεια με φυσικό φινίρισμα ξύλου που αναδεικνύει την υφή του μαονιού</li>
<li>Ενσωματωμένο συρτάρι με μεταλλικό χερούλι-κρίκο για επιπλέον αποθηκευτικό χώρο</li>
<li>Κάτω ράφι σύνδεσης των ποδιών για αυξημένη σταθερότητα</li>
<li>Ανθεκτική κατασκευή με ενισχυμένη σύνδεση ποδιών για πρόληψη στρέβλωσης</li>
</ul>"
285311,simple,0525927,5208067224062,"Τραπέζι σαλονιού Ramu",1,0,visible,,"<!DOCTYPE html> <html lang=""el""> <head> <meta charset=""UTF-8""> <title>Τραπέζι σαλονιού Ramu</title> </head> <body> <p>Αναβαθμίστε το σαλόνι σας με την κομψή παρουσία του τραπεζιού RAMU. Η διακριτική κομψότητα και ο κλασικός σχεδιασμός του, σε ένα εκλεπτυσμένο λευκό χρώμα, το καθιστούν την ιδανική επιλογή για κάθε χώρο.</p> <p>Με την ξεχωριστή του σχεδίαση, που συνδυάζει λειτουργικότητα και αισθητική, το ξύλινο τραπέζι με το στιλάτο συρτάρι και το κάτω ραφάκι, προσφέρει τόσο αποθηκευτικό χώρο όσο και στυλ. Η αρμονική του παρουσία ταιριάζει αρμονικά σε διαφορετικούς διακοσμητικούς συνδυασμούς, ενισχύοντας τη ζεστασιά του σπιτιού σας.</p> </body> </html>",,,taxable,,1,45,,0,0,4.2,25,25,66.5,1,,,"28,9","Σαλόνι & Καθιστικό",τραπέζι,,https://eboy.gr/app/uploads/sites/2/2026/05/boithitiko-trapezaki-fb9948403-apo-maoni.webp,,,,,,,,,0,B2BMarkt,ύψος,"66.5 εκ.",1,1,πλάτος,"25 εκ.",1,1,μήκος,"25 εκ.",1,1,B2BMarkt,76606,5208067224062,"2026-05-10 03:10:24",B2BMarkt,"<ul>
<li>Κατασκευή από μασίφ ξύλο Μαόνι υψηλής ποιότητας και αντοχής</li>
<li>Επιφάνεια σε λευκό χρώμα με κλασικό φινίρισμα</li>
<li>Περιλαμβάνει συρτάρι με χειρολαβή-κρίκο διαστάσεων 9x12x7 εκ.</li>
<li>Πρόσθετο ράφι αποθήκευσης κάτω από τη βάση 9x9 εκ.</li>
<li>Σταθερή σύνδεση των τεσσάρων ποδιών μέσω ενιαίου ραφιού</li>
<li>Ανθεκτική κατασκευή με μεταλλικά στοιχεία σύνδεσης</li>
</ul>"
285313,simple,0616158,5208067219532,"Καθίσματος αναμονής Aviator",1,0,visible,,"<p>Αναβαθμίστε την ατμόσφαιρα του χώρου σας με το κομψό παγκάκι αναμονής Aviator. Σχεδιασμένο για να προσφέρει μια μοναδική εμπειρία άνεσης και στυλ, αποτελεί την ιδανική επιλογή για κάθε επαγγελματικό περιβάλλον.</p> <p>Το μοντέρνο παγκάκι 4 θέσεων συνδυάζει τη λειτουργικότητα με την αισθητική, δημιουργώντας ένα σημείο αναφοράς στους χώρους υποδοχής. Η μεταλλική κατασκευή του σε ασημί απόχρωση, μαζί με το διάτρητο υλικό στα καθίσματα, εξασφαλίζει όχι μόνο μια κομψή εμφάνιση αλλά και εξαιρετική αντοχή στη χρήση.</p>",,,taxable,,1,119,,0,0,27.4,55,223,76,1,,,"75,9",Γραφείο,καρέκλα,,https://eboy.gr/app/uploads/sites/2/2026/05/pagkaki-typoy-aerodromioy-4-thesio-fb918.webp,,,,,,,,,0,B2BMarkt,ύψος,"76 εκ.",1,1,πλάτος,"223 εκ.",1,1,μήκος,"55 εκ.",1,1,B2BMarkt,76607,5208067219532,"2026-05-10 03:10:54",B2BMarkt,"<ul>
<li>Κατασκευή από ενισχυμένο μέταλλο υψηλής αντοχής (iron)</li>
<li>Διάτρητη επιφάνεια καθίσματος και πλάτης πάχους 1.2mm για αερισμό</li>
<li>Μπράτσα και πόδια κατασκευασμένα από συμπαγές μέταλλο πάχους 1.2mm</li>
<li>Ασημί μεταλλικό φινίρισμα με βιομηχανική αισθητική</li>
<li>4 ξεχωριστές θέσεις τύπου αεροδρομίου με σαφή οριοθέτηση</li>
<li>Αντοχή σε έντονη καθημερινή χρήση λόγω της ενισχυμένης κατασκευής</li>
</ul>"
285315,simple,9995610,,"Ομπρέλα Javante",1,0,visible,,"<!DOCTYPE html> <html lang=""el""> <head><meta charset=""UTF-8""></head> <body> <p>Ανακαλύψτε την απόλυτη λύση σκίασης με την ομπρέλα Javante - τον ιδανικό σύντροφο για εξωτερικούς χώρους. Σχεδιασμένη με μοντέρνα αισθητική και υψηλή ποιότητα, προσφέρει άνεση και στυλ όπου κι αν τη χρειαστείτε.</p> <p>Με κομψό γκρι ύφασμα και περιστροφή 360 μοιρών, δημιουργεί έναν προσωπικό παράδεισο δίπλα στην πισίνα, στον κήπο ή στη βεράντα σας. Η ανθεκτική κατασκευή από αλουμίνιο συνδυάζεται με καινοτόμο μηχανισμό στήριξης στο νερό για εύκολη τοποθέτηση και απόλυτη σταθερότητα. Απολαύστε την ελευθερία να απολαμβάνετε τον εξωτερικό χώρο σας σε κάθε καιρό!</p> </body> </html>",,,taxable,,1,56,,0,0,42.8,7,5,0.16,1,,,"324,9","Κήπος & Εξωτερικός Χώρος",ομπρέλα,,https://eboy.gr/app/uploads/sites/2/2026/05/epaggelmatiki-omprela-27x27m-me-basi-ner.webp,,,,,,,,,0,B2BMarkt,ύψος,"0.16 εκ.",1,1,πλάτος,"5 εκ.",1,1,μήκος,"7 εκ.",1,1,B2BMarkt,76608,,"2026-05-10 03:11:25",B2BMarkt,"<ul>
<li>Κατασκευή από ανοδιωμένο αλουμίνιο υψηλής αντοχής με ενισχυμένα μεταλλικά στοιχεία</li>
<li>Ηλεκτροστατική βαφή για προστασία από περιβαλλοντική φθορά</li>
<li>Πτυσσόμενο γκρι πανί πολυεστέρα UV προστατευμένο για αντοχή στην ηλιακή ακτινοβολία</li>
<li>Μηχανισμός περιστροφής 360 μοιρών με χειρολαβή και foot pedal για εύκολη χρήση</li>
<li>Ενσωματωμένος πλευρικός ιστός (κρεμαστή) για βελτιστοποίηση κάλυψης χώρου</li>
<li>Βάση νερού για σταθερή τοποθέτηση χωρίς τρύπες στο έδαφος</li>
</ul>"
285317,simple,9995611,,"Ομπρέλα Javante",1,0,visible,,"<p>Ετοιμαστείτε να εντυπωσιάσετε στον κήπο, τη βεράντα ή δίπλα στην πισίνα σας! Η ομπρέλα αλουμινίου Javante με το εντυπωσιακό μέγεθος 2.7x2.7μ και περιστροφή 360° δημιουργεί έναν χώρο μοναδικής αισθητικής και λειτουργικότητας.</p> <p>Με την καινοτόμο σχεδίασή της που συνδυάζει άψογα την αισθητική με την πρακτικότητα, προσφέρει πλήρη προστασία από τον ήλιο ενώ προσθέτει μια νότα σύγχρονης κομψότητας στον εξωτερικό σας χώρο. Το ανθεκτικό λευκό ύφασμα και η υψηλή ποιότητα κατασκευής εγγυώνται μακροχρόνια χρήση και αντοχή στις καιρικές συνθήκες.</p>",,,taxable,,1,55,,0,0,42.8,7,5,0.16,1,,,"324,9","Κήπος & Εξωτερικός Χώρος",ομπρέλα,,https://eboy.gr/app/uploads/sites/2/2026/05/epaggelmatiki-omprela-27x27m-me-basi-ner-1.webp,,,,,,,,,0,B2BMarkt,ύψος,"0.16 εκ.",1,1,πλάτος,"5 εκ.",1,1,μήκος,"7 εκ.",1,1,B2BMarkt,76609,,"2026-05-10 03:11:54",B2BMarkt,"<ul>
<li>Κατασκευή από ανθεκτικό αλουμίνιο με ενισχυμένα μεταλλικά στοιχεία για αυξημένη σταθερότητα</li>
<li>Ηλεκτροστατική βαφή για προστασία από εξωτερικές συνθήκες και μακροχρόνια αντοχή</li>
<li>Πτυσσόμενο σύστημα με μηχανισμό χειρολαβής και foot pedal για εύκολη χρήση</li>
<li>Περιστροφή 360 μοιρών για πλήρη κάλυψη του χώρου σε κάθε κατεύθυνση</li>
<li>Ενσωματωμένος πλευρικός ιστός (κρεμαστή) για επιπλέον σκίαση από πλάγιες βροχοπτώσεις</li>
<li>Αδιάβροχο λευκό πανί με minimal αισθητική και φωτεινούς λευκούς τόνους</li>
</ul>"
285319,simple,0603262,5208067214360,"Πολυθρόνα αλόρα",1,0,visible,,"<!DOCTYPE html> <html lang=""el""> <head> <meta charset=""UTF-8""> <title>Πολυθρόνα ALOR</title> </head> <body> <p>Η πολυθρόνα τραπεζαρίας εξωτερικού χώρου ALOR αποτελεί την επιτομή του σύγχρονου design. Με minimal γραμμές και εξαιρετική ποιότητα κατασκευής, συνδυάζει άψογα αισθητική και λειτουργικότητα.<br /> Δημιουργήστε το ιδανικό περιβάλλον για τους πελάτες σας σε καφέ ή εστιατόρια, ή απολαύστε την άνεση της στον προσωπικό σας εξωτερικό χώρο. Η επιλογή αυτή θα αναδείξει τον επαγγελματικό ή οικιακό σας χώρο, προσφέροντας μια μοναδική εμπειρία χαλάρωσης.</p> </body> </html>",,,taxable,,1,295,,0,0,4.7,55,47,74.5,1,,,"24,99","Κήπος & Εξωτερικός Χώρος",πολυθρόνα,,https://eboy.gr/app/uploads/sites/2/2026/05/polythrona-exotchoroy-fb9662404-polyprop.webp,,,,,,,,,0,B2BMarkt,ύψος,"74.5 εκ.",1,1,πλάτος,"47 εκ.",1,1,μήκος,"55 εκ.",1,1,B2BMarkt,76616,5208067214360,"2026-05-10 03:12:23",B2BMarkt,"<ul>
<li>Κατασκευή από πολυπροπυλένιο υψηλής αντοχής και ανθεκτικότητας</li>
<li>Ανθεκτική σε εξωτερικές συνθήκες, υγρασία και ηλιακή ακτινοβολία</li>
<li>Ελαφριά αλλά σταθερή δομή με ενισχυμένη στήριξη</li>
<li>Στοιβαζόμενη για εύκολη αποθήκευση και μεταφορά</li>
<li>Επιφάνεια από πολυπροπυλένιο με αντοχή στην φθορά</li>
<li>Μινιμαλιστικό design με καθαρές γραμμές</li>
</ul>"
285321,simple,9995571,,"Καναπές Lazio",1,0,visible,,"<p>Αναβαθμίστε την αυλή ή το μπαλκόνι σας με έναν καναπέ που συνδυάζει άψογα τη λειτουργικότητα με την κομψότητα. Ο Lazio είναι ένα σύνολο έπιπλων εξωτερικού χώρου σχεδιασμένο να προσφέρει στιγμές χαλάρωσης και στυλ.</p> <p>Η μοντέρνα αισθητική του μεταλλικού σκελετού σε γκρι απόχρωση συνδυάζεται αρμονικά με την ανθεκτική γυάλινη επιφάνεια, ενώ οι πολυθρόνες με το μοναδικό ύφασμα textilene προσφέρουν άνεση και αντοχή στη φθορά. Η προσεγμένη λεπτομέρεια στα ξύλινα μπράτσα προσθέτει μια κλασική νότα στην σύγχρονη σχεδίαση.</p>",,,taxable,,1,323,,0,0,32.4,60,110,71,1,,,"109,59","Κήπος & Εξωτερικός Χώρος",καναπές,,https://eboy.gr/app/uploads/sites/2/2026/05/set-trapezarias-5tmch-fb91083501-karekle.webp,,,,,,,,,0,B2BMarkt,ύψος,"71 εκ.",1,1,πλάτος,"110 εκ.",1,1,μήκος,"60 εκ.",1,1,B2BMarkt,76618,,"2026-05-10 03:12:54",B2BMarkt,"<ul>
<li>Μεταλλικός σκελετός τραπεζιού με διάμετρο σωλήνα Φ25mm και πάχος 0.8mm</li>
<li>Γυάλινη επιφάνεια τραπεζιού ενισχυμένη, θολή για αντιχαρακτική προστασία</li>
<li>Κάθισμα και πλάτη από ανθεκτικό ύφασμα textilene σε γκρι απόχρωση</li>
<li>Ξύλινα στοιχεία στα μπράτσα των πολυθρόνων</li>
<li>Ελάχιστη απαιτούμενη συντήρηση - καθαρισμός με υγρό πανί ή ήπια καθαριστικά</li>
<li>Ανθεκτικότητα στις εξωτερικές συνθήκες λόγω ενισχυμένης κατασκευής</li>
</ul>"
285323,simple,9995572,,"Καρέκλες τραπέζι Leone",1,0,visible,,"<p>Ανακαλύψτε το απόλυτο σετ τραπεζαρίας για τον εξωτερικό σας χώρο! Η σειρά Leone συνδυάζει μοναδικά τη λειτουργικότητα με την αισθητική αρτιότητα. Το εντυπωσιακό τραπέζι ξεχωρίζει με τον ανθεκτικό μεταλλικό σκελετό σε ματ μαύρο χρώμα και την ενισχυμένη θολή γυάλινη επιφάνεια που προσφέρει απαράμιλλη οπτική χάρη.</p> <p>Οι τέσσερις πολυθρόνες ολοκληρώνουν το σύνολο, διαθέτοντας άνετο κάθισμα από υψηλής ποιότητας textilene ύφασμα σε ματ μαύρο χρώμα. Η διακριτική ξύλινη λεπτομέρεια στα μπράτσα προσδίδει μια πινελιά κλασικής κομψότητας. Ιδανικό για στιγμές χαλάρωσης με οικογένεια και φίλους, δημιουργώντας αναμνήσεις που διαρκούν.</p>",,,taxable,,1,118,,0,0,32.4,60,110,71,1,,,"109,59","Κήπος & Εξωτερικός Χώρος",καρέκλα,,https://eboy.gr/app/uploads/sites/2/2026/05/set-trapezarias-5tmch-fb91083503-karekle.webp,,,,,,,,,0,B2BMarkt,ύψος,"71 εκ.",1,1,πλάτος,"110 εκ.",1,1,μήκος,"60 εκ.",1,1,B2BMarkt,76619,,"2026-05-10 03:13:25",B2BMarkt,"<ul>
<li>Μεταλλικός σκελετός από ανοξείδωτο ατσάλι Φ25 με πάχος 0.8mm για αντοχή στη φθορά και τις καιρικές συνθήκες.</li>
<li>Επιφάνεια τραπεζιού: Γυαλί θολό ενισχυμένο, ανθεκτικό σε υγρασία και θερμοκρασιακές μεταβολές.</li>
<li>Καθίσματα: Κατασκευασμένα από textilene ύφασμα υψηλής αντοχής στο χρόνο και την ηλιακή ακτινοβολία.</li>
<li>Μπράτσα: Ξύλινα με προστατευτική επεξεργασία για εξωτερική χρήση και αντοχή στη φθορά.</li>
<li>Απλή συντήρηση: Καθαρίζεται εύκολα με υγρό πανί ή ήπια καθαριστικά προϊόντα.</li>
</ul>"
285325,simple,0613112,5208067205788,"Πολυθρόνα τραπεζαρίας Cravin",1,0,visible,,"<!DOCTYPE html> <html lang=""el""> <head> <meta charset=""UTF-8""> </head> <body> <p>Ανακαλύψτε την πολυθρόνα τραπεζαρίας Cravin, τον τέλειο συνδυασμό κομψότητας και άνεσης για τους εξωτερικούς χώρους σας. Σχεδιασμένη με σεβασμό στη φύση, η Cravin ξεχωρίζει με το μοναδικό της στυλ που συνδυάζει αριστοτεχνικά το φυσικό ξύλο ακακίας με υψηλής ποιότητας μαξιλάρια.</p> <p>Προσθέστε μια πινελιά πολυτέλειας στον κήπο ή τη βεράντα σας, δημιουργώντας έναν χώρο όπου η χαλάρωση συναντά την αισθητική αρτιότητα. Η Cravin αποτελεί ιδανική επιλογή για επαγγελματίες του χώρου της εστίασης και λάτρεις του ποιοτικού outdoor design, προσφέροντας διαχρονική αξία που διαρκεί.</p> </body> </html>",,,taxable,,1,196,,0,0,10,61,58,74,1,,,"119,9","Κήπος & Εξωτερικός Χώρος",πολυθρόνα,,https://eboy.gr/app/uploads/sites/2/2026/05/polythrona-trapezarias-fb96441-xylo-akak.webp,,,,,,,,,0,B2BMarkt,ύψος,"74 εκ.",1,1,πλάτος,"58 εκ.",1,1,μήκος,"61 εκ.",1,1,B2BMarkt,76620,5208067205788,"2026-05-10 03:13:56",B2BMarkt,"<ul>
    <li>Σκελετός από μασίφ ξύλο ακακίας με φυσική επιφάνεια.</li>
    <li>Μαξιλάρια με πολυεστερική μπεζ ύφανση 230gr και αφρό πυκνότητας D25 για άνεση.</li>
    <li>Προστασία από εξωτερικές συνθήκες μέσω εφαρμογής λαδιού συντήρησης ξύλου ετησίως.</li>
    <li>Καθαρισμός με νωπό πανί και ήπιο σαπούνι, κατάλληλη για εξωτερική χρήση.</li>
    <li>Ανθεκτικά καλύμματα μαξιλαριών που προστατεύουν τα γεμίσματα αφρού.</li>
</ul>"
285327,simple,0612700,5208067181488,"Πολυθρόνα Lounge Monter",1,0,visible,,"<p>Ανακαλύψτε την πολυθρόνα Lounge Monter, το απόλυτο σημείο χαλάρωσης στον εξωτερικό σας χώρο. Συνδυάζει αρμονικά τη φυσική ομορφιά του ξύλου ακακίας με την κομψότητα του ανθεκτικού μπεζ σχοινιού δημιουργώντας μια μοναδική ατμόσφαιρα υψηλής αισθητικής. Η Monter αποτελεί την ιδανική επιλογή για όσους αναζητούν ένα στιβαρό και άνετο κάθισμα εξωτερικού χώρου, κατάλληλο τόσο για επαγγελματικούς όσο και για ιδιωτικούς χώρους.</p> <p>Ζήστε την απόλυτη εμπειρία χαλάρωσης χάρη στο προσεγμένο design και την ποιοτική κατασκευή της. Προσφέρει απαράμιλλη άνεση με κάθε χρήση, μετατρέποντας τον εξωτερικό σας χώρο σε ένα ονειρικό σημείο απόλαυσης. Η μοντέρνα αισθητική της ταιριάζει τέλεια σε κάθε περιβάλλον, δημιουργώντας έναν μοναδικό χώρο όπου η χαλάρωση συναντά την πολυτέλεια.</p>",,,taxable,,1,188,,0,0,11,60,63.5,69,1,,,"114,9","Κήπος & Εξωτερικός Χώρος",πολυθρόνα,,https://eboy.gr/app/uploads/sites/2/2026/05/polythrona-lounge-fb9624101-xylo-akakias.webp,,,,,,,,,0,B2BMarkt,ύψος,"69 εκ.",1,1,πλάτος,"63.5 εκ.",1,1,μήκος,"60 εκ.",1,1,B2BMarkt,76626,5208067181488,"2026-05-10 03:14:28",B2BMarkt,"<ul>
<li>Σκελετός από μασίφ ξύλο ακακίας με αντοχή στις εξωτερικές συνθήκες</li>
<li>Κάθισμα και πλάτη επενδυμένα με πολυεστερικό σχοινί 6mm σε μπεζ απόχρωση, ανθεκτικό στην ηλιακή ακτινοβολία</li>
<li>Ανθεκτική κατασκευή με φυσική υφή και ζεστή αισθητική</li>
<li>Προδιαγραφές για εφαρμογή προστατευτικού λαδιού συντήρησης</li>
<li>Σταθερή βάση με τετράγωνη διάταξη ποδιών (62x62 εκ.)</li>
<li>Ύψος μπράτσου 47 εκ. για άνετο στήριγμα χεριών</li>
</ul>"
285329,simple,0612701,5208067181495,"Πολυθρόνα Lounge Monter",1,0,visible,,"<!DOCTYPE html> <html lang=""el""> <head> <meta charset=""UTF-8""> </head> <body> <div style=""max-width: 600px; margin: auto;""> <p>Ανακαλύψτε την απόλυτη εμπειρία χαλάρωσης με την Πολυθρόνα Lounge Monter - τον τέλειο σύντροφο για τους λάτρεις του εξωτερικού χώρου. Δημιουργημένη από τη μοναδική ένωση ξύλου ακακίας και ανθεκτικού γκρι σχοινιού, η Monter συνδυάζει την παραδοσιακή κομψότητα με τη σύγχρονη αισθητική. Προσφέρει μια απαράμιλλη αίσθηση πολυτέλειας στον κήπο ή το μπαλκόνι σας, δημιουργώντας έναν προσωπικό χώρο ηρεμίας. Η προσεκτικά σχεδιασμένη άνεση της, μαζί με την άριστη ποιότητα κατασκευής, καθιστούν την Monter ιδανική επιλογή για κάθε περιβάλλον, εξασφαλίζοντας μακροχρόνια απόλαυση και αξέχαστες στιγμές χαλάρωσης.</p> </div> </body> </html>",,,taxable,,1,94,,0,0,11,62,78,67,1,,,"114,9","Κήπος & Εξωτερικός Χώρος",πολυθρόνα,,https://eboy.gr/app/uploads/sites/2/2026/05/polythrona-lounge-fb9624102-xylo-akakias.webp,,,,,,,,,0,B2BMarkt,ύψος,"67 εκ.",1,1,πλάτος,"78 εκ.",1,1,μήκος,"62 εκ.",1,1,B2BMarkt,76627,5208067181495,"2026-05-10 03:14:59",B2BMarkt,"<ul>
<li>Σκελετός από μασίφ ξύλο ακακίας υψηλής αντοχής σε εξωτερικές συνθήκες.</li>
<li>Κάθισμα και πλάτη κατασκευασμένα από πολυεστερικό σχοινί 6mm με γκρι απόχρωση, ανθεκτικό στην υγρασία.</li>
<li>Φυσικό φινίρισμα ξύλου με εφαρμογή ελαίου για προστασία και συντήρηση.</li>
<li>Ανθεκτική κατασκευή με ενσωματωμένη αντοχή στη φθορά και τη διάβρωση.</li>
<li>Εύκολος καθαρισμός με ήπιο σαπούνι και νωπό πανί, χωρίς ειδική περιποίηση.</li>
</ul>"
285331,simple,0612715,5208067181747,"Τραπέζι μέσης Mormont",1,0,visible,,"<p>Ανακαλύψτε την απόλυτη ισορροπία μεταξύ φυσικής ομορφιάς και σύγχρονης κομψότητας με το Τραπέζι Μέσης Mormont. Φτιαγμένο για να μεταμορφώσει τον εξωτερικό σας χώρο, συνδυάζει την ανθεκτικότητα του μασίφ ξύλου ακακίας με τη μοναδική υφή του πολυεστερικού σχοινιού σε μπεζ απόχρωση.</p> <p>Δημιουργήστε έναν χαλαρωτικό παράδεισο στην αυλή ή τη βεράντα σας, όπου η κομψότητα συναντά την άνεση. Ιδανικό για να απολαύσετε στιγμές χαλάρωσης και να φιλοξενήσετε απρόσμενους επισκέπτες, το στρογγυλό σχήμα του επιτρέπει άνετη χρήση ενώ τονίζει την αισθητική του χώρου. Διαθέτοντας διακριτικό design που ταιριάζει αρμονικά σε κάθε περιβάλλον, το τραπέζι μέσης Mormont αποτελεί την τέλεια επιλογή για όσους αναζητούν την ποιότητα χωρίς συμβιβασμούς στην αισθητική.</p>",,,taxable,,1,44,,0,0,17,60,60,40,1,,,"114,9","Κήπος & Εξωτερικός Χώρος",τραπέζι,,https://eboy.gr/app/uploads/sites/2/2026/05/trapezi-mesis-exchoroy-stroggylo-fb96262.webp,,,,,,,,,0,B2BMarkt,ύψος,"40 εκ.",1,1,πλάτος,"60 εκ.",1,1,μήκος,"60 εκ.",1,1,B2BMarkt,76628,5208067181747,"2026-05-10 03:15:35",B2BMarkt,"<ul>
<li>Κατασκευή από μασίφ ξύλο ακακίας υψηλής πυκνότητας για αυξημένη αντοχή και διάρκεια ζωής</li>
<li>Πολυεστερικό σχοινί UV προστατευμένο με ανθεκτικότητα στη φθορά</li>
<li>Φυσικό φινίρισμα επιφάνειας ξύλου που αναδεικνύει τα νερά του υλικού</li>
<li>Σταθερή στρογγυλή βάση στήριξης χωρίς δυνατότητα ανατροπής</li>
<li>Ανθεκτική κατασκευή για εξωτερική χρήση με προστασία από υγρασία</li>
<li>Εύκολη συντήρηση με καθαρισμό σχοινιού και ξύλινης επιφάνειας</li>
</ul>"
285333,simple,0612716,5208067181730,"Τραπέζι μέσης Mormont",1,0,visible,,"<p>Ανακαλύψτε την τέχνη του μοντέρνου φυσικού σχεδιασμού με το τραπέζι μέσης MORMONT - την ιδανική επιλογή για όσους αναζητούν ένα μοναδικό διακοσμητικό στοιχείο για τον εξωτερικό τους χώρο. Η αρμονική σύνθεση μασίφ ξύλου ακακίας σε γήινες αποχρώσεις και του κομψού γκρι σχοινιού δημιουργεί μια ατμοσφαιρική αισθητική που συνδυάζει το bohemian στυλ με την πολυτελή απλότητα.</p> <p>Επενδύστε σε ένα διαχρονικό κομμάτι που θα μεταμορφώσει τον κήπο ή τη βεράντα σας, προσφέροντας έναν cozy χώρο χαλάρωσης. Το στρογγυλό σχήμα και οι προσεγμένες διαστάσεις Φ60 εκ. δημιουργούν μια αίσθηση οικειότητας, ενώ η στιβαρή κατασκευή εγγυάται αντοχή στις καιρικές συνθήκες. Απολαύστε την άνεση και την κομψότητα που προσφέρει το MORMONT στην καθημερινότητά σας.</p>",,,taxable,,1,28,,0,0,17,60,60,40,1,,,"114,9","Κήπος & Εξωτερικός Χώρος",τραπέζι,,https://eboy.gr/app/uploads/sites/2/2026/05/trapezi-mesis-exchoroy-stroggylo-fb96262-1.webp,,,,,,,,,0,B2BMarkt,ύψος,"40 εκ.",1,1,πλάτος,"60 εκ.",1,1,μήκος,"60 εκ.",1,1,B2BMarkt,76629,5208067181730,"2026-05-10 03:16:10",B2BMarkt,"<ul>
<li>Κατασκευή από μασίφ ξύλο ακακίας υψηλής ποιότητας, ανθεκτικό στις εξωτερικές συνθήκες και την υγρασία</li>
<li>Επιφάνεια με φυσική απόχρωση ξύλου που αναδεικνύει τα μοναδικά νερά του υλικού</li>
<li>Πολυεστερικό σχοινί γκρι χρώματος για τη στήριξη, UV ανθεκτικό και ανθεκτικό στη φθορά</li>
<li>Στρογγυλή σιλουέτα με διάμετρο 60 εκ.</li>
<li>Ανθεκτική κατασκευή κατάλληλη για εξωτερική χρήση σε κήπο ή βεράντα</li>
<li>Συνδυασμός φυσικών υλικών (ξύλο) και συνθετικών (σχοινί) για αυξημένη αντοχή</li>
</ul>"
285335,simple,0612711,5208067181570,"Τραπέζι παραλίας Paraiso",1,0,visible,,"<!DOCTYPE html> <html lang=""el""> <head> <meta charset=""UTF-8""> </head> <body> <p>To Paraiso, το κομψό στρογγυλό τραπέζι εξωτερικού χώρου, μεταμορφώνει τον κήπο ή τη βεράντα σας σε έναν μοναδικό χώρο χαλάρωσης. Κατασκευασμένο από υψηλής ποιότητας ξύλο ακακίας σε φυσική απόχρωση, συνδυάζει την παράδοση με τη μοντέρνα αισθητική.</p> <p>Με τις χαρακτηριστικές τάβλες του και την καινοτόμο χιαστί βάση, το PARAISO προσφέρει όχι μόνο στυλ αλλά και εξαιρετική σταθερότητα. Η εργονομική του σχεδίαση και οι προσεγμένες διαστάσεις (Φ120x75Υ εκ.) το καθιστούν ιδανική επιλογή για κάθε περίσταση - από τακτικές καλοκαιρινές συγκεντρώσεις μέχρι επαγγελματικές εκδηλώσεις εξωτερικού χώρου. Εμπιστευτείτε την ποιότητα που διαρκεί στο χρόνο.</p> </body> </html>",,,taxable,,1,48,,0,0,28,120,120,75,1,,,"199,9","Κήπος & Εξωτερικός Χώρος",τραπέζι,,https://eboy.gr/app/uploads/sites/2/2026/05/trapezi-trapezarias-stroggylo-fb96245-xy.webp,,,,,,,,,0,B2BMarkt,ύψος,"75 εκ.",1,1,πλάτος,"120 εκ.",1,1,μήκος,"120 εκ.",1,1,B2BMarkt,76630,5208067181570,"2026-05-10 03:16:43",B2BMarkt,"<ul>
<li>Κατασκευή από μασίφ ξύλο ακακίας υψηλής αντοχής.</li>
<li>Επιφάνεια με τάβλες ξύλου για φυσικό και ανθεκτικό φινίρισμα.</li>
<li>Ανοιχτή φυσική απόχρωση ξύλου με ζεστή αισθητική.</li>
<li>Χιαστί μεταλλική βάση για αυξημένη σταθερότητα και αντοχή.</li>
<li>Σχεδιασμός που επιτρέπει την εύκολη συντήρηση και καθαρισμό.</li>
</ul>"
285337,simple,0612712,5208067181662,"Τραπέζι τραπεζαρίας Florian",1,0,visible,,"<!DOCTYPE html> <html lang=""el""> <head> <meta charset=""UTF-8""> <title>Τραπέζι Τραπεζαρίας Florian</title> </head> <body> <p>Αναβαθμίστε τον εξωτερικό σας χώρο με το τραπεζάκι FLORIAN - την επιτομή της κομψότητας στην επίπλωση εξωτερικού χώρου. Κατασκευασμένο από υψηλής ποιότητας μασίφ ξύλο ακακίας, διαθέτει φυσική απόχρωση που προσδίδει ζεστασιά και αισθητική ανωτερότητα στον κήπο ή τη βεράντα σας.</p> <p>Με τον κλασικό του σχεδιασμό και την ανθεκτική κατασκευή του, το FLORIAN προσφέρει όχι μόνο απαράμιλλη αισθητική αλλά και μακροχρόνια απόλαυση. Ιδανικό για χαλαρές στιγμές με την οικογένεια και φίλους, αποτελεί μια διαχρονική επένδυση που συνδυάζει στυλ και λειτουργικότητα.</p> </body> </html>",,,taxable,,1,59,,0,0,,90,180,76,1,,,"259,9","Κήπος & Εξωτερικός Χώρος",τραπέζι,,https://eboy.gr/app/uploads/sites/2/2026/05/trapezi-trapezarias-fb96248-xylo-akakias.webp,,,,,,,,,0,B2BMarkt,ύψος,"76 εκ.",1,1,πλάτος,"180 εκ.",1,1,μήκος,"90 εκ.",1,1,B2BMarkt,76631,5208067181662,"2026-05-10 03:17:16",B2BMarkt,"<ul>
<li>Κατασκευή από μασίφ ξύλο ακακίας υψηλής αντοχής</li>
<li>Επιφάνεια από διασταυρούμενες τάβλες ξύλου για φυσική αισθητική και αντοχή στην υγρασία</li>
<li>Ανοιχτή φυσική απόχρωση με ζεστή χρωματική παλέτα</li>
<li>Σχεδιασμός με τέσσερα πόδια και στρογγυλεμένες γωνίες για αυξημένη σταθερότητα</li>
<li>Προστασία από τις καιρικές συνθήκες λόγω φυσικής επεξεργασίας του ξύλου ακακίας</li>
<li>Φυσικά αναπτυσσόμενες ρωγμές ως χαρακτηριστικό της μασίφ κατασκευής (live edge)</li>
</ul>"
285339,simple,0612717,5208067181709,"Σαλόνι Solace",1,0,visible,,"<!DOCTYPE html> <html lang=""el""> <head><meta charset=""UTF-8""></head> <body> <p>Ανακαλύψτε το απόλυτο καταφύγιο χαλάρωσης στον εξωτερικό σας χώρο με το σαλόνι SOLACE. Δημιουργήστε στιγμές ευεξίας και φιλοξενίας που θα μείνουν αξέχαστες, συνδυάζοντας την κομψότητα με την άνεση.</p> <p>Με την ξεχωριστή σχεδιαστική του γραμμή και τα ζεστά γήινα χρώματα, το σετ σαλονιού εξωτερικού χώρου SOLACE μεταμορφώνει τον κήπο ή τη βεράντα σας σε έναν προσωπικό παράδεισο. Η φυσική απόχρωση του ξύλου ακακίας συνδυάζεται αρμονικά με τις εκρού λεπτομέρειες στα μαξιλάρια, δημιουργώντας ένα διαχρονικό αποτέλεσμα που προσαρμόζεται σε κάθε στυλ διακόσμησης.</p> </body> </html>",,,taxable,,1,23,,0,0,,75,74,61,1,,,799,"Κήπος & Εξωτερικός Χώρος",τραπέζι,,https://eboy.gr/app/uploads/sites/2/2026/05/set-saloni-exchoroy-4tmch-fb96261-xylo-a.webp,,,,,,,,,0,B2BMarkt,ύψος,"61 εκ.",1,1,πλάτος,"74 εκ.",1,1,μήκος,"75 εκ.",1,1,B2BMarkt,76632,5208067181709,"2026-05-10 03:17:46",B2BMarkt,"<ul>
<li>Κατασκευή από μασίφ ξύλο ακακίας υψηλής ποιότητας για ανθεκτικότητα και μακροζωία</li>
<li>Επιφάνεια με επένδυση σχοινιού που προσδίδει φυσική αισθητική και αντοχή στη χρήση</li>
<li>Μαξιλάρια σε εκρού χρώμα με σταθερό γέμισμα για άνεση καθίσματος</li>
<li>Φυσικό φινίρισμα ξύλου χωρίς πρόσθετη επεξεργασία χρωμάτων</li>
<li>Σκελετός σχεδιασμένος για εύκολη συναρμολόγηση</li>
<li>Ανθεκτική κατασκευή κατάλληλη για εξωτερική χρήση</li>
</ul>"
285341,simple,0513774,5208067210188,"Συρταριέρα Carys",1,0,visible,,"<p>Η συρταριέρα Carys συνδυάζει αρμονικά την κομψότητα με την πρακτικότητα. Με 4 ευρύχωρα συρτάρια, θα οργανώσει κάθε γωνιά του σπιτιού σας με χάρη. Η ιδιαίτερη διχρωμία φυσικού ξύλου και γκρι δημιουργεί ένα μοντέρνο αποτέλεσμα που ξεχωρίζει.</p> <p>Κατασκευασμένη από ποιοτική μελαμίνη πάχους 16mm, η Carys υπόσχεται αντοχή στο χρόνο. Τα κομψά μεταλλικά χερούλια σε μαύρο χρώμα συμπληρώνουν την αισθητική της. Με διαστάσεις που προσαρμόζονται τέλεια στους περισσότερους χώρους (75x40x83εκ), αποτελεί ιδανική επιλογή για κάθε εσωτερικό χώρο.</p>",,,taxable,,1,96,,0,0,35.5,40,75,83,1,,,"79,9",Υπνοδωμάτιο,συρταριέρα,,https://eboy.gr/app/uploads/sites/2/2026/05/syrtariera-me-4-syrtaria-fb974512-melami.webp,,,,,,,,,0,B2BMarkt,ύψος,"83 εκ.",1,1,πλάτος,"75 εκ.",1,1,μήκος,"40 εκ.",1,1,B2BMarkt,76635,5208067210188,"2026-05-10 03:18:18",B2BMarkt,"<ul>
<li>Κατασκευή από ποιοτική μελαμίνη πάχους 16mm, ανθεκτική σε γρατζουνιές και λεκέδες.</li>
<li>Επιφάνεια μελαμίνης με υψηλή σκληρότητα για εύκολη συντήρηση και καθαρισμό.</li>
<li>Διακόσμηση με διχρωμία φυσικού ξύλου και γκρι χρώματος στην επιφάνεια.</li>
<li>Εξωτερικά μεταλλικά χερούλια μαύρου χρώματος.</li>
<li>4 ευρύχωρα συρτάρια με εσωτερικές διαστάσεις 66x30x13cm το καθένα.</li>
</ul>"
285343,simple,0613369,5208067213189,"Τραπέζι Volpe",1,0,visible,,"<p>Ανακαλύψτε το τραπέζι VOLPE - την ιδανική επιλογή για τον εξωτερικό σας χώρο! Αυτό το στιβαρό και μοντέρνο τραπεζάκι καφέ/τραπέζι τραπεζαρίας ξεχωρίζει με τη μοναδική του αισθητική που συνδυάζει κομψότητα και ανθεκτικότητα. Το οβάλ design από υψηλής ποιότητας fiber cement σε γκρι απόχρωση, όχι μόνο προσδίδει μια μοντέρνα πινελιά στον κήπο ή τη βεράντα σας, αλλά προσφέρει και εξαιρετική αντοχή στις καιρικές συνθήκες.</p> <p>Με την καινοτόμο τριποδική βάση του, το VOLPE αποτελεί τον τέλειο συνδυασμό λειτουργικότητας και design. Η επιλογή αυτή δεν είναι απλά μια αγορά - είναι μια επένδυση σε ένα διαχρονικό κομμάτι που θα γίνει το επίκεντρο του εξωτερικού σας χώρου, συνδυάζοντας ποιότητα κατασκευής με άψογη αισθητική. Ετοιμαστείτε να απολαύσετε ατελείωτες στιγμές χαλάρωσης στον δικό σας προσωπικό παράδεισο.</p>",,,taxable,,1,20,,0,0,131,100,240,75,1,,,1500,"Κήπος & Εξωτερικός Χώρος",τραπέζι,,https://eboy.gr/app/uploads/sites/2/2026/05/trapezi-trapezarias-obal-fb9659901-gkri-.webp,,,,,,,,,0,B2BMarkt,ύψος,"75 εκ.",1,1,πλάτος,"240 εκ.",1,1,μήκος,"100 εκ.",1,1,B2BMarkt,76636,5208067213189,"2026-05-10 03:18:51",B2BMarkt,"<ul>
<li>Κατασκευή από Fiber Cement υψηλής αντοχής για εξωτερική χρήση</li>
<li>Επιφάνεια με φυσική υφή και αντοχή στις καιρικές συνθήκες</li>
<li>Διαμόρφωση οβάλ σχήματος με 3 πόδια στήριξης</li>
<li>Γκρι χρωματισμός με ομοιόμορφη κάλυψη επιφάνειας</li>
<li>Αντοχή σε θερμικές μεταβολές και μακροχρόνια χρήση εξωτερικού χώρου</li>
<li>Ελαφρύ βάρος για εύκολη μετακίνηση (υπονοείται από την περιγραφή υλικών)</li>
</ul>"
285345,simple,0613171,5208067206112,"Τραπέζι τραπέζιας Punder",1,0,visible,,"<!DOCTYPE html> <html lang=""el""> <head> <meta charset=""UTF-8""> </head> <body> <p>Το PUNDER είναι η επιτομή του μοντέρνου design για τον εξωτερικό σας χώρο. Με την κομψή, τραπεζοειδή μορφή του και το εκλεπτυσμένο γκρι χρώμα που κυριαρχεί, μεταμορφώνει κάθε χώρο σε ένα elegant σκηνικό για τις καλοκαιρινές σας στιγμές.</p> <p>Κατασκευασμένο από ανθεκτικά υλικά - αλουμίνιο και Sintered Stone - το τραπέζι PUNDER συνδυάζει άψογα την αισθητική με τη λειτουργικότητα. Η προσοχή στη λεπτομέρεια είναι εμφανής σε κάθε επιφάνεια, εξασφαλίζοντας μακροχρόνια χρήση ακόμα και στις πιο απαιτητικές καιρικές συνθήκες.</p> </body> </html>",,,taxable,,1,29,,0,0,,100,220,75,1,,,899,"Κήπος & Εξωτερικός Χώρος",τραπέζι,,https://eboy.gr/app/uploads/sites/2/2026/05/trapezi-trapezarias-fb9648301-gkri-aloym.webp,,,,,,,,,0,B2BMarkt,ύψος,"75 εκ.",1,1,πλάτος,"220 εκ.",1,1,μήκος,"100 εκ.",1,1,B2BMarkt,76638,5208067206112,"2026-05-10 03:19:22",B2BMarkt,"<ul>
<li>Κατασκευή από συνδυασμό αλουμινίου και πυροσυσσωματωμένης πέτρας για υψηλή αντοχή στη φθορά.</li>
<li>Ηλεκτροστατική βαφή αλουμινίου με δυνατότητα απεριόριστης ανακύκλωσης διατηρώντας τις ιδιότητες του υλικού.</li>
<li>Ανθεκτικότητα στην διάβρωση λόγω της φύσης του αλουμινίου.</li>
<li>Λεία επιφάνεια πυροσυσσωματωμένης πέτρας με ομοιόμορφο φινίρισμα.</li>
<li>Εργονομική σχεδίαση για εύκολη συντήρηση και καθαρισμό.</li>
</ul>"
285347,simple,0613172,5208067206129,"Τραπέζι τραπέζιας Punder",1,0,visible,,"<!DOCTYPE html> <html lang=""el""> <head><meta charset=""UTF-8""></head> <body> <p>Αναβαθμίστε τον εξωτερικό σας χώρο με το PUNDER - το τραπέζι που συνδυάζει την κομψότητα με τη λειτουργικότητα. Απολαύστε γεύματα κάτω από τα αστέρια σε ένα μοναδικό περιβάλλον, χάρη στο εντυπωσιακό design του τραπεζιού σε απαλές αποχρώσεις κρεμ και μπεζ.</p> <p>Κατασκευασμένο από υψηλής ποιότητας αλουμίνιο και Sintered Stone, το PUNDER προσφέρει αντοχή στις καιρικές συνθήκες και εξαιρετική αισθητική. Η κομψή του γραμμή και το προσεγμένο φινίρισμα δημιουργούν ένα διαχρονικό κομμάτι για τον κήπο ή τη βεράντα σας.</p> </body> </html>",,,taxable,,1,19,,0,0,,100,220,75,1,,,899,"Κήπος & Εξωτερικός Χώρος",τραπέζι,,https://eboy.gr/app/uploads/sites/2/2026/05/trapezi-trapezarias-fb9648302-krem-aloym.webp,,,,,,,,,0,B2BMarkt,ύψος,"75 εκ.",1,1,πλάτος,"220 εκ.",1,1,μήκος,"100 εκ.",1,1,B2BMarkt,76639,5208067206129,"2026-05-10 03:19:51",B2BMarkt,"<ul>
<li>Κατασκευή από αλουμίνιο με ηλεκτροστατική βαφή για μακροχρόνια αντοχή και εύκολη ανακύκλωση.</li>
<li>Επιφάνεια από πυροσυσσωματωμένη πέτρα υψηλής πυκνότητας, ανθεκτική στις καιρικές συνθήκες.</li>
<li>Αντιδιαβρωτική προστασία του αλουμινένιου σκελετού εξασφαλίζοντας μεγάλη διάρκεια ζωής.</li>
<li>Ολοκληρωμένο φινίρισμα με λεία επιφάνεια στην πυροσυσσωματωμένη πέτρα για εύκολη συντήρηση.</li>
<li>Σχεδιασμός με αντιολισθητικά στοιχεία στη βάση για αυξημένη σταθερότητα.</li>
</ul>"
285349,simple,0501823,5208067204569,"Τραπέζι Raven",1,0,visible,,"<p>Το RAVEN είναι ένα αριστούργημα σύγχρονης αισθητικής για το χώρο σας. Εντυπωσιάστε με την κομψή σύνθεση μεταξύ μαρμάρου και μετάλλου, δημιουργώντας μια statement γωνιά στο σπίτι σας. Η επιφάνεια από κεραμικό υλικό σε απόχρωση CALACATTA marble effect προσφέρει διαχρονική κομψότητα, ενώ τα μαύρα μεταλλικά πόδια προσθέτουν σύγχρονη πινελιά. Το τραπέζι αυτό αποτελεί ιδανική επιλογή για απαιτητικούς λάτρεις του design που αναζητούν ποιότητα και στυλ.</p> <p>Με προσεγμένη εργονομία και ανθεκτική κατασκευή, το RAVEN θα γίνει το επίκεντρο κάθε τραπεζιού, προσφέροντας άνεση και αισθητική υπεροχή. Η προσεκτικά επιλεγμένη διάσταση 120x70cm με ύψος 73εκ., δημιουργεί έναν ζεστό και φιλόξενο χώρο για οικογενειακές στιγμές ή επίσημες συγκεντρώσεις.</p>",,,taxable,,1,99,,0,0,27,70,120,73,1,,,"64,99","Σαλόνι & Καθιστικό",τραπέζι,,https://eboy.gr/app/uploads/sites/2/2026/05/trapezi-fb9985404-keramiko-top-me-opsi-m.webp,,,,,,,,,0,B2BMarkt,ύψος,"73 εκ.",1,1,πλάτος,"120 εκ.",1,1,μήκος,"70 εκ.",1,1,B2BMarkt,76642,5208067204569,"2026-05-10 03:20:25",B2BMarkt,"<ul>
    <li>Επιφάνεια από κεραμικό υλικό με όψη μαρμάρου CALACATTA σε λευκό-καφέ χρωματισμό.</li>
    <li>Μεταλλικά πόδια σε μαύρο χρώμα υψηλής αντοχής.</li>
    <li>Πάχος επιφάνειας: 12mm, ανθεκτικό στις γρατσουνιές και τη θερμότητα.</li>
    <li>Αδιάβροχο κεραμικό φινίρισμα για εύκολη συντήρηση.</li>
    <li>Στρογγυλεμένες γωνίες ασφαλείας.</li>
    <li>Σταθερή βάση με απόσταση ποδιών 103x57 εκ.</li>
</ul>"
285351,simple,0613339,5208067212892,"Κονσόλα Kenji",1,0,visible,,"<!DOCTYPE html> <html lang=""el""> <head> <meta charset=""UTF-8""> <title>KENJI Κονσόλα</title> </head> <body> <p>Εμπνευστείτε από το μέλλον της εσωτερικής διακόσμησης με τη μοναδική κονσόλα Kenji. Η κομψή οβάλ επιφάνεια και τα επιβλητικά στρογγυλά πόδια σε εκλεπτυσμένο ΜΠΕΖ Fiber Cement συνδυάζονται αρμονικά, δημιουργώντας ένα εντυπωσιακό κέντρο προσοχής για κάθε χώρο. Αποκτήστε μια στιβαρή κατασκευή που συνδυάζει την μοντέρνα αισθητική με την αντοχή του χρόνου. Η επιλογή της KENJI κονσόλας αναβαθμίζει την είσοδο ή οποιοδήποτε σημείο του σπιτιού σας, προσφέροντας έναν τέλειο συνδυασμό στυλ και πρακτικότητας.</p> </body> </html>",,,taxable,,1,18,,0,0,49,40,140,78,1,,,400,"Σαλόνι & Καθιστικό",κονσόλα,,https://eboy.gr/app/uploads/sites/2/2026/05/konsola-fb9658402-fiber-cement-se-anoich.webp,,,,,,,,,0,B2BMarkt,ύψος,"78 εκ.",1,1,πλάτος,"140 εκ.",1,1,μήκος,"40 εκ.",1,1,B2BMarkt,76644,5208067212892,"2026-05-10 03:20:56",B2BMarkt,"<ul>
<li>Κατασκευή από Fiber Cement υψηλής πυκνότητας</li>
<li>Ανοιχτό ΜΠΕΖ χρώμα με ματ φινίρισμα</li>
<li>Οβάλ επιφάνεια εργασίας</li>
<li>Δύο μεταλλικά στρογγυλά πόδια στήριξης</li>
<li>Ανθεκτική κατασκευή για μακροχρόνια χρήση</li>
<li>Ελάχιστη συντήρηση απαιτούμενη λόγω της ανθεκτικής επιφάνειας</li>
</ul>"
285353,simple,0613354,5208067213578,"Τραπέζι βοηθητικό στρογγυλό Kyoko",1,0,visible,,"<p>Αναβαθμίστε τον εξωτερικό σας χώρο με το KYOKO, ένα μοναδικό στρογγυλό τραπεζάκι που συνδυάζει την εργονομία με τη μοντέρνα αισθητική. Η καινοτόμος σχεδίασή του το καθιστά ιδανικό για κάθε κήπο και βεράντα.</p> <p>Κατασκευασμένο από υψηλής ποιότητας fiber cement σε διακριτικό μπεζ χρώμα, προσφέρει διαχρονική κομψότητα και αντοχή στις καιρικές συνθήκες. Η πρωτοποριακή του βάση, που το ""αγκαλιάζει"" απευθείας στο έδαφος, δημιουργεί μια αρμονία με τη φύση και προσθέτει μια μοντέρνα πινελιά στον χώρο σας.</p>",,,taxable,,1,18,,0,0,13,40,40,43,1,,,75,"Κήπος & Εξωτερικός Χώρος",τραπέζι,,https://eboy.gr/app/uploads/sites/2/2026/05/trapezi-mesis-stroggylo-fb9659202-mpez-f.webp,,,,,,,,,0,B2BMarkt,ύψος,"43 εκ.",1,1,πλάτος,"40 εκ.",1,1,μήκος,"40 εκ.",1,1,B2BMarkt,76645,5208067213578,"2026-05-10 03:21:28",B2BMarkt,"<ul>
<li>Κατασκευή από fiber cement με ενίσχυση ινών για αυξημένη αντοχή και μειωμένο βάρος</li>
<li>Χρώμα: ΜΠΕΖ, ανθεκτικό στις καιρικές συνθήκες</li>
<li>Σχεδιασμός χωρίς πόδια που επιτρέπει άμεση επαφή με το έδαφος</li>
<li>Ανθεκτική επιφάνεια κατάλληλη για χρήση σε εξωτερικούς χώρους</li>
<li>Σταθερή κατασκευή χωρίς μεταλλικά ή ξύλινα στοιχεία στήριξης</li>
<li>Ελάχιστη συντήρηση απαιτούμενη λόγω της ανθεκτικής σύνθεσης του υλικού</li>
</ul>"
285355,simple,0613357,5208067213592,"Τραπέζι βοηθητικό στρογγυλό Hikari",1,0,visible,,"<p>Εμπλουτίστε τον εξωτερικό σας χώρο με το στρογγυλό βοηθητικό τραπέζι HIKARI, μια κομψή προσθήκη που συνδυάζει αρμονικά λειτουργικότητα και αισθητική. Το καινοτόμο υλικό FIBER CEMENT σε απόχρωση μπεζ χαρίζει στο τραπέζι την αίσθηση της φυσικής κομψότητας και παράλληλα προσφέρει εξαιρετική αντοχή στις καιρικές συνθήκες.</p> <p>Δημιουργήστε ένα μοντέρνο περιβάλλον στον κήπο ή τη βεράντα σας, όπου η πρακτικότητα συναντά την ομορφιά. Με την ανθεκτική κατασκευή του, το HikARI αποτελεί μια διαχρονική επιλογή που θα σας εντυπωσιάσει με την ποιότητα και το design του, προσφέροντας έναν ξεχωριστό χώρο για κάθε περίσταση.</p>",,,taxable,,1,29,,0,0,19,46,46,48,1,,,85,"Κήπος & Εξωτερικός Χώρος",τραπέζι,,https://eboy.gr/app/uploads/sites/2/2026/05/trapezi-mesis-stroggylo-fb9659302-mpez-f.webp,,,,,,,,,0,B2BMarkt,ύψος,"48 εκ.",1,1,πλάτος,"46 εκ.",1,1,μήκος,"46 εκ.",1,1,B2BMarkt,76646,5208067213592,"2026-05-10 03:22:02",B2BMarkt,"<ul>
    <li>Κατασκευή από Fiber Cement υψηλής αντοχής, με αντοχή στη καθημερινή χρήση.</li>
    <li>Επιφάνεια σε μπεζ χρώμα με φυσική υφή και ματ φινίρισμα.</li>
    <li>Κυλινδρική βάση στήριξης για αυξημένη σταθερότητα.</li>
    <li>Ανθεκτικό στις καιρικές συνθήκες για εξωτερική χρήση.</li>
    <li>Εύκολος καθαρισμός με μαλακό πανί, κατάλληλη συντήρηση εξωτερικού χώρου.</li>
    <li>Σχεδιασμός χωρίς ορατές ενώσεις στην επιφάνεια.</li>
</ul>"
285357,simple,0613338,5208067212861,"Κονσόλα Kenji",1,0,visible,,"<!DOCTYPE html> <html lang=""el""> <head> <meta charset=""UTF-8""> <title>KENJI Κονσόλα</title> </head> <body> <p>Αναβαθμίστε την αισθητική του χώρου σας με τη μοναδική κονσόλα KENJI. Με την κομψή οβάλ σχεδίασή της και τα εντυπωσιακά στρογγυλά πόδια, αποτελεί το απόλυτο διακοσμητικό στοιχείο για κάθε σύγχρονη κατοικία. Το fiber cement σε γκρι απόχρωση προσφέρει μια διαχρονική κομψότητα, ενώ η στιβαρή κατασκευή εγγυάται αντοχή στο χρόνο. Η επιλογή αυτή δεν είναι απλώς ένα έπιπλο - είναι δήλωση στυλ που συνδυάζει την πρακτικότητα με την αρχιτεκτονική αρτιότητα.</p> <p>Μεταμορφώστε τις εισόδους και τους χώρους υποδοχής σας σε σημεία αναφοράς του σπιτιού σας. Επιλέξτε την KENJI για να δημιουργήσετε μια εντύπωση κομψότητας και πολυτέλειας που εντυπωσιάζει από την πρώτη ματιά.</p> </body> </html>",,,taxable,,1,18,,0,0,49,40,140,78,1,,,400,"Σαλόνι & Καθιστικό",κονσόλα,,https://eboy.gr/app/uploads/sites/2/2026/05/konsola-fb9658401-fiber-cement-se-gkri-1.webp,,,,,,,,,0,B2BMarkt,ύψος,"78 εκ.",1,1,πλάτος,"140 εκ.",1,1,μήκος,"40 εκ.",1,1,B2BMarkt,76648,5208067212861,"2026-05-10 03:22:39",B2BMarkt,"<ul>
<li>Κατασκευή από Fiber Cement υψηλής πυκνότητας</li>
<li>Τελική επεξεργασία λείανσης επιφάνειας για ομοιόμορφο φινίρισμα</li>
<li>Επεξεργασμένο σε γκρι χρώμα με ανθεκτική βαφή</li>
<li>Διαθέτει δύο σταθερά στρογγυλά πόδια στήριξης</li>
<li>Οβάλ επιφάνεια εργασίας με ομαλή καμπυλότητα</li>
<li>Ανθεκτικό στις καιρικές συνθήκες (εσωτερικής χρήσης)</li>
<li>Προσφέρει αντοχή στη φθορά και τον χρόνο</li>
</ul>"
285359,simple,0613334,5208067212748,"Τραπέζι καφέ Kazvin",1,0,visible,,"<!DOCTYPE html> <html lang=""el""> <head> <meta charset=""UTF-8""> </head> <body> <p>Αναβαθμίστε τον εξωτερικό σας χώρο με το κομψό τραπέζι καφέ Kazvin. Ένα αριστούργημα σύγχρονης αισθητικής για όσους αναζητούν την τέλεια ισορροπία μεταξύ στυλ και ανθεκτικότητας.</p> <p>Η απαλή γκρι απόχρωση του Fiber Cement συνδυάζεται αρμονικά με τη μοντέρνα κυλινδρική βάση, δημιουργώντας ένα εντυπωσιακό κέντρο προσοχής σε κάθε βεράντα ή κήπο. Η στιβαρή κατασκευή του εξασφαλίζει μακροχρόνια χρήση, ενώ η minimal σχεδίαση το καθιστά ιδανικό για επαγγελματικούς χώρους αλλά και κατοικίες που επιδιώκουν την πολυτέλεια.</p> </body> </html>",,,taxable,,1,14,,0,0,85,130,130,75,1,,,650,"Κήπος & Εξωτερικός Χώρος",τραπέζι,,https://eboy.gr/app/uploads/sites/2/2026/05/trapezi-trapezarias-stroggylo-fb9658201-.webp,,,,,,,,,0,B2BMarkt,ύψος,"75 εκ.",1,1,πλάτος,"130 εκ.",1,1,μήκος,"130 εκ.",1,1,B2BMarkt,76650,5208067212748,"2026-05-10 03:23:11",B2BMarkt,"<ul>
<li>Κατασκευή από Fiber Cement υψηλής αντοχής για εξωτερική χρήση</li>
<li>Επιφάνεια και κυλινδρική βάση ενιαίας κατασκευής σε γκρι χρώμα</li>
<li>Ανθεκτικό στη φθορά και τις καιρικές συνθήκες</li>
<li>Στρογγυλή επιφάνεια που διευκολύνει την κοινωνική αλληλεπίδραση</li>
<li>Σχεδιασμός με έμφαση στην σταθερότητα και τη minimal αισθητική</li>
<li>Κατάλληλο για πολλαπλούς χώρους (εσωτερικούς & εξωτερικούς)</li>
</ul>"
285361,simple,0613335,5208067212779,"Τραπέζι καφέ Kazvin",1,0,visible,,"<!DOCTYPE html> <html lang=""el""> <head> <meta charset=""UTF-8""> <title>Τραπέζι καφέ Kazvin</title> </head> <body> <p>Αναβαθμίστε τον εξωτερικό σας χώρο με το μοναδικό Τραπέζι καφέ Kazvin - την επιτομή της κομψότητας και της λειτουργικότητας. Η πρωτοποριακή του σχεδίαση με τη στρογγυλή επιφάνεια σε απαλό μπεζ χρώμα και την εντυπωσιακή κυλινδρική βάση, προσδίδει μια μοντέρνα αισθητική που θα αναδείξει κάθε γωνιά του κήπου ή της βεράντας σας.</p> <p>Κατασκευασμένο από ανθεκτικό Fiber Cement, το Kazvin συνδυάζει άψογα την αντοχή στη φθορά με τη minimal αισθητική. Ιδανικό για καθημερινή χρήση, προσφέρει έναν κομψό χώρο συνάντησης για χαλαρές στιγμές με φίλους και οικογένεια. Η ευελιξία του το καθιστά ιδανική επιλογή τόσο για οικιακούς όσο και επαγγελματικούς χώρους.</p> </body> </html>",,,taxable,,1,25,,0,0,85,130,130,75,1,,,650,"Κήπος & Εξωτερικός Χώρος",τραπέζι,,https://eboy.gr/app/uploads/sites/2/2026/05/trapezi-trapezarias-stroggylo-fb9658202-.webp,,,,,,,,,0,B2BMarkt,ύψος,"75 εκ.",1,1,πλάτος,"130 εκ.",1,1,μήκος,"130 εκ.",1,1,B2BMarkt,76651,5208067212779,"2026-05-10 03:23:43",B2BMarkt,"<ul>
<li>Κατασκευή από Fiber Cement υψηλής αντοχής για αντοχή στις εξωτερικές συνθήκες</li>
<li>Επεξεργασία επιφάνειας με ανθεκτικό φινίρισμα που αντέχει στην υγρασία</li>
<li>Κυλινδρική βάση στήριξης για αυξημένη σταθερότητα και ασφάλεια</li>
<li>Στρογγυλή επιφάνεια τραπεζιού που διευκολύνει την κοινωνική αλληλεπίδραση</li>
<li>Αντοχή σε ακραίες θερμοκρασιακές μεταβολές (εσωτερική/εξωτερική χρήση)</li>
<li>Ελάχιστη συντήρηση απαιτούμενη λόγω της ανθεκτικής φύσης του Fiber Cement</li>
</ul>"
285363,simple,0613330,5208067213387,"Σκαμπό ζίνι",1,0,visible,,"<p>Ανακαλύψτε το μοναδικό Σκαμπό ZINI, ένα αριστούργημα σχεδιασμού για τον εξωτερικό σας χώρο. Με την ξεχωριστή κλεψύδρα μορφή του από Fiber Cement σε γκρι απόχρωση, μεταμορφώνει κάθε χώρο σε σημείο αναφοράς.</p> <p>Συνδυάστε στυλ και λειτουργικότητα: Το ZINI προσφέρει όχι μόνο ένα κομψό κάθισμα αλλά και μια εντυπωσιακή διακοσμητική πινελιά στην βεράντα ή τον κήπο σας. Η ανθεκτική κατασκευή του το καθιστά ιδανικό για καθημερινή χρήση, ενώ η κομψή του εμφάνιση αναβαθμίζει την αισθητική κάθε περιβάλλοντος. Εμπνευστείτε από τη σύγχρονη αρχιτεκτονική και δημιουργήστε έναν προσωπικό παράδεισο χαλάρωσης.</p>",,,taxable,,1,48,,0,0,13,36,36,43,1,,,75,"Κήπος & Εξωτερικός Χώρος",σκαμπό,,https://eboy.gr/app/uploads/sites/2/2026/05/skampo-stroggylo-fb9658001-fiber-cement-.webp,,,,,,,,,0,B2BMarkt,ύψος,"43 εκ.",1,1,πλάτος,"36 εκ.",1,1,μήκος,"36 εκ.",1,1,B2BMarkt,76654,5208067213387,"2026-05-10 03:24:17",B2BMarkt,"<ul>
<li>Fabrication από fiber cement υψηλής πυκνότητας για μέγιστη αντοχή</li>
<li>Φυσική υφή επιφάνειας με industrial αισθητική</li>
<li>Ανθεκτικότητα σε περιβαλλοντικές συνθήκες εξωτερικού χώρου</li>
<li>Στιβαρή κατασκευή με μονολιθικό σχεδιασμό χωρίς εμφανείς ενώσεις</li>
<li>Επεξεργασία τελικής επιφάνειας με γκρι απόχρωση</li>
<li>Αντιδιαβρωτική προστασία του υλικού fiber cement</li>
</ul>"
285365,simple,0613331,5208067213394,"Σκαμπό ζίνι",1,0,visible,,"<!DOCTYPE html> <html lang=""el""> <head><meta charset=""UTF-8""></head> <body> <p>Αναβαθμίστε τον εξωτερικό σας χώρο με το μοναδικό σκαμπό ZINI. Συνδυάζοντας την κομψότητα με τη λειτουργικότητα, αυτό το εντυπωσιακό κάθισμα είναι περισσότερο από ένα απλό έπιπλο - είναι μια καλλιτεχνική προσθήκη στον κήπο ή το μπαλκόνι σας.</p> <p>Το ιδιαίτερο σχήμα κλεψύδρας και η μπεζ απόχρωση του Fiber Cement δημιουργούν μια κομψή ατμόσφαιρα στο χώρο σας. Ιδανικό για στιγμές χαλάρωσης ή ως διακοσμητικό στοιχείο, συνδυάζει την αισθητική αξία με την ανθεκτικότητα στη χρήση εξωτερικού χώρου. Επιλέξτε το ZINI και μεταμορφώστε τον εξωτερικό σας χώρο σε ένα σύγχρονο καταφύγιο χαλάρωσης.</p> </body> </html>",,,taxable,,1,29,,0,0,13,36,36,43,1,,,75,"Κήπος & Εξωτερικός Χώρος",σκαμπό,,https://eboy.gr/app/uploads/sites/2/2026/05/skampo-stroggylo-fb9658002-fiber-cement-.webp,,,,,,,,,0,B2BMarkt,ύψος,"43 εκ.",1,1,πλάτος,"36 εκ.",1,1,μήκος,"36 εκ.",1,1,B2BMarkt,76655,5208067213394,"2026-05-10 03:24:48",B2BMarkt,"<ul>
<li>Fabric: Fiber Cement</li>
<li>Χρώμα: Μπεζ με φυσική υφή</li>
<li>Αντοχή: Υψηλή αντοχή στη φθορά και την καθημερινή χρήση</li>
<li>Σύνθεση υλικού: 100% συμπαγές fiber cement χωρίς κενά</li>
<li>Επιφάνεια: Φυσική, industrial εμφάνιση χωρίς επιπλέον επεξεργασία</li>
<li>Μορφή κατασκευής: Μονολιθικό σώμα με σχήμα κλεψύδρας</li>
<li>Ανθεκτικότητα: Κατάλληλο για εξωτερική χρήση</li>
</ul>"
285367,simple,0513779,5208067217262,"Ντουλάπα Harry",1,0,visible,,"<!DOCTYPE html> <html lang=""el""> <head> <meta charset=""UTF-8""> <title>Ντουλάπα Harry - Premium Επιλογή για τον Χώρο σας</title> </head> <body> <p>Αναβαθμίστε το υπνοδωμάτιό σας με τη μοναδική τρίφυλλη ντουλάπα Harry, μια αυθεντική επιλογή που συνδυάζει άψογα την κομψότητα με τη λειτουργικότητα. Η προσεκτικά σχεδιασμένη κατασκευή από υψηλής ποιότητας μελαμίνη μιμείται άψογα το φυσικό ξύλο και το μέταλλο, δημιουργώντας ένα εντυπωσιακό αποτέλεσμα που θα αναδείξει κάθε χώρο.</p> <p>Με έμφαση στη λεπτομέρεια, η σειρά Harry ξεχωρίζει για τα έξυπνα ενσωματωμένα συρτάρια και το καινοτόμο ""κρυφό"" χερούλι στο κεντρικό φύλλο. Η ντουλάπα αυτή δεν προσφέρει απλώς αποθηκευτικό χώρο - μεταμορφώνει τον εσωτερικό σας σχεδιασμό σε ένα έργο τέχνης, συνδυάζοντας πρακτικότητα με απαράμιλλη αισθητική.</p> </body> </html>",,,taxable,,1,79,,0,0,119,55,150,180,1,,,"284,9",Υπνοδωμάτιο,ντουλάπα,,https://eboy.gr/app/uploads/sites/2/2026/05/ntoylapa-3fylli-me-2-syrtaria-fb91839001.webp,,,,,,,,,0,B2BMarkt,ύψος,"180 εκ.",1,1,πλάτος,"150 εκ.",1,1,μήκος,"55 εκ.",1,1,B2BMarkt,76665,5208067217262,"2026-05-10 03:25:23",B2BMarkt,"<ul>
<li>Κατασκευή από μελαμίνη πάχους 16mm υψηλής ποιότητας μιμούμενη φυσική ξυλεία και μαύρο χρώμα.</li>
<li>Μεταλλικά μαύρα χερούλια για τα φύλλα της ντουλάπας και συρτάρια.</li>
<li>Δύο πρακτικά συρτάρια στο κάτω μέρος με συνολικό βάθος 48εκ. για αυξημένη αποθηκευτική ικανότητα.</li>
<li>Ένα φύλλο εξοπλισμένο με καινοτόμο ""κρυφό"" μηχανισμό χειρισμού για minimal αισθητική.</li>
<li>Επιφάνεια μελαμίνης ανθεκτική στην καθημερινή χρήση και εύκολο καθάρισμα.</li>
</ul>"
285369,simple,0513766,5208067210102,"Κρεβάτι Carys",1,0,visible,,"<p>Αναβαθμίστε την κρεβατοκάμαρά σας με το διπλό κρεβάτι Carys - ένα έπιπλο που συνδυάζει άψογα design και λειτουργικότητα. Η μοναδική του σχεδίαση με τα ενσωματωμένα κομοδίνα δημιουργεί έναν έξυπνο και αρμονικό χώρο ύπνου, προσφέροντας πρακτικότητα στην καθημερινή χρήση.</p> <p>Η φυσική απόχρωση του ξύλου σε συνδυασμό με τις κομψές γκρι λεπτομέρειες δημιουργούν μια ατμόσφαιρα χαλάρωσης και πολυτέλειας. Το κρεβάτι Carys δεν είναι απλά ένα έπιπλο - είναι η ιδανική επιλογή για όσους εκτιμούν την ποιότητα, το στυλ και τη διαχρονική αισθητική στον εσωτερικό τους χώρο.</p>",,,taxable,,1,99,,0,0,95,200,160,,1,,,"299,9",Υπνοδωμάτιο,κρεβάτι,,https://eboy.gr/app/uploads/sites/2/2026/05/krebati-me-komodina-fb974412-melamini-se.webp,,,,,,,,,0,B2BMarkt,πλάτος,"160 εκ.",1,1,μήκος,"200 εκ.",1,1,,,,,B2BMarkt,76668,5208067210102,"2026-05-10 03:25:56",B2BMarkt,"<ul>
<li>Κατασκευή από μελαμίνη υψηλής ποιότητας κλάσης E1, φιλική προς το περιβάλλον και τον χρήστη.</li>
<li>Πάχος υλικού κατασκευής: 16mm για αυξημένη αντοχή και σταθερότητα.</li>
<li>Ενσωματωμένα κομοδίνα στο κεφαλάρι που εξοικονομούν χώρο και προσφέρουν πρακτική αποθήκευση.</li>
<li>Επιφάνεια με συνδυασμό φυσικού ξύλου και γκρι αποχρώσεων, δημιουργώντας μια αρμονική αισθητική ατμόσφαιρα.</li>
<li>Σχεδιασμός κατάλληλος για στρώμα διαστάσεων 160x200 εκ.</li>
<li>Αντιολισθητική προστασία στην επιφάνεια του κρεβατιού.</li>
</ul>"
285371,simple,0513768,5208067210164,"Καθρέφτης τουαλέτας Carys",1,0,visible,,"<!DOCTYPE html> <html lang=""el""> <head> <meta charset=""UTF-8""> <title>Καθρέφτης Carys</title> </head> <body> <p>O καθρέφτης Carys αποτελεί την ιδανική επιλογή για κάθε χώρο του σπιτιού σας. Η κλασική του γραμμή σε φυσικό χρώμα ξύλου προσφέρει μια κομψή και διαχρονική αισθητική που ταιριάζει αρμονικά με κάθε στυλ διακόσμησης.</p> <p>Με τις τέλειες αναλογίες διαστάσεων 73x93εκ., ο Carys συνδυάζει λειτουργικότητα και κομψότητα. Προσφέρει μια ολοκληρωμένη λύση για το μπάνιο ή το υπνοδωμάτιο, παρέχοντας άφθονο χώρο για την καθημερινή σας περιποίηση και προετοιμασία. Η ποιότητα κατασκευής του αντανακλάται στην ακρίβεια των γραμμών και τη σταθερότητα της κατασκευής του, εξασφαλίζοντας μακροχρόνια χρήση.</p> </body> </html>",,,taxable,,1,49,,0,0,10.5,4,73,,1,,,"44,9",Μπάνιο,καθρέφτης,,https://eboy.gr/app/uploads/sites/2/2026/05/kathreptis-toyaletas-fb931412-melamini-s.webp,,,,,,,,,0,B2BMarkt,πλάτος,"73 εκ.",1,1,μήκος,"4 εκ.",1,1,,,,,B2BMarkt,76669,5208067210164,"2026-05-10 03:26:28",B2BMarkt,"<ul>
<li>Κατασκευή από μελαμίνη υψηλής πυκνότητας για αυξημένη αντοχή και ανθεκτικότητα σε γρατζουνιές, τριβή και λεκέδες.</li>
<li>Σκελετός σε φυσικό χρώμα ξύλου με επεξεργασμένο φινίρισμα για διαχρονική αισθητική.</li>
<li>Λεία επιφάνεια καθρέφτη χωρίς πλαίσιο για καθαρή οπτική εμπειρία.</li>
<li>Ανθεκτική κατασκευή με ενισχυμένη στήριξη στον τοίχο.</li>
<li>Εύκολος καθαρισμός επιφάνειας μελαμίνης.</li>
</ul>"
285373,simple,0513771,5208067210287,"Ντουλάπα Carys",1,0,visible,,"<!DOCTYPE html> <html lang=""el""> <head> <meta charset=""UTF-8""> <title>Ντουλάπα Carys - Η έξυπνη λύση αποθήκευσης</title> </head> <body> <p>Αναβαθμίστε την εσωτερική σας διακόσμηση με τη μοντέρνα ντουλάπα Carys! Ο καινοτόμος σχεδιασμός της προσφέρει απαράμιλλη λειτουργικότητα και στυλ στο χώρο σας. Το εντυπωσιακό πατάρι με τα τρία διαμερίσματα, προσβάσιμα μέσω διπλής και απλής πόρτας, αποτελεί τον ιδανικό αποθηκευτικό χώρο για ογκώδη αντικείμενα.</p> <p>Η minimal αισθητική του συνδυάζεται αρμονικά με κάθε διακόσμηση, δημιουργώντας ένα κομψό αποτέλεσμα. Η προσεγμένη λεπτομέρεια των μεταλλικών χεριών στις πόρτες και η έξυπνη κατασκευή εγγυώνται μακροχρόνια χρήση και αντοχή. Επενδύστε σε έναν πρακτικό και αισθητικά άρτιο χώρο αποθήκευσης που μεταμορφώνει την καθημερινότητά σας.</p> </body> </html>",,,taxable,,1,49,,0,0,44,55.5,150,60,1,,,120,Υπνοδωμάτιο,ντουλάπα,,https://eboy.gr/app/uploads/sites/2/2026/05/patari-3fyllis-ntoylapas-fb974712-melami.webp,,,,,,,,,0,B2BMarkt,ύψος,"60 εκ.",1,1,πλάτος,"150 εκ.",1,1,μήκος,"55.5 εκ.",1,1,B2BMarkt,76670,5208067210287,"2026-05-10 03:26:57",B2BMarkt,"<ul>
<li>Κατασκευή από μελαμίνη υψηλής ποιότητας σε φυσικό χρώμα ξύλου</li>
<li>Τρία ισομεγέθη διαμερίσματα με συνολική χωρητικότητα για ογκώδη αντικείμενα</li>
<li>Σύστημα κλεισίματος: 1 διπλή και 2 μονές πόρτες με κάθετα μεταλλικά χερούλια</li>
<li>Επιφάνεια χωρίς εσωτερικά ράφια ή διαχωριστικά</li>
<li>Αντιχαρακτική επιφάνεια μελαμίνης ανθεκτική στη φθορά</li>
<li>Προσαρμοσμένες διαστάσεις για εύκολη εναρμόνιση με υπάρχουσες ντουλάπες</li>
</ul>"
285375,simple,0513770,5208067210195,"Ντουλάπα Carys",1,0,visible,,"<!DOCTYPE html> <html lang=""el""> <head> <meta charset=""UTF-8""> <title>Ντουλάπα Carys</title> </head> <body> <p>Ανακαλύψτε την τέλεια ισορροπία μεταξύ στυλ και λειτουργικότητας με τη μοναδική τρίφυλλη ντουλάπα CARYS. Η προσεγμένη σχεδίασή της συνδυάζει αριστοτεχνικά το φυσικό ξύλο με μοντέρνες αποχρώσεις γκρι, δημιουργώντας ένα εκλεπτυσμένο αποτέλεσμα που θα μεταμορφώσει τον χώρο σας.</p> <p>Τα εντυπωσιακά μεταλλικά χερούλια και η ανθεκτική κατασκευή από μελαμίνη υψηλής ποιότητας προσφέρουν όχι μόνο αισθητική απόλαυση αλλά και μακροχρόνια αντοχή. Ιδανική για το υπνοδωμάτιό σας, παρέχει άφθονο αποθηκευτικό χώρο χάρη στα δύο πρακτικά συρτάρια της βάσης, εξασφαλίζοντας οργάνωση και άνεση σε κάθε χρήση.</p> </body> </html>",,,taxable,,1,49,,0,0,113,55.5,150,180,1,,,"249,9",Υπνοδωμάτιο,ντουλάπα,,https://eboy.gr/app/uploads/sites/2/2026/05/ntoylapa-3fylli-me-2-syrtaria-fb974612-m.webp,,,,,,,,,0,B2BMarkt,ύψος,"180 εκ.",1,1,πλάτος,"150 εκ.",1,1,μήκος,"55.5 εκ.",1,1,B2BMarkt,76671,5208067210195,"2026-05-10 03:27:27",B2BMarkt,"<ul>
<li>Κατασκευή από μελαμίνη πάχους 16mm υψηλής ποιότητας.</li>
<li>Επιφάνεια μίμησης φυσικού ξύλου και γκρι αποχρώσεων.</li>
<li>Μεταλλικά μαύρα χερούλια για την πόρτα και τα συρτάρια.</li>
<li>Δύο εσωτερικά συρτάρια στο κάτω μέρος με πρακτική χρήση.</li>
<li>Τριπλή σύνθεση πόρτων με εργονομικό σχεδιασμό.</li>
</ul>"
285377,simple,0513778,5208067217217,"Κρεβάτι Harry",1,0,visible,,"<!DOCTYPE html> <html lang=""el""> <head><meta charset=""UTF-8""></head> <body> <p>Αναβαθμίστε το υπνοδωμάτιό σας με το διπλό κρεβάτι HARRY - την επιτομή του μοντέρνου design. Συνδυάστε λειτουργικότητα και στυλ σε ένα κομψό σύνολο, που προσφέρει άφθονο αποθηκευτικό χώρο χάρη στα ενσωματωμένα κομοδίνα με συρτάρι.</p> <p>Το μοναδικό σχεδιασμό του προσθέτει μια νότα πολυτέλειας στο χώρο σας, ενώ η αρμονική συνύπαρξη φυσικού ξύλου και μαύρων λεπτομερειών δημιουργεί μια εκλεπτυσμένη ατμόσφαιρα. Ιδανικό για όσους αναζητούν ένα άνετο και κομψό περιβάλλον ύπνου που ξεχωρίζει για την αισθητική και την ποιότητά του.</p> </body> </html>",,,taxable,,1,79,,0,0,120.5,265.2,203,115,1,,,"349,9",Υπνοδωμάτιο,κρεβάτι,,https://eboy.gr/app/uploads/sites/2/2026/05/krebati-me-komodina-fb975001-melamini-se.webp,,,,,,,,,0,B2BMarkt,ύψος,"115 εκ.",1,1,πλάτος,"203 εκ.",1,1,μήκος,"265.2 εκ.",1,1,B2BMarkt,76672,5208067217217,"2026-05-10 03:27:57",B2BMarkt,"<ul>
<li>Κατασκευή από μελαμίνη υψηλής ποιότητας για αντοχή και ανθεκτικότητα</li>
<li>Ενσωματωμένα κομοδίνα με ένα συρτάρι το καθένα, προσφέροντας αποθηκευτικό χώρο</li>
<li>Συνδυασμός φυσικού ξύλου και μαύρων στοιχείων στο φινίρισμα</li>
<li>Μινιμαλιστικός σχεδιασμός με καθαρές γραμμές</li>
<li>Επιφάνεια κατάλληλη για καθημερινή χρήση σε υπνοδωμάτιο</li>
</ul>"
285379,simple,0513780,5208067217309,"Ντουλάπα Harry",1,0,visible,,"<p>Μεταμορφώστε το σπίτι σας με την εντυπωσιακή τριφυλλή ντουλάπα HARRY και το πρακτικό της πατάρι. Σχεδιασμένη με στυλ και λειτουργικότητα, προσφέρει έναν έξυπνο τρόπο αξιοποίησης του χώρου σας. Τα τρία ευρύχωρα διαμερίσματα με τις κομψές μεταλλικές λαβές σε μαύρο χρώμα, δημιουργούν ένα σύγχρονο αποθηκευτικό σύστημα για κάθε ανάγκη.</p> <p>Η ποιότητα κατασκευής συναντά την πρακτικότητα, επιτρέποντάς σας να αποθηκεύσετε ογκώδη αντικείμενα με ευκολία και ασφάλεια. Η κομψή σχεδίαση ταιριάζει άψογα σε κάθε εσωτερικό χώρο, προσθέτοντας αισθητική αξία στο περιβάλλον σας. Αποκτήστε τον έλεγχο του χάους και δημιουργήστε ένα οργανωμένο και κομψό υπνοδωμάτιο.</p>",,,taxable,,1,39,,0,0,43,55.5,150,60,1,,,115,Υπνοδωμάτιο,ντουλάπα,,https://eboy.gr/app/uploads/sites/2/2026/05/patari-3fyllis-ntoylapas-fb91839101-mela.webp,,,,,,,,,0,B2BMarkt,ύψος,"60 εκ.",1,1,πλάτος,"150 εκ.",1,1,μήκος,"55.5 εκ.",1,1,B2BMarkt,76673,5208067217309,"2026-05-10 03:28:29",B2BMarkt,"<ul>
<li>Κατασκευή από μελαμίνη υψηλής ποιότητας σε δύο διαθέσιμα χρώματα: φυσικό ξύλο και μαύρο</li>
<li>Τρία ισομεγέθη διαμερίσματα με συνδυαστική χρήση διπλής και μονής πόρτας</li>
<li>Κάθετη τοποθέτηση μεταλλικών χερούλιων σε μαύρο χρώμα</li>
<li>Καθαρή εσωτερική επιφάνεια χωρίς προ-εγκατεστημένα ράφια για ευελιξία στη χρήση</li>
<li>Αντοχή σε συνήθη οικιακή χρήση και αποθήκευση ογκωδών αντικειμένων</li>
<li>Εύκολη προσαρμογή στο υπάρχον χρωματικό μοτίβο της ντουλάπας</li>
</ul>"
285381,simple,0511104,5208067226653,"Γωνιακός καναπές Saffira",1,0,visible,,"<!DOCTYPE html> <html lang=""el""> <head> <meta charset=""UTF-8""> <title>Γωνιακός Καναπές Saffira</title> </head> <body> <p>Ανακαλύψτε τον SAFFIRA, ένα αριστούργημα άνεσης και στυλ για το σαλόνι σας. Σχεδιασμένος με προσοχή στη λεπτομέρεια, συνδυάζει μοναδικά την πρακτικότητα με την κομψότητα.</p> <p>Με την ξεχωριστή μπεζ απόχρωση του ""easy clean"" υφάσματός του, προσφέρει όχι μόνο μια εκλεπτυσμένη αισθητική αλλά και ευκολία στη συντήρηση. Η ανθεκτική κατασκευή του και τα ενισχυμένα μαύρα πόδια εγγυώνται μακροχρόνια χρήση, ενώ η μετατροπή του σε κρεβάτι το καθιστά ιδανική επιλογή για κάθε περίσταση - από χαλαρές βραδιές μέχρι ξεκούραση.</p> </body> </html>",,,taxable,,1,3,,0,0,,140,60,10,1,,,"1299,9","Σαλόνι & Καθιστικό",καναπές,,https://eboy.gr/app/uploads/sites/2/2026/05/goniakos-kanapes-krebati-me-apothchoro-f-12.webp,,,,,,,,,0,B2BMarkt,ύψος,"10 εκ.",1,1,πλάτος,"60 εκ.",1,1,μήκος,"140 εκ.",1,1,B2BMarkt,76674,5208067226653,"2026-05-10 03:28:58",B2BMarkt,"<ul>
<li>Κατασκευή από σκελετό ενισχυμένου μετάλλου και ξύλου</li>
<li>Επένδυση με συνθετικό ύφασμα ""easy clean"" σε μπεζ χρώμα, ανθεκτικό στην υγρασία</li>
<li>Ποδοστάτες κατασκευασμένοι από ενισχυμένο πολυαιθυλένιο μαύρου χρώματος</li>
<li>Μετατρέψιμο σε κρεβάτι τραβώντας το κάθισμα και αναδιπλώνοντας την πλάτη</li>
<li>Ενσωματωμένος αποθηκευτικός χώρος κάτω από το μηχανισμό κρεβατιού</li>
<li>Διαθέτει 4 μεγάλα μαξιλάρια πλάτης και 3 διακοσμητικά μικρότερα</li>
<li>Φαρδύ, άνετο μπράτσο στην αριστερή πλευρά</li>
</ul>"
285383,simple,0511105,5208067226622,"Γωνιακός καναπές Saffira",1,0,visible,,"<!DOCTYPE html> <html lang=""el""> <head> <meta charset=""UTF-8""> <title>Γωνιακός Καναπές Saffira</title> </head> <body> <p>Ανακαλύψτε τον καναπέ Saffira, το ιδανικό σημείο συνάντησης για κάθε χώρο. Συνδυάζει αρμονικά την άνεση και τη μοντέρνα αισθητική με την πρακτικότητα ενός πολυμορφικού επίπλου.</p> <p>Με την κομψότητα του μπεζ χρώματος σε easy clean ύφασμα και τις μαύρες μεταλλικές λεπτομέρειες που ξεχωρίζουν, ο γωνιακός καναπές Saffira αναβαθμίζει κάθε σαλόνι. Μετατρέπεται εύκολα σε κρεβάτι, προσφέροντας ξεκούραση υψηλής ποιότητας, ενώ η ανθεκτική κατασκευή του εγγυάται μακροχρόνια χρήση.</p> </body> </html>",,,taxable,,1,3,,0,0,,140,60,10,1,,,"1299,9",Υπνοδωμάτιο,καναπές,,https://eboy.gr/app/uploads/sites/2/2026/05/goniakos-kanapes-krebati-me-apothchoro-f-13.webp,,,,,,,,,0,B2BMarkt,ύψος,"10 εκ.",1,1,πλάτος,"60 εκ.",1,1,μήκος,"140 εκ.",1,1,B2BMarkt,76675,5208067226622,"2026-05-10 03:29:30",B2BMarkt,"<ul>
<li>Κατασκευή από σκελετό ενισχυμένου ξύλου με μεταλλικά στοιχεία στήριξης</li>
<li>Επένδυση με συνθετικό ύφασμα ""easy clean"" σε μπεζ χρώμα, ανθεκτικό στο νερό και την καθημερινή χρήση</li>
<li>Ποδοστάσιο από ενισχυμένο πολυαιθυλένιο μαύρου χρώματος για αυξημένη σταθερότητα</li>
<li>Μετατρεπόμενο κρεβάτι με μηχανισμό αναδίπλωσης του καθίσματος και της πλάτης</li>
<li>Ενσωματωμένος αποθηκευτικός χώρος κάτω από το τμήμα της πλάτης</li>
<li>Διαθέτει 4 μεγάλα μαξιλάρια πλάτης και 3 μικρότερα διακοσμητικά μαξιλάρια</li>
<li>Φαρδύ άνετο μπράτσο στην αριστερή πλευρά για επιπλέον λειτουργικότητα</li>
</ul>"
285385,simple,0603304,5208067215251,"Γωνιακός καναπές Lykke",1,0,visible,,"<p>Αναβαθμίστε το σαλόνι σας με τον καναπέ Lykke, την ιδανική επιλογή για όσους αναζητούν το τέλειο μείγμα κομψότητας και άνεσης. Ο μοναδικός σχεδιασμός του με τις διακριτικές καμπύλες και τις κάθετες ραφές δημιουργεί μια εντυπωσιακή οπτική που θα τραβήξει τα βλέμματα στον χώρο σας.</p> <p>Επιλέξτε τον γωνιακό καναπέ Lykke για να δημιουργήσετε ένα σημείο αναφοράς στο καθιστικό σας, προσφέροντας στιγμές χαλάρωσης σε εσάς και τους καλεσμένους σας. Η επιλογή του γκρι υφάσματος προσδίδει διαχρονική αισθητική και άνεση, ενώ η εργονομική κατασκευή εξασφαλίζει την απόλυτη εμπειρία ξεκούρασης.</p>",,,taxable,,1,9,,0,0,82.5,89,280,,1,,,1099,"Σαλόνι & Καθιστικό",καναπές,,https://eboy.gr/app/uploads/sites/2/2026/05/kanapes-gonia-dexia-fb9332601r-gkri-yfas.webp,,,,,,,,,0,B2BMarkt,πλάτος,"280 εκ.",1,1,μήκος,"89 εκ.",1,1,,,,,B2BMarkt,76676,5208067215251,"2026-05-10 03:30:01",B2BMarkt,"<ul>
<li>Κατασκευή από ανθεκτικό σκελετό με στιβαρή δομή</li>
<li>Ύφασμα Γκρι υψηλής ποιότητας με κάθετες ραφές για μοναδική υφή</li>
<li>Βαθιά καθίσματα με γέμιση αφρού υψηλής πυκνότητας για μέγιστη άνεση</li>
<li>Σχεδιασμός με χαμηλά, σχεδόν αόρατα πόδια που προσφέρουν σταθερότητα και κομψότητα</li>
<li>Curved σχεδίαση που προσδίδει μοντέρνο και επιβλητικό χαρακτήρα</li>
<li>Επιφάνεια υφάσματος ανθεκτική στη φθορά και τον καθαρισμό</li>
</ul>"
285387,simple,0603305,5208067215282,"Καναπές γωνία Lykke",1,0,visible,,"<p>Αναβαθμίστε το σαλόνι σας με τον καναπέ γωνία Lykke - την επιτομή του σύγχρονου σχεδιασμού. Με εκρού ύφασμα που αποπνέει κομψότητα και ζεστασιά, αποτελεί την ιδανική επιλογή για όσους αναζητούν ένα έπιπλο που συνδυάζει αρμονικά στυλ και άνεση.</p> <p>Η μοναδική καμπύλη σχεδίαση και οι κάθετες ραφές δημιουργούν μια εντυπωσιακή οπτική αίσθηση, μετατρέποντας τον καναπέ σε το επίκεντρο του χώρου σας. Απολαύστε στιγμές χαλάρωσης με απαράμιλλη αισθητική και ποιότητα κατασκευής που διαρκεί στο χρόνο. Ο Lykke δεν είναι απλώς ένας καναπές - είναι η καρδιά του καθιστικού σας.</p>",,,taxable,,1,9,,0,0,82.5,89,280,,1,,,1099,"Σαλόνι & Καθιστικό",καναπές,,https://eboy.gr/app/uploads/sites/2/2026/05/kanapes-gonia-dexia-fb9332602r-ekroy-yfa.webp,,,,,,,,,0,B2BMarkt,πλάτος,"280 εκ.",1,1,μήκος,"89 εκ.",1,1,,,,,B2BMarkt,76682,5208067215282,"2026-05-10 03:30:41",B2BMarkt,"<ul>
<li>Κατασκευή από σκελετό με στιβαρή δομή</li>
<li>Ύφασμα ΕΚΡΟΥ υψηλής ποιότητας για την επένδυση</li>
<li>Γέμιση καθισμάτων με αφρό υψηλής πυκνότητας για ενισχυμένη υποστήριξη</li>
<li>Σχεδιασμός γωνίας με curved γραμμές και κάθετες ραφές</li>
<li>Χαμηλά, σχεδόν αόρατα πόδια στήριξης</li>
<li>Επιφάνεια ανθεκτική στη φθορά κατάλληλη για οικιακή χρήση</li>
</ul>"
285389,simple,0603349,5208067216180,"Καναπές γωνίας Lykke",1,0,visible,,"<!DOCTYPE html> <html lang=""el""> <head> <meta charset=""UTF-8""> <title>Γωνιακός Καναπές Lykke</title> </head> <body> <p>Ανακαλύψτε τον καναπέ γωνίας LYKKE, το απόλυτο σημείο χαλάρωσης για το σπίτι σας. Με την ιδιαίτερη σχεδιαστική του προσέγγιση και το εκλεπτυσμένο πράσινο ύφασμα, μεταμορφώνει κάθε χώρο σε καταφύγιο κομψότητας και άνεσης.</p> <p>Ο καναπές συνδυάζει αρμονικά τη μοντέρνα αισθητική με την πρακτικότητα, δημιουργώντας ένα κεντρικό σημείο αναφοράς στο σαλόνι σας. Η μοναδική του καμπύλη και οι διακριτικές ραφές προσφέρουν μια ξεχωριστή οπτική εμπειρία, ενώ η άνεση των υλικών εγγυάται ατελείωτες ώρες χαλάρωσης. Επιλέξτε τον Lykke για να αναβαθμίσετε το χώρο σας με στυλ και ποιότητα.</p> </body> </html>",,,taxable,,1,6,,0,0,82.5,89,280,,1,,,1099,"Σαλόνι & Καθιστικό",καναπές,,https://eboy.gr/app/uploads/sites/2/2026/05/kanapes-gonia-dexia-fb9332603r-prasino-y.webp,,,,,,,,,0,B2BMarkt,πλάτος,"280 εκ.",1,1,μήκος,"89 εκ.",1,1,,,,,B2BMarkt,76683,5208067216180,"2026-05-10 03:31:15",B2BMarkt,"<ul>
<li>Κατασκευή από ανθεκτικό ξύλινο σκελετό με ενισχυμένη δομή για αυξημένη σταθερότητα.</li>
<li>Εσωτερική γέμιση καθισμάτων με αφρό υψηλής πυκνότητας κατηγορίας premium για μέγιστη άνεση και αντοχή.</li>
<li>Επιφάνεια καλυμμένη με πράσινο ύφασμα υψηλής ποιότητας, ανθεκτικό στη φθορά και τον καθαρισμό.</li>
<li>Σχεδιασμός γωνίας με curved γραμμές και κάθετες ραφές που προσφέρουν μοναδική αισθητική υφή.</li>
<li>Χαμηλό προφίλ ποδιών με σχεδόν αόρατη βάση για minimal εμφάνιση και ευκολία στο καθάρισμα.</li>
</ul>"
285391,simple,0603350,5208067216210,"Γωνιακός καναπές Lykke",1,0,visible,,"<p>Αναβαθμίστε το σαλόνι σας με τον μοντέρνο γωνιακό καναπέ Lykke σε πράσινη απόχρωση. Δημιουργήστε ένα μοναδικό σημείο συνάντησης για χαλάρωση και διασκέδαση, συνδυάζοντας στυλ και άνεση. Ο μοναδικός σχεδιασμός του με τις κομψές καμπύλες και τις κάθετες ραφές ξεχωρίζει για την πρωτοτυπία του, μετατρέποντας τον χώρο σας σε ένα εντυπωσιακό σκηνικό.</p> <p>Επενδύστε σε ποιότητα και αισθητική με τον καναπέ Lykke. Η προσεγμένη κατασκευή και τα ποιοτικά υλικά εξασφαλίζουν μακροχρόνια χρήση και άνεση που διαρκεί. Ιδανικός για να φιλοξενήσει στιγμές χαλάρωσης με φίλους ή οικογενειακές συγκεντρώσεις, προσφέροντας έναν άνετο και κομψό χώρο για όλες τις ώρες της ημέρας.</p>",,,taxable,,1,5,,0,0,82.5,89,280,,1,,,1099,"Σαλόνι & Καθιστικό",καναπές,,https://eboy.gr/app/uploads/sites/2/2026/05/kanapes-gonia-aristeri-fb9332603l-prasin.webp,,,,,,,,,0,B2BMarkt,πλάτος,"280 εκ.",1,1,μήκος,"89 εκ.",1,1,,,,,B2BMarkt,76684,5208067216210,"2026-05-10 03:31:47",B2BMarkt,"<ul>
<li>Κατασκευή από σκελετό υψηλής αντοχής με ενισχυμένη στήριξη γωνιών</li>
<li>Επένδυση με πράσινο ύφασμα ανθεκτικό στη φθορά και τον καθαρισμό</li>
<li>Γέμιση καθισμάτων με αφρό υψηλής πυκνότητας για μέγιστη άνεση</li>
<li>Σχεδιασμός curved με κάθετες ραφές που προσδίδει μοναδική υφή στην επιφάνεια</li>
<li>Χαμηλά, σχεδόν αόρατα πόδια για minimal αισθητική και εύκολη μετακίνηση</li>
<li>Εσωτερικά μεταλλικά στοιχεία ενίσχυσης για αυξημένη σταθερότητα</li>
</ul>"
285393,simple,0603306,5208067215312,"Γωνιακός καναπές Lykke",1,0,visible,,"<!DOCTYPE html> <html lang=""el""> <head> <meta charset=""UTF-8""> <title>Γωνιακός Καναπές Lykke</title> </head> <body> <p>Ανακαλύψτε την απόλυτη άνεση και στυλ με τον γωνιακό καναπέ LYKKE. Η κομψή του σχεδίαση με τις ιδιαίτερες κάθετες ραφές δημιουργεί ένα μοναδικό οπτικό εφέ, μετατρέποντας τον σε κεντρικό σημείο αναφοράς κάθε σύγχρονου χώρου. Το κομψό γκρι ύφασμα προσδίδει κομψότητα και διαχρονική αισθητική στο καθιστικό σας.</p> <p>Επιλέξτε τον για την άνεση που προσφέρει στην καθημερινή χαλάρωση, ενώ η μοντέρνα του γραμμή ταιριάζει αρμονικά σε κάθε διακόσμηση. Ο καναπές LYKKE δεν είναι απλά ένα έπιπλο - είναι η ιδανική επιλογή για όσους αναζητούν το ιδανικό μείγμα αισθητικής και ποιότητας στον προσωπικό τους χώρο.</p> </body> </html>",,,taxable,,1,9,,0,0,82.5,89,280,,1,,,1099,"Σαλόνι & Καθιστικό",καναπές,,https://eboy.gr/app/uploads/sites/2/2026/05/kanapes-gonia-aristeri-fb9332601l-gkri-y.webp,,,,,,,,,0,B2BMarkt,πλάτος,"280 εκ.",1,1,μήκος,"89 εκ.",1,1,,,,,B2BMarkt,76685,5208067215312,"2026-05-10 03:32:17",B2BMarkt,"<ul>
<li>Κατασκευή από σκελετό υψηλής αντοχής με ενισχυμένη στήριξη γωνιών.</li>
<li>Κάλυμμα από γκρι ύφασμα ανθεκτικό στη φθορά και εύκολο στον καθαρισμό.</li>
<li>Γέμιση καθισμάτων με αφρό πολυουρεθάνης υψηλής πυκνότητας για μέγιστη άνεση.</li>
<li>Σχεδιασμός με curved γραμμές και κάθετες ραφές που προσδίδουν οπτική κομψότητα.</li>
<li>Χαμηλό προφίλ ποδιών (near invisible) για minimal αισθητική χωρίς να θυσιάζεται η σταθερότητα.</li>
</ul>"
285395,simple,0603307,5208067215343,"Γωνιακός καναπές Lykke",1,0,visible,,"<p>Εμπνευστείτε από την κομψότητα του γωνιακού καναπέ LYKKE σε εκρού τόνο. Ένας χώρος χαλάρωσης που συνδυάζει αρμονικά το minimal design με τον εντυπωσιακό όγκο, μετατρέποντας κάθε στιγμή σε μοναδική εμπειρία. Ο ιδιαίτερος σχεδιασμός με τις διακριτικές κάθετες ραφές δημιουργεί μια οπτικά συναρπαστική υφή, καθιστώντας τον το επίκεντρο κάθε σύγχρονου σπιτιού.</p> <p>Επιλέξτε την ποιότητα και τη διαχρονική αισθητική του LYKKE για το σαλόνι σας. Απολαύστε άνεση και στυλ που αναβαθμίζει τον χώρο σας, δημιουργώντας αναμνήσεις σε ένα περιβάλλον υψηλής αισθητικής και απόλυτης χαλάρωσης.</p>",,,taxable,,1,9,,0,0,82.5,89,280,,1,,,1099,"Σαλόνι & Καθιστικό",καναπές,,https://eboy.gr/app/uploads/sites/2/2026/05/kanapes-gonia-aristeri-fb9332602l-ekroy-.webp,,,,,,,,,0,B2BMarkt,πλάτος,"280 εκ.",1,1,μήκος,"89 εκ.",1,1,,,,,B2BMarkt,76686,5208067215343,"2026-05-10 03:32:47",B2BMarkt,"<ul>
<li>Κατασκευή από ανθεκτικό σκελετό με έμφαση στη στιβαρότητα</li>
<li>Ύφασμα εκρού υψηλής ποιότητας για αντοχή και εύκολη συντήρηση</li>
<li>Curved σχεδιασμός με κάθετες ραφές για μοναδική αισθητική υφή</li>
<li>Βαθιά καθίσματα με γέμιση αφρού υψηλής πυκνότητας για μέγιστη άνεση</li>
<li>Σχεδιασμός χαμηλού προφίλ με σχεδόν αόρατα πόδια για minimal εμφάνιση</li>
</ul>"
285397,simple,0603317,5208067215466,"Καναπές Norika",1,0,visible,,"<p>Αναβαθμίστε το σαλόνι σας με τον καναπέ NORIKA, την ιδανική επιλογή για όσους αναζητούν κομψότητα και άνεση στον προσωπικό τους χώρο. Ο μοντέρνος σχεδιασμός του, με τις διακριτικές κάθετες ραφές και τα επιβλητικά μπράτσα, προσδίδει μια κλασική αίσθηση πολυτέλειας.</p> <p>Κατασκευασμένος από ανθεκτικό ξύλο ευκαλύπτου που εξασφαλίζει σταθερότητα και μακροζωία, συνδυάζεται άψογα με το ποιοτικό ανάγλυφο γκρι ύφασμα. Η απαλή υφή του προσφέρει μοναδική άνεση, ενώ η απόχρωση ταιριάζει αρμονικά σε κάθε διακόσμηση. Ο NORIKA δεν είναι απλώς ένας καναπές - είναι η καρδιά του χώρου σας, προσφέροντας στιγμές χαλάρωσης και φιλοξενίας.</p>",,,taxable,,1,5,,0,0,54,91,172,72,1,,,579,"Σαλόνι & Καθιστικό",καναπές,,https://eboy.gr/app/uploads/sites/2/2026/05/kanapes-2-thesios-fb9333201-gkri-yfasma-.webp,,,,,,,,,0,B2BMarkt,ύψος,"72 εκ.",1,1,πλάτος,"172 εκ.",1,1,μήκος,"91 εκ.",1,1,B2BMarkt,76688,5208067215466,"2026-05-10 03:33:17",B2BMarkt,"<ul>
<li>Κατασκευή από σκελετό ξύλου ευκαλύπτου για αυξημένη αντοχή και σταθερότητα</li>
<li>Επένδυση με ανάγλυφο γκρι ύφασμα υψηλής ποιότητας για μοντέρνο φινίρισμα</li>
<li>Σχεδιασμός με κάθετες ραφές και ψηλά φαρδιά μπράτσα για εργονομική άνεση</li>
<li>Περιλαμβάνει δύο διακοσμητικά μαξιλάρια για επιπλέον υποστήριξη και αισθητική</li>
<li>Εύκολος καθαρισμός επιφάνειας με ηλεκτρική σκούπα</li>
</ul>"
285399,simple,0603319,5208067215480,"Καναπές Norika",1,0,visible,,"<!DOCTYPE html> <html lang=""el""> <head><meta charset=""UTF-8""></head> <body> <p>Ανακαλύψτε τον καναπέ NORIKA - την ιδανική επιλογή για το σαλόνι σας! Με κομψό σχεδιασμό που συνδυάζει αρμονικά λειτουργικότητα και αισθητική, ο καναπές αυτός μεταμορφώνει κάθε χώρο σε σημείο χαλάρωσης και στυλ. Η εκρού απόχρωση με τις διακριτικές ανάγλυφες λεπτομέρειες προσθέτει μια νότα πολυτέλειας στο καθιστικό σας, δημιουργώντας ένα ζεστό και φιλόξενο περιβάλλον.</p> <p>Η ποιοτική κατασκευή από ξύλο ευκαλύπτου εξασφαλίζει ανθεκτικότητα και μακροχρόνια χρήση, ενώ η άνετη σχεδίαση με τα φαρδιά μπράτσα προσκαλεί σε ατελείωτες ώρες χαλάρωσης. Επιλέξτε τον καναπέ NORIKA και μεταμορφώστε το χώρο σας σε έναν προσωπικό παράδεισο ηρεμίας και κομψότητας.</p> </body> </html>",,,taxable,,1,5,,0,0,54,91,172,72,1,,,579,"Σαλόνι & Καθιστικό",καναπές,,https://eboy.gr/app/uploads/sites/2/2026/05/kanapes-2-thesios-fb9333202-ekroy-yfasma.webp,,,,,,,,,0,B2BMarkt,ύψος,"72 εκ.",1,1,πλάτος,"172 εκ.",1,1,μήκος,"91 εκ.",1,1,B2BMarkt,76689,5208067215480,"2026-05-10 03:33:52",B2BMarkt,"<ul>
<li>Κατασκευή από σκελετό ξύλου ευκαλύπτου για αυξημένη σταθερότητα και αντοχή.</li>
<li>Επενδυμένος με ανάγλυφο ύφασμα υψηλής ποιότητας σε εκρού απόχρωση, ανθεκτικό στη φθορά.</li>
<li>Σχεδιασμός με κάθετες ραφές και ψηλά μπράτσα για εργονομική άνεση και αισθητική ισορροπία.</li>
<li>Διαθέτει δύο διακοσμητικά μαξιλάρια για επιπλέον άνεση και διακοσμητική ενίσχυση.</li>
<li>Εύκολος καθαρισμός με ηλεκτρική σκούπα, κατάλληλη συντήρηση επιφάνειας υφάσματος.</li>
</ul>"
285401,simple,0603316,5208067215459,"Καναπές Norika",1,0,visible,,"<p>Αναβαθμίστε την αισθητική του χώρου σας με τον καναπέ NORIKA, μια κομψή και πολυλειτουργική προσθήκη στο καθιστικό σας. Ο μοντέρνος σχεδιασμός με τις εντυπωσιακές κάθετες ραφές και τα άνετα μπράτσα προσφέρει όχι μόνο στυλ αλλά και πρακτική άνεση για ατελείωτες ώρες χαλάρωσης.</p> <p>Κατασκευασμένος από ανθεκτικό ξύλο ευκαλύπτου και επενδυμένος με υψηλής ποιότητας ανάγλυφο ύφασμα σε εκλεπτυσμένη γκρι απόχρωση, συνδυάζει την αξιοπιστία με τη μοντέρνα αισθητική. Η επιλογή του ταιριάζει αρμονικά σε κάθε διακόσμηση, δημιουργώντας ένα ζεστό περιβάλλον που εντυπωσιάζει. Επενδύστε σε έναν καναπέ που δεν προσφέρει απλώς φιλοξενία, αλλά μεταμορφώνει τον χώρο σας σε σημείο αναφοράς του σπιτιού.</p>",,,taxable,,1,10,,0,0,65,91,228,72,1,,,749,"Σαλόνι & Καθιστικό",καναπές,,https://eboy.gr/app/uploads/sites/2/2026/05/kanapes-3-thesios-fb9333101-gkri-yfasma-.webp,,,,,,,,,0,B2BMarkt,ύψος,"72 εκ.",1,1,πλάτος,"228 εκ.",1,1,μήκος,"91 εκ.",1,1,B2BMarkt,76690,5208067215459,"2026-05-10 03:34:26",B2BMarkt,"<ul>
<li>Κατασκευή από ξύλο ευκαλύπτου για αντοχή και σταθερότητα.</li>
<li>Επένδυση με ανάγλυφο ύφασμα υψηλής ποιότητας σε γκρι απόχρωση.</li>
<li>Σχεδιασμός με κάθετες ραφές και ψηλά μπράτσα για εργονομία και αισθητική.</li>
<li>Διαθέτει δύο διακοσμητικά μαξιλάρια για επιπλέον άνεση και διακόσμηση.</li>
<li>Εύκολος καθαρισμός με ηλεκτρική σκούπα.</li>
</ul>"
285403,simple,0603318,5208067215473,"Καναπές Norika",1,0,visible,,"<p>Αναβαθμίστε το σαλόνι σας με τον καναπέ NORIKA, την ιδανική επιλογή για όσους αναζητούν αρμονία μεταξύ κομψότητας και άνεσης. Με την εκλεπτυσμένη του σχεδίαση που αναδεικνύει τις κάθετες ραφές και τα εντυπωσιακά μπράτσα, ο καναπές αυτός μεταμορφώνει τον χώρο σε ένα μοντέρνο καταφύγιο. Η προσεκτικά επιλεγμένη ΕΚΡΟΥ απόχρωση προσδίδει ζεστασιά και φωτεινότητα στο δωμάτιο, ενώ το υψηλής ποιότητας ύφασμα εξασφαλίζει άνεση και ανθεκτικότητα με την πάροδο του χρόνου.</p> <p>Αγκαλιάστε μια πολυτελή εμπειρία χαλάρωσης, συνδυάζοντας λειτουργικότητα και αισθητική σε ένα κομψό σύνολο. Ο καναπές NORIKA δεν είναι απλώς έπιπλο - είναι η καρδιά του σύγχρονου καθιστικού σας.</p>",,,taxable,,1,9,,0,0,65,91,228,72,1,,,749,"Σαλόνι & Καθιστικό",καναπές,,https://eboy.gr/app/uploads/sites/2/2026/05/kanapes-3-thesios-fb9333102-ekroy-yfasma.webp,,,,,,,,,0,B2BMarkt,ύψος,"72 εκ.",1,1,πλάτος,"228 εκ.",1,1,μήκος,"91 εκ.",1,1,B2BMarkt,76691,5208067215473,"2026-05-10 03:35:00",B2BMarkt,"<ul>
<li>Κατασκευή από ξύλο ευκαλύπτου για αυξημένη σταθερότητα και αντοχή</li>
<li>Επένδυση με ανάγλυφο ύφασμα υψηλής ποιότητας σε εκρού απόχρωση</li>
<li>Σχεδιασμός με κάθετες ραφές και ψηλά φαρδιά μπράτσα για εργονομία</li>
<li>Ανθεκτικό στη χρήση, κατάλληλο για καθημερινή οικιακή χρήση</li>
<li>Εύκολος καθαρισμός με ηλεκτρική σκούπα</li>
<li>Διαθέτει 2 διακοσμητικά μαξιλάρια για πρόσθετη άνεση</li>
</ul>"
